"","sppocean","period","zone","npres","sumwtcpue","totalpres","totalwtcpue","proppres","propwtcpue","metgoal"
"1","alosa aestivalis_Atl","2006-2020",2,39,512416.534180889,327,5220436.65761298,0.119266055045872,0.0981558761820489,TRUE
"2","alosa aestivalis_Atl","2021-2040",2,43,606487.929089573,355,6343269.67809359,0.12112676056338,0.0956112478055397,TRUE
"3","alosa aestivalis_Atl","2041-2060",2,41,586865.7476902,351,6460784.57180288,0.116809116809117,0.090835058988267,TRUE
"4","alosa aestivalis_Atl","2061-2080",2,38,452255.254910368,343,5082665.12963247,0.110787172011662,0.0889799432730031,TRUE
"5","alosa aestivalis_Atl","2081-2100",2,33,313214.791144632,295,3494003.69568797,0.111864406779661,0.0896435202776623,TRUE
"6","alosa pseudoharengus_Atl","2006-2020",2,51,3762411419.59773,465,34908710597.0564,0.109677419354839,0.107778584635406,TRUE
"7","alosa pseudoharengus_Atl","2021-2040",2,52,3982600451.3442,470,37518832821.2174,0.11063829787234,0.106149369579855,TRUE
"8","alosa pseudoharengus_Atl","2041-2060",2,52,3641705868.77156,478,35406515286.3632,0.108786610878661,0.102854117083196,TRUE
"9","alosa pseudoharengus_Atl","2061-2080",2,52,2837101391.33904,479,27635619400.3027,0.108559498956159,0.102661038648837,TRUE
"10","alosa pseudoharengus_Atl","2081-2100",2,51,2096860933.09616,468,20216977922.886,0.108974358974359,0.103717822767292,TRUE
"11","alosa sapidissima_Atl","2006-2020",2,38,4370120.90667086,297,40117813.1071974,0.127946127946128,0.108932181696784,TRUE
"12","alosa sapidissima_Atl","2021-2040",2,42,5503351.1237269,363,53236721.5751454,0.115702479338843,0.103375094500489,TRUE
"13","alosa sapidissima_Atl","2041-2060",2,47,6734885.6471791,396,67753591.465618,0.118686868686869,0.0994026368417203,TRUE
"14","alosa sapidissima_Atl","2061-2080",2,49,6861788.30151794,431,71084639.7523903,0.11368909512761,0.0965298315560107,TRUE
"15","alosa sapidissima_Atl","2081-2100",2,46,5477583.07213455,423,58483101.303839,0.108747044917258,0.0936609541904541,TRUE
"16","amblyraja radiata_Atl","2006-2020",2,45,128.965280954025,424,1225.7880206162,0.106132075471698,0.105210100592429,TRUE
"17","amblyraja radiata_Atl","2021-2040",2,45,132.345953189366,414,1246.35955826394,0.108695652173913,0.106186013748482,TRUE
"18","amblyraja radiata_Atl","2041-2060",2,41,130.091249074099,388,1256.25395870509,0.105670103092784,0.103554896820538,TRUE
"19","amblyraja radiata_Atl","2061-2080",2,36,120.610235478229,352,1194.78748590426,0.102272727272727,0.100947019366332,TRUE
"20","amblyraja radiata_Atl","2081-2100",2,31,103.903938262246,308,1041.4363020756,0.100649350649351,0.0997698448336818,TRUE
"21","anarhichas lupus_Atl","2006-2020",2,42,50.2117796743299,415,491.195274255394,0.101204819277108,0.102223661965084,TRUE
"22","anarhichas lupus_Atl","2021-2040",2,41,47.888190815902,404,470.034463797477,0.101485148514851,0.101882296946922,TRUE
"23","anarhichas lupus_Atl","2041-2060",2,36,38.8686328394961,359,384.502799815169,0.100278551532033,0.101088035921144,TRUE
"24","anarhichas lupus_Atl","2061-2080",2,31,29.5435510328654,294,285.541243239471,0.105442176870748,0.103465092109613,TRUE
"25","anarhichas lupus_Atl","2081-2100",2,26,20.8852761654904,230,194.875222786041,0.11304347826087,0.107172558249854,TRUE
"26","argentina silus_Atl","2006-2020",2,15,293594.624140357,103,2100185.52850715,0.145631067961165,0.139794613454483,TRUE
"27","argentina silus_Atl","2021-2040",2,12,149867.373565693,86,1139361.98093453,0.13953488372093,0.131536224723566,TRUE
"28","argentina silus_Atl","2041-2060",2,10,170819.851967377,84,928293.667727058,0.119047619047619,0.184014884412206,TRUE
"29","argentina silus_Atl","2061-2080",2,8,127224.671947825,74,612545.450653884,0.108108108108108,0.207698337832751,TRUE
"30","argentina silus_Atl","2081-2100",2,9,80701.0363843352,70,371411.750296352,0.128571428571429,0.217281861222601,TRUE
"31","aspidophoroides monopterygius_Atl","2006-2020",2,14,81.7223609142538,140,729.808462808877,0.1,0.111977820317021,TRUE
"32","aspidophoroides monopterygius_Atl","2021-2040",2,14,78.2849163742898,122,627.393052357124,0.114754098360656,0.124778105336316,TRUE
"33","aspidophoroides monopterygius_Atl","2041-2060",2,7,35.5516269251737,52,230.646598367392,0.134615384615385,0.154138960543196,TRUE
"34","aspidophoroides monopterygius_Atl","2061-2080",2,3,11.8472260819859,7,26.5915032370913,0.428571428571429,0.445526752525246,TRUE
"35","aspidophoroides monopterygius_Atl","2081-2100",2,0,0,0,0,1,1,TRUE
"36","bathypolypus arcticus_Atl","2006-2020",2,49,1.90851433385561,457,16.2492115594225,0.107221006564551,0.117452734668158,TRUE
"37","bathypolypus arcticus_Atl","2021-2040",2,53,2.27963971090629,472,19.6593863578674,0.11228813559322,0.115956809099182,TRUE
"38","bathypolypus arcticus_Atl","2041-2060",2,51,2.6781478521747,469,24.312741935303,0.108742004264392,0.110154085429827,TRUE
"39","bathypolypus arcticus_Atl","2061-2080",2,47,2.58620434745205,466,24.3771533415958,0.100858369098712,0.106091318834964,TRUE
"40","bathypolypus arcticus_Atl","2081-2100",2,47,2.01268283384989,452,18.744264335658,0.103982300884956,0.107375930994586,TRUE
"41","bathyraja spinicauda_Atl","2006-2020",2,5,0.211980523618189,33,0.99319024961526,0.151515151515152,0.213433955579312,TRUE
"42","bathyraja spinicauda_Atl","2021-2040",2,5,0.190481698050178,31,0.878571990215721,0.161290322580645,0.216808298206056,TRUE
"43","bathyraja spinicauda_Atl","2041-2060",2,3,0.0745402373090666,9,0.201817748472254,0.333333333333333,0.369344311257711,TRUE
"44","bathyraja spinicauda_Atl","2061-2080",2,0,0,0,0,1,1,TRUE
"45","bathyraja spinicauda_Atl","2081-2100",2,0,0,0,0,1,1,TRUE
"46","brosme brosme_Atl","2006-2020",2,48,1764430085.0027,427,14420332137.9291,0.112412177985948,0.122357104408282,TRUE
"47","brosme brosme_Atl","2021-2040",2,49,1899149671.511,442,14856700116.4567,0.110859728506787,0.127831191087133,TRUE
"48","brosme brosme_Atl","2041-2060",2,47,1774972515.04023,447,14164437826.7766,0.105145413870246,0.125311892836637,TRUE
"49","brosme brosme_Atl","2061-2080",2,45,1298401635.95917,428,10517292119.1129,0.105140186915888,0.123453986183346,TRUE
"50","brosme brosme_Atl","2081-2100",2,39,806631789.985583,371,6377747988.60057,0.105121293800539,0.126475958508762,TRUE
"51","cancer borealis_Atl","2006-2020",2,46,387651.142611577,408,3276608.94271707,0.112745098039216,0.11830863840899,TRUE
"52","cancer borealis_Atl","2021-2040",2,49,391532.030471289,431,3272047.37074287,0.11368909512761,0.119659646120098,TRUE
"53","cancer borealis_Atl","2041-2060",2,52,377247.13732317,444,3056306.60548559,0.117117117117117,0.123432360040734,TRUE
"54","cancer borealis_Atl","2061-2080",2,52,299498.669353665,451,2342519.09424682,0.11529933481153,0.127853245717069,TRUE
"55","cancer borealis_Atl","2081-2100",2,50,216604.490357125,438,1643263.47393875,0.114155251141553,0.131813609802903,TRUE
"56","cancer irroratus_Atl","2006-2020",2,34,45710.3684289259,273,458256.283810801,0.124542124542125,0.099748481458463,TRUE
"57","cancer irroratus_Atl","2021-2040",2,32,28625.9176263363,261,296336.108537564,0.122605363984674,0.0965994922711472,TRUE
"58","cancer irroratus_Atl","2041-2060",2,30,25234.9062396803,247,253308.289536693,0.121457489878543,0.0996213202727616,TRUE
"59","cancer irroratus_Atl","2061-2080",2,20,12458.1679837279,195,132516.927100756,0.102564102564103,0.0940118991308606,TRUE
"60","cancer irroratus_Atl","2081-2100",2,20,9430.26982295387,181,96741.2013875421,0.110497237569061,0.0974793540673174,TRUE
"61","centropristis striata_Atl","2006-2020",2,8,2182.36829953394,75,26480.2033051924,0.106666666666667,0.082415088524113,TRUE
"62","centropristis striata_Atl","2021-2040",2,9,4142.43668581074,89,44285.4344772374,0.101123595505618,0.0935394839118026,TRUE
"63","centropristis striata_Atl","2041-2060",2,13,8245.6420867899,135,84406.0940179179,0.0962962962962963,0.0976901275047688,FALSE
"64","centropristis striata_Atl","2061-2080",2,21,14838.0583701704,211,143672.966906916,0.0995260663507109,0.10327661974005,FALSE
"65","centropristis striata_Atl","2081-2100",2,36,28374.5584584062,320,265674.433525115,0.1125,0.106801991000477,TRUE
"66","chiasmodon niger_Atl","2006-2020",2,31,5.1960786980184e-16,303,4.07719247836048e-15,0.102310231023102,0.127442565579044,TRUE
"67","chiasmodon niger_Atl","2021-2040",2,24,3.67209809387965e-16,224,2.91093566574761e-15,0.107142857142857,0.126148376863442,TRUE
"68","chiasmodon niger_Atl","2041-2060",2,19,2.6251620877553e-16,156,2.01158550729042e-15,0.121794871794872,0.130502137654161,TRUE
"69","chiasmodon niger_Atl","2061-2080",2,14,1.7587880939866e-16,106,1.44003946840764e-15,0.132075471698113,0.122134714538861,TRUE
"70","chiasmodon niger_Atl","2081-2100",2,11,1.46215155593887e-16,86,1.31569698430687e-15,0.127906976744186,0.111131329886657,TRUE
"71","chionoecetes opilio_Atl","2006-2020",2,6,39.3624110596633,41,243.786932926246,0.146341463414634,0.161462349877349,TRUE
"72","chionoecetes opilio_Atl","2021-2040",2,4,26.3375076192698,27,158.292159537983,0.148148148148148,0.166385421085559,TRUE
"73","chionoecetes opilio_Atl","2041-2060",2,0,0,1,5.05955408334402,0,0,FALSE
"74","chionoecetes opilio_Atl","2061-2080",2,0,0,0,0,1,1,TRUE
"75","chionoecetes opilio_Atl","2081-2100",2,0,0,0,0,1,1,TRUE
"76","citharichthys arctifrons_Atl","2006-2020",2,14,63.0826543467454,112,589.828736955419,0.125,0.106950798417123,TRUE
"77","citharichthys arctifrons_Atl","2021-2040",2,17,72.3502257061616,143,736.599696832388,0.118881118881119,0.0982219053541435,TRUE
"78","citharichthys arctifrons_Atl","2041-2060",2,19,79.9280208693052,169,884.782335072616,0.112426035502959,0.0903363660201752,TRUE
"79","citharichthys arctifrons_Atl","2061-2080",2,23,86.3288920494775,196,963.044381509265,0.11734693877551,0.0896416548468768,TRUE
"80","citharichthys arctifrons_Atl","2081-2100",2,25,85.0370203774788,210,935.719770521979,0.119047619047619,0.0908787257215289,TRUE
"81","clupea harengus_Atl","2006-2020",2,51,172914.240243769,477,1662701.69185882,0.106918238993711,0.103995948936853,TRUE
"82","clupea harengus_Atl","2006-2020",3,242,855561.399433076,477,1662701.69185882,0.507337526205451,0.514560972435531,TRUE
"83","clupea harengus_Atl","2021-2040",2,49,158331.760337636,467,1534987.82947924,0.104925053533191,0.10314854443592,TRUE
"84","clupea harengus_Atl","2021-2040",3,237,786525.229225933,467,1534987.82947924,0.507494646680942,0.512398348782198,TRUE
"85","clupea harengus_Atl","2041-2060",2,47,141035.035084391,459,1381514.48992724,0.10239651416122,0.102087264457008,TRUE
"86","clupea harengus_Atl","2041-2060",3,234,706578.260529177,459,1381514.48992724,0.509803921568627,0.511451936031732,TRUE
"87","clupea harengus_Atl","2061-2080",2,47,123983.310974728,456,1217443.90018407,0.103070175438596,0.10183903418957,TRUE
"88","clupea harengus_Atl","2061-2080",3,231,617271.384016208,456,1217443.90018407,0.506578947368421,0.507022445899054,TRUE
"89","clupea harengus_Atl","2081-2100",2,45,110131.911559854,445,1098527.37805408,0.101123595505618,0.100254134544139,TRUE
"90","clupea harengus_Atl","2081-2100",3,227,553812.242832561,445,1098527.37805408,0.510112359550562,0.504140592120317,TRUE
"91","cyclopterus lumpus_Atl","2006-2020",2,24,13428720.179712,217,110048464.016261,0.110599078341014,0.122025512120985,TRUE
"92","cyclopterus lumpus_Atl","2021-2040",2,18,9207867.42800877,167,76085531.282156,0.107784431137725,0.121019953108591,TRUE
"93","cyclopterus lumpus_Atl","2041-2060",2,14,5560220.06865439,117,44443598.1550116,0.11965811965812,0.125107333777551,TRUE
"94","cyclopterus lumpus_Atl","2061-2080",2,5,1538772.48965776,30,9899288.15443732,0.166666666666667,0.155442741503388,TRUE
"95","cyclopterus lumpus_Atl","2081-2100",2,1,216477.454747917,6,1357912.61554494,0.166666666666667,0.159419282411661,TRUE
"96","dichelopandalus leptocerus_Atl","2006-2020",2,50,0.00717566669018059,491,0.0651365790385527,0.10183299389002,0.110163395070741,TRUE
"97","dichelopandalus leptocerus_Atl","2021-2040",2,53,0.00814179303487088,511,0.0731578496893043,0.103718199608611,0.111290764688252,TRUE
"98","dichelopandalus leptocerus_Atl","2041-2060",2,54,0.0107103590775086,531,0.0975172111323806,0.101694915254237,0.109830448934488,TRUE
"99","dichelopandalus leptocerus_Atl","2061-2080",2,55,0.0141532094955775,538,0.130766653284862,0.102230483271375,0.108232558837046,TRUE
"100","dichelopandalus leptocerus_Atl","2081-2100",2,55,0.0176685107806366,535,0.165892477015621,0.102803738317757,0.106505798807096,TRUE
"101","dipturus laevis_Atl","2006-2020",2,22,157289.860876734,213,1358924.39281107,0.103286384976526,0.11574585143134,TRUE
"102","dipturus laevis_Atl","2021-2040",2,29,193935.626323601,247,1732799.60875612,0.117408906882591,0.111920400572353,TRUE
"103","dipturus laevis_Atl","2041-2060",2,39,248210.495031423,350,2334770.70863293,0.111428571428571,0.10631043730061,TRUE
"104","dipturus laevis_Atl","2061-2080",2,47,301619.002075622,411,2987584.5106172,0.114355231143552,0.100957479530282,TRUE
"105","dipturus laevis_Atl","2081-2100",2,51,319167.269453302,461,3325587.72475607,0.110629067245119,0.0959731920698957,TRUE
"106","enchelyopus cimbrius_Atl","2006-2020",2,53,5.67211354389982,489,51.593307216255,0.10838445807771,0.109938940725877,TRUE
"107","enchelyopus cimbrius_Atl","2021-2040",2,49,5.03518737072693,481,47.1488081808797,0.101871101871102,0.106793523844975,TRUE
"108","enchelyopus cimbrius_Atl","2041-2060",2,48,4.65230637970034,467,43.7263985127687,0.102783725910064,0.106395828102372,TRUE
"109","enchelyopus cimbrius_Atl","2061-2080",2,47,4.11960638437781,445,38.6382109129815,0.10561797752809,0.106620008717684,TRUE
"110","enchelyopus cimbrius_Atl","2081-2100",2,44,3.56256438316121,406,33.5587268556556,0.108374384236453,0.106159104261753,TRUE
"111","gadus morhua_Atl","2006-2020",2,49,5786.53734510736,482,56065.9049737465,0.101659751037344,0.103209559318038,TRUE
"112","gadus morhua_Atl","2006-2020",3,246,28319.3209963398,482,56065.9049737465,0.510373443983402,0.505107712246876,TRUE
"113","gadus morhua_Atl","2021-2040",2,49,5632.15058113926,473,54051.4503566335,0.103594080338266,0.104199804889196,TRUE
"114","gadus morhua_Atl","2021-2040",3,243,27376.4920230297,473,54051.4503566335,0.513742071881607,0.506489499215998,TRUE
"115","gadus morhua_Atl","2041-2060",2,49,5209.44303178146,467,49532.8915560423,0.104925053533191,0.105171389517759,TRUE
"116","gadus morhua_Atl","2041-2060",3,240,25052.3277499366,467,49532.8915560423,0.513918629550321,0.505771558310745,TRUE
"117","gadus morhua_Atl","2061-2080",2,46,4566.13708470238,434,43182.5050964293,0.105990783410138,0.105740439895877,TRUE
"118","gadus morhua_Atl","2061-2080",3,220,21625.0023277298,434,43182.5050964293,0.506912442396313,0.500781561408718,TRUE
"119","gadus morhua_Atl","2081-2100",2,40,3798.14899916673,394,37207.9194427638,0.101522842639594,0.102079048117951,TRUE
"120","gadus morhua_Atl","2081-2100",3,200,18584.3004376423,394,37207.9194427638,0.50761421319797,0.499471637112904,TRUE
"121","glyptocephalus cynoglossus_Atl","2006-2020",2,54,6446.23453498911,492,59363.4050585305,0.109756097560976,0.108589366270909,TRUE
"122","glyptocephalus cynoglossus_Atl","2021-2040",2,50,6275.23232820869,477,58514.9067014074,0.10482180293501,0.10724160187472,TRUE
"123","glyptocephalus cynoglossus_Atl","2041-2060",2,46,6011.55822544366,458,56686.4152944734,0.100436681222707,0.106049362871421,TRUE
"124","glyptocephalus cynoglossus_Atl","2061-2080",2,45,5471.43451944367,437,51374.0773317791,0.102974828375286,0.106501854702102,TRUE
"125","glyptocephalus cynoglossus_Atl","2081-2100",2,40,4480.6975224103,379,41970.1659163414,0.105540897097625,0.10675910910959,TRUE
"126","helicolenus dactylopterus_Atl","2006-2020",2,8,16182630.8212996,68,129984273.376008,0.117647058823529,0.124496836432572,TRUE
"127","helicolenus dactylopterus_Atl","2021-2040",2,10,13878341.1109243,79,125449466.949167,0.126582278481013,0.11062893648283,TRUE
"128","helicolenus dactylopterus_Atl","2041-2060",2,13,11561092.7251632,88,110877209.899018,0.147727272727273,0.104269333036902,TRUE
"129","helicolenus dactylopterus_Atl","2061-2080",2,16,13438456.0261933,127,101531111.804904,0.125984251968504,0.132358011128804,TRUE
"130","helicolenus dactylopterus_Atl","2081-2100",2,13,14071797.2436395,118,78964145.0833827,0.110169491525424,0.178204895763518,TRUE
"131","hemitripterus americanus_Atl","2006-2020",2,55,469.853316230139,516,4413.26892781246,0.106589147286822,0.106463785442378,TRUE
"132","hemitripterus americanus_Atl","2021-2040",2,55,456.958475446154,515,4291.32683194147,0.106796116504854,0.106484193197519,TRUE
"133","hemitripterus americanus_Atl","2041-2060",2,54,417.353636565317,509,3912.86752766925,0.106090373280943,0.106661836521187,TRUE
"134","hemitripterus americanus_Atl","2061-2080",2,54,371.01143206221,503,3456.86617195398,0.107355864811133,0.107325945988964,TRUE
"135","hemitripterus americanus_Atl","2081-2100",2,52,328.015685049781,492,3079.07937606695,0.105691056910569,0.10653044140381,TRUE
"136","hippoglossina oblonga_Atl","2006-2020",2,55,0.985997414734072,524,8.71116944855638,0.104961832061069,0.113187720725312,TRUE
"137","hippoglossina oblonga_Atl","2021-2040",2,55,0.936347555591558,523,8.32683926164787,0.105162523900574,0.112449337157765,TRUE
"138","hippoglossina oblonga_Atl","2041-2060",2,55,0.796828349801636,520,7.04164803729689,0.105769230769231,0.1131593549665,TRUE
"139","hippoglossina oblonga_Atl","2061-2080",2,55,0.585102076018403,515,5.06944573880745,0.106796116504854,0.115417366348228,TRUE
"140","hippoglossina oblonga_Atl","2081-2100",2,55,0.431154297212544,512,3.76166590294889,0.107421875,0.11461791353521,TRUE
"141","hippoglossus hippoglossus_Atl","2006-2020",2,55,92.2591860265999,518,823.860477361432,0.106177606177606,0.111983993117472,TRUE
"142","hippoglossus hippoglossus_Atl","2021-2040",2,55,84.5413842797627,513,753.351574354115,0.107212475633528,0.112220359202467,TRUE
"143","hippoglossus hippoglossus_Atl","2041-2060",2,53,73.1776869260802,501,658.863044185019,0.105788423153693,0.111066613269526,TRUE
"144","hippoglossus hippoglossus_Atl","2061-2080",2,49,58.0321395178808,477,531.368748706845,0.10272536687631,0.109212556551565,TRUE
"145","hippoglossus hippoglossus_Atl","2081-2100",2,45,45.6197488822186,441,422.262795153379,0.102040816326531,0.108036392042657,TRUE
"146","homarus americanus_Atl","2006-2020",2,44,657015088.373575,407,5626346096.57174,0.108108108108108,0.116774737475519,TRUE
"147","homarus americanus_Atl","2006-2020",3,212,3215302338.67484,407,5626346096.57174,0.520884520884521,0.571472547811091,TRUE
"148","homarus americanus_Atl","2021-2040",2,47,798727810.508605,435,7007684810.55833,0.108045977011494,0.11397884352692,TRUE
"149","homarus americanus_Atl","2021-2040",3,229,3990643210.66534,435,7007684810.55833,0.526436781609195,0.569466709554734,TRUE
"150","homarus americanus_Atl","2041-2060",2,51,939052367.829376,471,8494798372.11734,0.10828025477707,0.110544397488191,TRUE
"151","homarus americanus_Atl","2041-2060",3,243,4764619002.31724,471,8494798372.11734,0.515923566878981,0.560886650112409,TRUE
"152","homarus americanus_Atl","2061-2080",2,54,963155293.274319,494,8896445285.02112,0.109311740890688,0.108262936759244,TRUE
"153","homarus americanus_Atl","2061-2080",3,252,4907813010.16944,494,8896445285.02112,0.510121457489879,0.551660000475998,TRUE
"154","homarus americanus_Atl","2081-2100",2,55,840609553.998581,496,7899299662.87591,0.110887096774194,0.106415706439036,TRUE
"155","homarus americanus_Atl","2081-2100",3,253,4359696574.94339,496,7899299662.87591,0.51008064516129,0.551909252845859,TRUE
"156","illex illecebrosus_Atl","2006-2020",2,21,89606.251619848,187,801040.502617571,0.112299465240642,0.111862323224656,TRUE
"157","illex illecebrosus_Atl","2021-2040",2,27,113643.948061343,233,973926.030353466,0.11587982832618,0.116686426401499,TRUE
"158","illex illecebrosus_Atl","2041-2060",2,40,163878.760355101,371,1415483.8510094,0.107816711590297,0.115775789485862,TRUE
"159","illex illecebrosus_Atl","2061-2080",2,50,237418.379112499,465,2070626.96992235,0.10752688172043,0.114660140412159,TRUE
"160","illex illecebrosus_Atl","2081-2100",2,54,310328.588762237,507,2737787.45363463,0.106508875739645,0.113350139124296,TRUE
"161","lepophidium profundorum_Atl","2006-2020",2,6,33443.6421016232,37,262569.008552307,0.162162162162162,0.127370866371539,TRUE
"162","lepophidium profundorum_Atl","2021-2040",2,8,43754.5212849318,43,307107.326360583,0.186046511627907,0.142473062441885,TRUE
"163","lepophidium profundorum_Atl","2041-2060",2,8,45730.9642037974,61,364295.004904346,0.131147540983607,0.125532778622109,TRUE
"164","lepophidium profundorum_Atl","2061-2080",2,11,54597.1326670119,85,472412.438071946,0.129411764705882,0.115570904292526,TRUE
"165","lepophidium profundorum_Atl","2081-2100",2,12,58765.0254085842,104,572805.183117396,0.115384615384615,0.102591643966567,TRUE
"166","leucoraja erinacea_Atl","2006-2020",2,45,796020889.922969,408,8382130003.81329,0.110294117647059,0.094966421370324,TRUE
"167","leucoraja erinacea_Atl","2021-2040",2,46,833189202.642965,415,8911456977.90464,0.110843373493976,0.0934964063349913,TRUE
"168","leucoraja erinacea_Atl","2041-2060",2,46,785393893.98909,429,8585607309.72536,0.107226107226107,0.0914779660489986,TRUE
"169","leucoraja erinacea_Atl","2061-2080",2,47,634456965.76552,428,6854336897.40303,0.10981308411215,0.0925628511207121,TRUE
"170","leucoraja erinacea_Atl","2081-2100",2,47,536755534.674234,408,5668989418.88407,0.115196078431373,0.0946827547227798,TRUE
"171","leucoraja ocellata_Atl","2006-2020",2,41,1139827650.8904,373,15417778632.5022,0.109919571045576,0.0739294341979676,TRUE
"172","leucoraja ocellata_Atl","2021-2040",2,42,1097294742.92782,383,15110516394.7464,0.109660574412533,0.0726179512507808,TRUE
"173","leucoraja ocellata_Atl","2041-2060",2,44,1010412169.18746,394,13953070307.5539,0.111675126903553,0.0724150417733112,TRUE
"174","leucoraja ocellata_Atl","2061-2080",2,41,801887725.59827,387,11257695148.5064,0.10594315245478,0.0712301865541866,TRUE
"175","leucoraja ocellata_Atl","2081-2100",2,38,731878532.240431,372,9892607669.26466,0.102150537634409,0.0739823671077449,TRUE
"176","limanda ferruginea_Atl","2006-2020",2,51,392.706928725927,486,3966.81890872685,0.104938271604938,0.0989979471616379,TRUE
"177","limanda ferruginea_Atl","2021-2040",2,51,383.576519124137,486,3866.14323798109,0.104938271604938,0.099214254494213,TRUE
"178","limanda ferruginea_Atl","2041-2060",2,48,360.35086675691,474,3631.82772659703,0.10126582278481,0.0992202532399721,TRUE
"179","limanda ferruginea_Atl","2061-2080",2,48,352.405299967755,466,3496.98030584224,0.103004291845494,0.100774173471612,TRUE
"180","limanda ferruginea_Atl","2081-2100",2,47,357.989795648417,464,3551.48360537151,0.101293103448276,0.10080006989388,TRUE
"181","lithodes maja_Atl","2006-2020",2,8,2925792.91753987,51,8247806.70571527,0.156862745098039,0.35473587366111,TRUE
"182","lithodes maja_Atl","2021-2040",2,6,1927689.23948154,37,5153624.2050102,0.162162162162162,0.374045363572978,TRUE
"183","lithodes maja_Atl","2041-2060",2,4,1037160.40889982,30,2589234.63781132,0.133333333333333,0.400566404355124,TRUE
"184","lithodes maja_Atl","2061-2080",2,4,394014.692240763,22,930059.478340519,0.181818181818182,0.423644617808523,TRUE
"185","lithodes maja_Atl","2081-2100",2,2,152592.048505668,10,307404.382618251,0.2,0.496388656550691,TRUE
"186","loligo pealeii_Atl","2006-2020",2,11,13588.9970530069,109,115804.212780741,0.100917431192661,0.117344582953435,TRUE
"187","loligo pealeii_Atl","2006-2020",3,55,64745.5905058773,109,115804.212780741,0.504587155963303,0.559095294991248,TRUE
"188","loligo pealeii_Atl","2021-2040",2,15,18812.8141453927,135,154950.617463447,0.111111111111111,0.121411675883322,TRUE
"189","loligo pealeii_Atl","2021-2040",3,68,87644.0255045851,135,154950.617463447,0.503703703703704,0.565625532439459,TRUE
"190","loligo pealeii_Atl","2041-2060",2,19,26221.4302004684,201,227767.931818286,0.0945273631840796,0.115123450395941,FALSE
"191","loligo pealeii_Atl","2041-2060",3,106,129221.218419187,201,227767.931818286,0.527363184079602,0.567337190040783,TRUE
"192","loligo pealeii_Atl","2061-2080",2,28,38304.5971697379,258,335836.559853589,0.108527131782946,0.114057258049681,TRUE
"193","loligo pealeii_Atl","2061-2080",3,135,189855.392312222,258,335836.559853589,0.523255813953488,0.565320798887982,TRUE
"194","loligo pealeii_Atl","2081-2100",2,38,51503.7767167215,345,472233.513677773,0.110144927536232,0.109064213413419,TRUE
"195","loligo pealeii_Atl","2081-2100",3,181,268877.109653117,345,472233.513677773,0.52463768115942,0.569373205978312,TRUE
"196","lophius americanus_Atl","2006-2020",2,53,4855313.00336946,507,41969307.2965471,0.104536489151874,0.115687232316291,TRUE
"197","lophius americanus_Atl","2006-2020",3,255,22260034.0273944,507,41969307.2965471,0.502958579881657,0.530388406701813,TRUE
"198","lophius americanus_Atl","2021-2040",2,55,4999512.45607285,518,42923693.0404405,0.106177606177606,0.116474424774275,TRUE
"199","lophius americanus_Atl","2021-2040",3,259,22635838.2901747,518,42923693.0404405,0.5,0.527350670149662,TRUE
"200","lophius americanus_Atl","2041-2060",2,55,4942062.42544803,522,43116174.0375068,0.10536398467433,0.11462200753594,TRUE
"201","lophius americanus_Atl","2041-2060",3,264,22541852.6504685,522,43116174.0375068,0.505747126436782,0.522816626328191,TRUE
"202","lophius americanus_Atl","2061-2080",2,55,4411366.12080687,520,38640380.098847,0.105769230769231,0.114164666846497,TRUE
"203","lophius americanus_Atl","2061-2080",3,264,19934595.9311942,520,38640380.098847,0.507692307692308,0.515900616924546,TRUE
"204","lophius americanus_Atl","2081-2100",2,55,3650425.24592378,518,31970336.3728051,0.106177606177606,0.114181633979583,TRUE
"205","lophius americanus_Atl","2081-2100",3,264,16428199.6413726,518,31970336.3728051,0.50965250965251,0.513857578781901,TRUE
"206","lumpenus lampretaeformis_Atl","2006-2020",2,28,0.0739237982555686,265,0.691683059074581,0.105660377358491,0.10687524768132,TRUE
"207","lumpenus lampretaeformis_Atl","2021-2040",2,17,0.0430598553927347,208,0.470277167821136,0.0817307692307692,0.0915627173486593,FALSE
"208","lumpenus lampretaeformis_Atl","2041-2060",2,7,0.016617390058982,100,0.189614391485683,0.07,0.0876378102357104,FALSE
"209","lumpenus lampretaeformis_Atl","2061-2080",2,2,0.00404193514258114,18,0.0313882013629173,0.111111111111111,0.128772435726641,TRUE
"210","lumpenus lampretaeformis_Atl","2081-2100",2,1,0.0018553566327943,2,0.00375932853454306,0.5,0.493534048898925,TRUE
"211","macrourus berglax_Atl","2006-2020",2,6,0.967409663102633,35,4.03554226947525,0.171428571428571,0.23972234671412,TRUE
"212","macrourus berglax_Atl","2021-2040",2,3,0.595327900359273,27,2.86341850539869,0.111111111111111,0.20790809978941,TRUE
"213","macrourus berglax_Atl","2041-2060",2,3,0.291918973438131,4,0.350645068149218,0.75,0.832519832601507,TRUE
"214","macrourus berglax_Atl","2061-2080",2,0,0,0,0,1,1,TRUE
"215","macrourus berglax_Atl","2081-2100",2,0,0,0,0,1,1,TRUE
"216","malacoraja senta_Atl","2006-2020",2,45,53.9532121953507,438,495.943757849741,0.102739726027397,0.108788973228084,TRUE
"217","malacoraja senta_Atl","2021-2040",2,45,50.3164514442645,425,457.524310499875,0.105882352941176,0.109975470788187,TRUE
"218","malacoraja senta_Atl","2041-2060",2,43,44.3035840018992,400,406.867226175255,0.1075,0.108889537302805,TRUE
"219","malacoraja senta_Atl","2061-2080",2,37,34.4387813722839,348,323.414217270626,0.10632183908046,0.106485057035901,TRUE
"220","malacoraja senta_Atl","2081-2100",2,33,27.1018436886946,288,248.445166278569,0.114583333333333,0.109085815975613,TRUE
"221","melanogrammus aeglefinus_Atl","2006-2020",2,53,12785.3056061582,507,122134.584147322,0.104536489151874,0.104682107000391,TRUE
"222","melanogrammus aeglefinus_Atl","2021-2040",2,53,12601.2633822701,502,120248.638924792,0.105577689243028,0.10479339720553,TRUE
"223","melanogrammus aeglefinus_Atl","2041-2060",2,51,12032.840830621,492,116177.448315439,0.103658536585366,0.103572948150403,TRUE
"224","melanogrammus aeglefinus_Atl","2061-2080",2,49,11064.3390601047,475,107574.334153107,0.103157894736842,0.102852963462058,TRUE
"225","melanogrammus aeglefinus_Atl","2081-2100",2,48,9985.80542108437,460,97468.338876088,0.104347826086957,0.102451786254195,TRUE
"226","merluccius bilinearis_Atl","2006-2020",2,55,68755.2220661671,523,635912.499677049,0.105162523900574,0.10812057020594,TRUE
"227","merluccius bilinearis_Atl","2006-2020",3,262,324545.213932939,523,635912.499677049,0.500956022944551,0.510361431954491,TRUE
"228","merluccius bilinearis_Atl","2021-2040",2,55,72088.8474690154,526,666371.075994976,0.104562737642586,0.108181237250398,TRUE
"229","merluccius bilinearis_Atl","2021-2040",3,263,340156.882806396,526,666371.075994976,0.5,0.510461655765144,TRUE
"230","merluccius bilinearis_Atl","2041-2060",2,55,80722.0309686158,527,751584.815887691,0.104364326375712,0.107402423867858,TRUE
"231","merluccius bilinearis_Atl","2041-2060",3,264,383226.806380045,527,751584.815887691,0.500948766603416,0.509891629366432,TRUE
"232","merluccius bilinearis_Atl","2061-2080",2,55,88202.5613590863,529,826692.024432345,0.103969754253308,0.106693374016341,TRUE
"233","merluccius bilinearis_Atl","2061-2080",3,265,419966.208840439,529,826692.024432345,0.500945179584121,0.508008056723194,TRUE
"234","merluccius bilinearis_Atl","2081-2100",2,55,91505.6623256777,530,864754.398252314,0.10377358490566,0.105816937746269,TRUE
"235","merluccius bilinearis_Atl","2081-2100",3,265,437027.268816183,530,864754.398252314,0.5,0.505377329909421,TRUE
"236","morone saxatilis_Atl","2006-2020",2,43,34.1719936835693,415,687.941889682999,0.103614457831325,0.0496727909668587,TRUE
"237","morone saxatilis_Atl","2021-2040",2,43,38.5811418676396,422,840.740722473418,0.101895734597156,0.0458894648925008,TRUE
"238","morone saxatilis_Atl","2041-2060",2,45,43.6411310090669,436,1048.00462739543,0.103211009174312,0.0416421167123341,TRUE
"239","morone saxatilis_Atl","2061-2080",2,46,55.4509902142182,436,1418.02232561247,0.105504587155963,0.0391044549952822,TRUE
"240","morone saxatilis_Atl","2081-2100",2,46,123.483366601967,438,2659.92925287072,0.105022831050228,0.0464235529831096,TRUE
"241","myoxocephalus octodecemspinosus_Atl","2006-2020",2,54,576.590930338018,511,5515.03940406088,0.105675146771037,0.104548832400628,TRUE
"242","myoxocephalus octodecemspinosus_Atl","2021-2040",2,54,553.749266755813,504,5272.11531970299,0.107142857142857,0.10503360286645,TRUE
"243","myoxocephalus octodecemspinosus_Atl","2041-2060",2,54,510.244672309863,497,4802.32997435742,0.108651911468813,0.106249398736524,TRUE
"244","myoxocephalus octodecemspinosus_Atl","2061-2080",2,54,466.203118464195,494,4354.98782794368,0.109311740890688,0.10705038380884,TRUE
"245","myoxocephalus octodecemspinosus_Atl","2081-2100",2,52,436.200078994858,489,4121.7098537906,0.106339468302658,0.105829884797373,TRUE
"246","myoxocephalus scorpius_Atl","2006-2020",2,52,4.45468478555634,514,42.4636894928634,0.101167315175097,0.104905740380967,TRUE
"247","myoxocephalus scorpius_Atl","2021-2040",2,53,4.95019739075238,517,46.3768018359367,0.102514506769826,0.106738653697257,TRUE
"248","myoxocephalus scorpius_Atl","2041-2060",2,54,5.88840100397175,526,54.7742820271595,0.102661596958175,0.107503024887702,TRUE
"249","myoxocephalus scorpius_Atl","2061-2080",2,54,6.94638013938201,526,64.6409676612627,0.102661596958175,0.107460955346198,TRUE
"250","myoxocephalus scorpius_Atl","2081-2100",2,54,7.96991188239021,521,74.7174019565998,0.103646833013436,0.106667411790089,TRUE
"251","myxine glutinosa_Atl","2006-2020",2,42,0.63796277518628,409,5.47690432177894,0.102689486552567,0.116482366261068,TRUE
"252","myxine glutinosa_Atl","2021-2040",2,42,0.620628329173254,409,5.26114361798658,0.102689486552567,0.117964529052481,TRUE
"253","myxine glutinosa_Atl","2041-2060",2,41,0.611852267967962,389,5.21043265200863,0.105398457583548,0.117428303719096,TRUE
"254","myxine glutinosa_Atl","2061-2080",2,36,0.530765815200505,361,4.71169352963162,0.0997229916897507,0.112648628749417,FALSE
"255","myxine glutinosa_Atl","2081-2100",2,35,0.43779050090114,316,3.86067507485278,0.110759493670886,0.113397396158192,TRUE
"256","nemichthys scolopaceus_Atl","2006-2020",2,4,13585.1797102849,28,45943.4088171202,0.142857142857143,0.295693768922574,TRUE
"257","nemichthys scolopaceus_Atl","2021-2040",2,4,9184.74686861714,23,29831.3826548988,0.173913043478261,0.307888741694273,TRUE
"258","nemichthys scolopaceus_Atl","2041-2060",2,3,4249.20735810626,13,12156.3169004468,0.230769230769231,0.349547267721367,TRUE
"259","nemichthys scolopaceus_Atl","2061-2080",2,2,1469.69306917493,6,3233.79274400634,0.333333333333333,0.454479673101786,TRUE
"260","nemichthys scolopaceus_Atl","2081-2100",2,1,504.114677267693,1,504.114677267693,1,1,TRUE
"261","pandalus borealis_Atl","2006-2020",2,15,121.092629717621,142,936.137564685421,0.105633802816901,0.129353456463755,TRUE
"262","pandalus borealis_Atl","2021-2040",2,9,61.7703832529403,66,378.652799431611,0.136363636363636,0.163131986203886,TRUE
"263","pandalus borealis_Atl","2041-2060",2,4,22.3485235317072,16,78.5096761916771,0.25,0.284659479134069,TRUE
"264","pandalus borealis_Atl","2061-2080",2,0,0,0,0,1,1,TRUE
"265","pandalus borealis_Atl","2081-2100",2,0,0,0,0,1,1,TRUE
"266","pandalus montagui_Atl","2006-2020",2,20,7199.9290323458,152,53854.4993908142,0.131578947368421,0.133692246957807,TRUE
"267","pandalus montagui_Atl","2021-2040",2,20,7129.33857409187,157,55823.6648393638,0.127388535031847,0.127711761572928,TRUE
"268","pandalus montagui_Atl","2041-2060",2,14,4738.12938459426,124,42640.7628677011,0.112903225806452,0.111117369060562,TRUE
"269","pandalus montagui_Atl","2061-2080",2,5,1716.26164536025,45,14428.3948716306,0.111111111111111,0.118950282455521,TRUE
"270","pandalus montagui_Atl","2081-2100",2,2,612.103978830378,9,2623.34107844201,0.222222222222222,0.233329925666358,TRUE
"271","paralichthys dentatus_Atl","2006-2020",2,20,17021181.3319514,185,194311912.969225,0.108108108108108,0.0875972094137489,TRUE
"272","paralichthys dentatus_Atl","2021-2040",2,25,23677344.8106286,217,266964471.673258,0.115207373271889,0.088690995705255,TRUE
"273","paralichthys dentatus_Atl","2041-2060",2,33,32813752.7536058,285,371047283.533196,0.115789473684211,0.0884355019154052,TRUE
"274","paralichthys dentatus_Atl","2061-2080",2,40,43239044.0947375,338,479214008.235196,0.118343195266272,0.0902290904516213,TRUE
"275","paralichthys dentatus_Atl","2081-2100",2,40,56176616.4672086,358,624110414.464504,0.111731843575419,0.0900107018970497,TRUE
"276","paralichthys oblongus_Atl","2006-2020",2,22,35338.9780335911,199,324194.148312249,0.110552763819095,0.109005601173141,TRUE
"277","paralichthys oblongus_Atl","2021-2040",2,25,42748.4557952953,234,410179.537586907,0.106837606837607,0.104218889237589,TRUE
"278","paralichthys oblongus_Atl","2041-2060",2,33,52345.9788756162,298,518775.217235292,0.110738255033557,0.100903006035222,TRUE
"279","paralichthys oblongus_Atl","2061-2080",2,40,60372.7343285081,356,612152.331215629,0.112359550561798,0.0986237105535778,TRUE
"280","paralichthys oblongus_Atl","2081-2100",2,42,61980.2649234858,389,653133.447241801,0.107969151670951,0.0948967859251888,TRUE
"281","peprilus triacanthus_Atl","2006-2020",2,10,106750170.376272,83,809095127.213398,0.120481927710843,0.131937724979175,TRUE
"282","peprilus triacanthus_Atl","2021-2040",2,11,144499096.466704,97,1073299413.99366,0.11340206185567,0.134630741974446,TRUE
"283","peprilus triacanthus_Atl","2041-2060",2,17,208725855.117336,146,1605747106.69016,0.116438356164384,0.129986754606441,TRUE
"284","peprilus triacanthus_Atl","2061-2080",2,27,319078904.996577,229,2613791129.17863,0.117903930131004,0.122075135015416,TRUE
"285","peprilus triacanthus_Atl","2081-2100",2,36,453014769.17579,317,3994565857.55313,0.113564668769716,0.113407760775606,TRUE
"286","phycis chesteri_Atl","2006-2020",2,13,42272.7346583069,108,198513.066077637,0.12037037037037,0.212946862861785,TRUE
"287","phycis chesteri_Atl","2021-2040",2,10,30811.8937163371,98,143555.065107334,0.102040816326531,0.214634667841914,TRUE
"288","phycis chesteri_Atl","2041-2060",2,9,18029.7978148617,81,81815.7547145252,0.111111111111111,0.220370732724669,TRUE
"289","phycis chesteri_Atl","2061-2080",2,7,8634.92136314289,53,37032.652789233,0.132075471698113,0.233170478288108,TRUE
"290","phycis chesteri_Atl","2081-2100",2,5,4165.83623636583,34,15474.8165150999,0.147058823529412,0.269201010060503,TRUE
"291","placopecten magellanicus_Atl","2006-2020",2,38,52403.0486183127,319,486094.44286644,0.119122257053292,0.107804253653463,TRUE
"292","placopecten magellanicus_Atl","2006-2020",3,176,285236.456066843,319,486094.44286644,0.551724137931034,0.58679225869121,TRUE
"293","placopecten magellanicus_Atl","2021-2040",2,36,29610.2714325105,315,285900.778001309,0.114285714285714,0.103568348570128,TRUE
"294","placopecten magellanicus_Atl","2021-2040",3,172,164452.036173378,315,285900.778001309,0.546031746031746,0.575206675977023,TRUE
"295","placopecten magellanicus_Atl","2041-2060",2,33,23529.2686013466,301,227317.608790297,0.109634551495017,0.103508341155624,TRUE
"296","placopecten magellanicus_Atl","2041-2060",3,162,131690.935914068,301,227317.608790297,0.538205980066445,0.57932571354626,TRUE
"297","placopecten magellanicus_Atl","2061-2080",2,30,12031.4964249331,272,115305.349501987,0.110294117647059,0.10434465076337,TRUE
"298","placopecten magellanicus_Atl","2061-2080",3,147,65870.3428692989,272,115305.349501987,0.540441176470588,0.571268749921822,TRUE
"299","placopecten magellanicus_Atl","2081-2100",2,23,6545.43103523264,228,66171.6962668333,0.100877192982456,0.0989158719588899,TRUE
"300","placopecten magellanicus_Atl","2081-2100",3,127,38727.4722516746,228,66171.6962668333,0.557017543859649,0.585257359816022,TRUE
"301","pollachius virens_Atl","2006-2020",2,54,3622.78788227606,506,32947.2153117392,0.106719367588933,0.109957331689433,TRUE
"302","pollachius virens_Atl","2006-2020",3,256,17215.6375681518,506,32947.2153117392,0.505928853754941,0.522521779314618,TRUE
"303","pollachius virens_Atl","2021-2040",2,53,3551.28123465079,499,32206.230453311,0.106212424849699,0.110266901300326,TRUE
"304","pollachius virens_Atl","2021-2040",3,252,16718.8759701529,499,32206.230453311,0.50501002004008,0.519119305017394,TRUE
"305","pollachius virens_Atl","2041-2060",2,48,3305.76844849198,479,30561.4587607826,0.100208768267223,0.108167888004549,TRUE
"306","pollachius virens_Atl","2041-2060",3,241,15626.6349896917,479,30561.4587607826,0.503131524008351,0.511318360553661,TRUE
"307","pollachius virens_Atl","2061-2080",2,47,2817.96065693553,473,26218.5398643691,0.0993657505285412,0.107479694579222,FALSE
"308","pollachius virens_Atl","2061-2080",3,240,13140.6006713969,473,26218.5398643691,0.507399577167019,0.501194984136202,TRUE
"309","pollachius virens_Atl","2081-2100",2,46,2254.957413038,447,20975.6208060885,0.102908277404922,0.107503727011668,TRUE
"310","pollachius virens_Atl","2081-2100",3,226,10256.7553290795,447,20975.6208060885,0.505592841163311,0.488984589486017,TRUE
"311","prionotus carolinus_Atl","2006-2020",2,13,528973.91259433,95,6315228.77616696,0.136842105263158,0.0837616389434099,TRUE
"312","prionotus carolinus_Atl","2021-2040",2,16,778979.826815398,119,8844336.84190351,0.134453781512605,0.0880766801106756,TRUE
"313","prionotus carolinus_Atl","2041-2060",2,20,1103494.45049269,170,12270097.3126601,0.117647058823529,0.0899336347849597,TRUE
"314","prionotus carolinus_Atl","2061-2080",2,29,1544298.26358893,232,16787687.7784492,0.125,0.091989932381956,TRUE
"315","prionotus carolinus_Atl","2081-2100",2,36,2075930.53470034,294,23564235.9872587,0.122448979591837,0.0880966620697063,TRUE
"316","pseudopleuronectes americanus_Atl","2006-2020",2,50,593345074570011,467,5492107069574200,0.107066381156317,0.108035962710394,TRUE
"317","pseudopleuronectes americanus_Atl","2021-2040",2,51,619259484138287,475,5805975342708020,0.107368421052632,0.106658993120948,TRUE
"318","pseudopleuronectes americanus_Atl","2041-2060",2,51,560785684056384,484,5429520723764199,0.105371900826446,0.103284564621313,TRUE
"319","pseudopleuronectes americanus_Atl","2061-2080",2,49,433440117948054,478,4235988574181697,0.102510460251046,0.102323250017686,TRUE
"320","pseudopleuronectes americanus_Atl","2081-2100",2,48,322093613051059,467,3127702258841626,0.102783725910064,0.102980906235733,TRUE
"321","raja eglanteria_Atl","2006-2020",2,11,28676307.4244275,83,418917289.599388,0.132530120481928,0.0684533871873629,TRUE
"322","raja eglanteria_Atl","2021-2040",2,12,52029616.1728938,104,706235586.508649,0.115384615384615,0.073671756516983,TRUE
"323","raja eglanteria_Atl","2041-2060",2,17,93849805.3982866,160,1213572928.73392,0.10625,0.0773334697702899,TRUE
"324","raja eglanteria_Atl","2061-2080",2,25,162289530.627311,232,1797001733.6235,0.107758620689655,0.0903112821711461,TRUE
"325","raja eglanteria_Atl","2081-2100",2,37,298874929.874124,317,3014107966.99988,0.116719242902208,0.0991586675548362,TRUE
"326","scophthalmus aquosus_Atl","2006-2020",2,41,75328020.7916745,344,765610725.84118,0.119186046511628,0.0983894533464264,TRUE
"327","scophthalmus aquosus_Atl","2021-2040",2,43,83887652.0122645,359,882863113.516116,0.119777158774373,0.0950177334719209,TRUE
"328","scophthalmus aquosus_Atl","2041-2060",2,43,81011526.6819257,369,882433360.706331,0.116531165311653,0.091804696296932,TRUE
"329","scophthalmus aquosus_Atl","2061-2080",2,43,64331937.6197733,370,705973572.54188,0.116216216216216,0.0911251357301437,TRUE
"330","scophthalmus aquosus_Atl","2081-2100",2,40,50013561.6796419,342,550831154.817086,0.116959064327485,0.0907965376363831,TRUE
"331","sebastes fasciatus_Atl","2006-2020",2,45,21372448.8078356,416,189872639.536014,0.108173076923077,0.112562025050385,TRUE
"332","sebastes fasciatus_Atl","2021-2040",2,49,27381460.5492693,443,247870589.116068,0.110609480812641,0.110466758669975,TRUE
"333","sebastes fasciatus_Atl","2041-2060",2,46,39632160.3398391,456,383199541.225399,0.100877192982456,0.103424341827506,TRUE
"334","sebastes fasciatus_Atl","2061-2080",2,46,47193618.3302996,457,475711357.107526,0.100656455142232,0.0992064150354776,TRUE
"335","sebastes fasciatus_Atl","2081-2100",2,44,43320468.5429268,435,428055556.809654,0.101149425287356,0.101202911289832,TRUE
"336","squalus acanthias_Atl","2006-2020",2,55,16169.4241735205,543,149357.023638612,0.101289134438306,0.108260219570554,TRUE
"337","squalus acanthias_Atl","2021-2040",2,55,17567.7805446445,544,161230.182796347,0.101102941176471,0.108960867251727,TRUE
"338","squalus acanthias_Atl","2041-2060",2,55,19307.9891391374,538,177518.916301695,0.102230483271375,0.108765812350517,TRUE
"339","squalus acanthias_Atl","2061-2080",2,55,20666.8090625319,538,189649.775265162,0.102230483271375,0.108973548920036,TRUE
"340","squalus acanthias_Atl","2081-2100",2,55,21332.6662192599,535,196273.588947203,0.102803738317757,0.10868841973944,TRUE
"341","stenotomus chrysops_Atl","2006-2020",2,8,263374.145075641,59,4111990.95620963,0.135593220338983,0.0640502734272584,TRUE
"342","stenotomus chrysops_Atl","2021-2040",2,8,503121.193090005,71,6342073.39960667,0.112676056338028,0.079330711171083,TRUE
"343","stenotomus chrysops_Atl","2041-2060",2,9,958271.412920913,95,10673458.1020645,0.0947368421052632,0.0897807818007515,FALSE
"344","stenotomus chrysops_Atl","2061-2080",2,17,1780926.22371427,151,16754526.7553966,0.112582781456954,0.106295226938633,TRUE
"345","stenotomus chrysops_Atl","2081-2100",2,27,3242402.04266216,248,29444166.1168002,0.108870967741935,0.110120355584196,TRUE
"346","stomias ferox_Atl","2006-2020",2,6,0.00196052894261771,44,0.00938526147417017,0.136363636363636,0.208894440289535,TRUE
"347","stomias ferox_Atl","2021-2040",2,6,0.00178378669824048,37,0.00798318767506378,0.162162162162162,0.223442911634447,TRUE
"348","stomias ferox_Atl","2041-2060",2,5,0.000972650938856761,18,0.00321956598313302,0.277777777777778,0.302106229209894,TRUE
"349","stomias ferox_Atl","2061-2080",2,1,0.000174988420220083,5,0.00059594889252116,0.2,0.29362991091366,TRUE
"350","stomias ferox_Atl","2081-2100",2,0,0,0,0,1,1,TRUE
"351","tautogolabrus adspersus_Atl","2006-2020",2,24,23628425.4958261,214,212953653.047382,0.11214953271028,0.110955718099698,TRUE
"352","tautogolabrus adspersus_Atl","2021-2040",2,28,30514347.943145,244,274925322.812685,0.114754098360656,0.110991405342226,TRUE
"353","tautogolabrus adspersus_Atl","2041-2060",2,38,40405139.3509198,343,369436739.718002,0.110787172011662,0.109369575375102,TRUE
"354","tautogolabrus adspersus_Atl","2061-2080",2,47,50955996.1065511,408,475409135.652709,0.115196078431373,0.107183460066646,TRUE
"355","tautogolabrus adspersus_Atl","2081-2100",2,48,58421106.371426,445,567534623.617824,0.107865168539326,0.10293840047857,TRUE
"356","urophycis chuss_Atl","2006-2020",2,49,41078316.4723503,453,353668237.829558,0.108167770419426,0.116149294956329,TRUE
"357","urophycis chuss_Atl","2021-2040",2,51,47833567.4157624,478,420872971.151665,0.106694560669456,0.113653217703365,TRUE
"358","urophycis chuss_Atl","2041-2060",2,55,54405713.8658818,496,494179773.124911,0.110887096774194,0.110092959737812,TRUE
"359","urophycis chuss_Atl","2061-2080",2,54,53117283.7671154,493,493373706.435497,0.109533468559838,0.10766135907581,TRUE
"360","urophycis chuss_Atl","2081-2100",2,50,43643051.3809743,479,410150273.986964,0.104384133611691,0.106407466114143,TRUE
"361","urophycis regia_Atl","2006-2020",2,19,13979.7761037847,163,124048.228256887,0.116564417177914,0.112696298046551,TRUE
"362","urophycis regia_Atl","2021-2040",2,22,17211.6809285271,199,162889.591710089,0.110552763819095,0.10566470667543,TRUE
"363","urophycis regia_Atl","2041-2060",2,31,21412.9699278712,255,210133.305389182,0.12156862745098,0.101901837446534,TRUE
"364","urophycis regia_Atl","2061-2080",2,37,23684.8775554487,305,239167.582477288,0.121311475409836,0.099030467716911,TRUE
"365","urophycis regia_Atl","2081-2100",2,37,21162.5972212767,318,220139.473706387,0.116352201257862,0.0961326783650916,TRUE
"366","urophycis tenuis_Atl","2006-2020",2,55,5189.56384755817,524,47618.9441689979,0.104961832061069,0.108981077554777,TRUE
"367","urophycis tenuis_Atl","2021-2040",2,55,5248.1492511674,524,48089.1715461814,0.104961832061069,0.109133700632115,TRUE
"368","urophycis tenuis_Atl","2041-2060",2,55,5285.01322357917,519,48828.161502527,0.10597302504817,0.108236989903985,TRUE
"369","urophycis tenuis_Atl","2061-2080",2,54,4995.45921991889,512,46617.8515571724,0.10546875,0.107157645688421,TRUE
"370","urophycis tenuis_Atl","2081-2100",2,50,4429.17672482634,492,42035.220434307,0.101626016260163,0.105368228810607,TRUE
"371","zoarces americanus_Atl","2006-2020",2,51,622.937681449282,487,6074.78930641515,0.104722792607803,0.102544738595533,TRUE
"372","zoarces americanus_Atl","2021-2040",2,49,581.428993446791,479,5706.96007939637,0.102296450939457,0.101880683473834,TRUE
"373","zoarces americanus_Atl","2041-2060",2,47,471.426127513438,456,4587.38045832723,0.103070175438596,0.102765866445126,TRUE
"374","zoarces americanus_Atl","2061-2080",2,47,356.766137373948,446,3425.56494819127,0.105381165919283,0.104148116520845,TRUE
"375","zoarces americanus_Atl","2081-2100",2,43,252.341901338762,412,2430.10362203787,0.104368932038835,0.103839975814344,TRUE
