"","period","model","rcp","nmet","mid","pmet","region"
"1","2006-2020",1,45,64,2013,0.853333333333333,"NEFSC_NEUSSpring"
"2","2006-2020",1,85,64,2013,0.853333333333333,"NEFSC_NEUSSpring"
"3","2006-2020",2,45,68,2013,0.906666666666667,"NEFSC_NEUSSpring"
"4","2006-2020",2,85,68,2013,0.906666666666667,"NEFSC_NEUSSpring"
"5","2006-2020",3,45,62,2013,0.826666666666667,"NEFSC_NEUSSpring"
"6","2006-2020",3,85,66,2013,0.88,"NEFSC_NEUSSpring"
"7","2006-2020",4,45,61,2013,0.813333333333333,"NEFSC_NEUSSpring"
"8","2006-2020",4,85,63,2013,0.84,"NEFSC_NEUSSpring"
"9","2006-2020",5,45,62,2013,0.826666666666667,"NEFSC_NEUSSpring"
"10","2006-2020",5,85,67,2013,0.893333333333333,"NEFSC_NEUSSpring"
"11","2006-2020",6,45,66,2013,0.88,"NEFSC_NEUSSpring"
"12","2006-2020",6,85,67,2013,0.893333333333333,"NEFSC_NEUSSpring"
"13","2006-2020",7,45,57,2013,0.76,"NEFSC_NEUSSpring"
"14","2006-2020",7,85,55,2013,0.733333333333333,"NEFSC_NEUSSpring"
"15","2006-2020",8,45,66,2013,0.88,"NEFSC_NEUSSpring"
"16","2006-2020",8,85,67,2013,0.893333333333333,"NEFSC_NEUSSpring"
"17","2006-2020",9,45,66,2013,0.88,"NEFSC_NEUSSpring"
"18","2006-2020",9,85,67,2013,0.893333333333333,"NEFSC_NEUSSpring"
"19","2006-2020",10,45,68,2013,0.906666666666667,"NEFSC_NEUSSpring"
"20","2006-2020",10,85,68,2013,0.906666666666667,"NEFSC_NEUSSpring"
"21","2006-2020",11,45,68,2013,0.906666666666667,"NEFSC_NEUSSpring"
"22","2006-2020",11,85,67,2013,0.893333333333333,"NEFSC_NEUSSpring"
"23","2006-2020",12,45,70,2013,0.933333333333333,"NEFSC_NEUSSpring"
"24","2006-2020",12,85,69,2013,0.92,"NEFSC_NEUSSpring"
"25","2006-2020",13,45,70,2013,0.933333333333333,"NEFSC_NEUSSpring"
"26","2006-2020",13,85,68,2013,0.906666666666667,"NEFSC_NEUSSpring"
"27","2021-2040",1,45,67,2030.5,0.893333333333333,"NEFSC_NEUSSpring"
"28","2021-2040",1,85,67,2030.5,0.893333333333333,"NEFSC_NEUSSpring"
"29","2021-2040",2,45,67,2030.5,0.893333333333333,"NEFSC_NEUSSpring"
"30","2021-2040",2,85,66,2030.5,0.88,"NEFSC_NEUSSpring"
"31","2021-2040",3,45,68,2030.5,0.906666666666667,"NEFSC_NEUSSpring"
"32","2021-2040",3,85,69,2030.5,0.92,"NEFSC_NEUSSpring"
"33","2021-2040",4,45,64,2030.5,0.853333333333333,"NEFSC_NEUSSpring"
"34","2021-2040",4,85,64,2030.5,0.853333333333333,"NEFSC_NEUSSpring"
"35","2021-2040",5,45,61,2030.5,0.813333333333333,"NEFSC_NEUSSpring"
"36","2021-2040",5,85,68,2030.5,0.906666666666667,"NEFSC_NEUSSpring"
"37","2021-2040",6,45,68,2030.5,0.906666666666667,"NEFSC_NEUSSpring"
"38","2021-2040",6,85,65,2030.5,0.866666666666667,"NEFSC_NEUSSpring"
"39","2021-2040",7,45,57,2030.5,0.76,"NEFSC_NEUSSpring"
"40","2021-2040",7,85,62,2030.5,0.826666666666667,"NEFSC_NEUSSpring"
"41","2021-2040",8,45,66,2030.5,0.88,"NEFSC_NEUSSpring"
"42","2021-2040",8,85,68,2030.5,0.906666666666667,"NEFSC_NEUSSpring"
"43","2021-2040",9,45,69,2030.5,0.92,"NEFSC_NEUSSpring"
"44","2021-2040",9,85,68,2030.5,0.906666666666667,"NEFSC_NEUSSpring"
"45","2021-2040",10,45,68,2030.5,0.906666666666667,"NEFSC_NEUSSpring"
"46","2021-2040",10,85,69,2030.5,0.92,"NEFSC_NEUSSpring"
"47","2021-2040",11,45,67,2030.5,0.893333333333333,"NEFSC_NEUSSpring"
"48","2021-2040",11,85,66,2030.5,0.88,"NEFSC_NEUSSpring"
"49","2021-2040",12,45,66,2030.5,0.88,"NEFSC_NEUSSpring"
"50","2021-2040",12,85,70,2030.5,0.933333333333333,"NEFSC_NEUSSpring"
"51","2021-2040",13,45,69,2030.5,0.92,"NEFSC_NEUSSpring"
"52","2021-2040",13,85,68,2030.5,0.906666666666667,"NEFSC_NEUSSpring"
"53","2041-2060",1,45,68,2050.5,0.906666666666667,"NEFSC_NEUSSpring"
"54","2041-2060",1,85,68,2050.5,0.906666666666667,"NEFSC_NEUSSpring"
"55","2041-2060",2,45,70,2050.5,0.933333333333333,"NEFSC_NEUSSpring"
"56","2041-2060",2,85,67,2050.5,0.893333333333333,"NEFSC_NEUSSpring"
"57","2041-2060",3,45,64,2050.5,0.853333333333333,"NEFSC_NEUSSpring"
"58","2041-2060",3,85,65,2050.5,0.866666666666667,"NEFSC_NEUSSpring"
"59","2041-2060",4,45,61,2050.5,0.813333333333333,"NEFSC_NEUSSpring"
"60","2041-2060",4,85,57,2050.5,0.76,"NEFSC_NEUSSpring"
"61","2041-2060",5,45,65,2050.5,0.866666666666667,"NEFSC_NEUSSpring"
"62","2041-2060",5,85,62,2050.5,0.826666666666667,"NEFSC_NEUSSpring"
"63","2041-2060",6,45,67,2050.5,0.893333333333333,"NEFSC_NEUSSpring"
"64","2041-2060",6,85,68,2050.5,0.906666666666667,"NEFSC_NEUSSpring"
"65","2041-2060",7,45,66,2050.5,0.88,"NEFSC_NEUSSpring"
"66","2041-2060",7,85,59,2050.5,0.786666666666667,"NEFSC_NEUSSpring"
"67","2041-2060",8,45,69,2050.5,0.92,"NEFSC_NEUSSpring"
"68","2041-2060",8,85,65,2050.5,0.866666666666667,"NEFSC_NEUSSpring"
"69","2041-2060",9,45,70,2050.5,0.933333333333333,"NEFSC_NEUSSpring"
"70","2041-2060",9,85,68,2050.5,0.906666666666667,"NEFSC_NEUSSpring"
"71","2041-2060",10,45,69,2050.5,0.92,"NEFSC_NEUSSpring"
"72","2041-2060",10,85,66,2050.5,0.88,"NEFSC_NEUSSpring"
"73","2041-2060",11,45,67,2050.5,0.893333333333333,"NEFSC_NEUSSpring"
"74","2041-2060",11,85,68,2050.5,0.906666666666667,"NEFSC_NEUSSpring"
"75","2041-2060",12,45,64,2050.5,0.853333333333333,"NEFSC_NEUSSpring"
"76","2041-2060",12,85,64,2050.5,0.853333333333333,"NEFSC_NEUSSpring"
"77","2041-2060",13,45,67,2050.5,0.893333333333333,"NEFSC_NEUSSpring"
"78","2041-2060",13,85,68,2050.5,0.906666666666667,"NEFSC_NEUSSpring"
"79","2061-2080",1,45,58,2070.5,0.773333333333333,"NEFSC_NEUSSpring"
"80","2061-2080",1,85,54,2070.5,0.72,"NEFSC_NEUSSpring"
"81","2061-2080",2,45,66,2070.5,0.88,"NEFSC_NEUSSpring"
"82","2061-2080",2,85,53,2070.5,0.706666666666667,"NEFSC_NEUSSpring"
"83","2061-2080",3,45,64,2070.5,0.853333333333333,"NEFSC_NEUSSpring"
"84","2061-2080",3,85,57,2070.5,0.76,"NEFSC_NEUSSpring"
"85","2061-2080",4,45,56,2070.5,0.746666666666667,"NEFSC_NEUSSpring"
"86","2061-2080",4,85,55,2070.5,0.733333333333333,"NEFSC_NEUSSpring"
"87","2061-2080",5,45,59,2070.5,0.786666666666667,"NEFSC_NEUSSpring"
"88","2061-2080",5,85,53,2070.5,0.706666666666667,"NEFSC_NEUSSpring"
"89","2061-2080",6,45,63,2070.5,0.84,"NEFSC_NEUSSpring"
"90","2061-2080",6,85,58,2070.5,0.773333333333333,"NEFSC_NEUSSpring"
"91","2061-2080",7,45,67,2070.5,0.893333333333333,"NEFSC_NEUSSpring"
"92","2061-2080",7,85,66,2070.5,0.88,"NEFSC_NEUSSpring"
"93","2061-2080",8,45,67,2070.5,0.893333333333333,"NEFSC_NEUSSpring"
"94","2061-2080",8,85,64,2070.5,0.853333333333333,"NEFSC_NEUSSpring"
"95","2061-2080",9,45,70,2070.5,0.933333333333333,"NEFSC_NEUSSpring"
"96","2061-2080",9,85,66,2070.5,0.88,"NEFSC_NEUSSpring"
"97","2061-2080",10,45,69,2070.5,0.92,"NEFSC_NEUSSpring"
"98","2061-2080",10,85,55,2070.5,0.733333333333333,"NEFSC_NEUSSpring"
"99","2061-2080",11,45,69,2070.5,0.92,"NEFSC_NEUSSpring"
"100","2061-2080",11,85,57,2070.5,0.76,"NEFSC_NEUSSpring"
"101","2061-2080",12,45,62,2070.5,0.826666666666667,"NEFSC_NEUSSpring"
"102","2061-2080",12,85,55,2070.5,0.733333333333333,"NEFSC_NEUSSpring"
"103","2061-2080",13,45,67,2070.5,0.893333333333333,"NEFSC_NEUSSpring"
"104","2061-2080",13,85,57,2070.5,0.76,"NEFSC_NEUSSpring"
"105","2081-2100",1,45,53,2090.5,0.706666666666667,"NEFSC_NEUSSpring"
"106","2081-2100",1,85,56,2090.5,0.746666666666667,"NEFSC_NEUSSpring"
"107","2081-2100",2,45,68,2090.5,0.906666666666667,"NEFSC_NEUSSpring"
"108","2081-2100",2,85,52,2090.5,0.693333333333333,"NEFSC_NEUSSpring"
"109","2081-2100",3,45,63,2090.5,0.84,"NEFSC_NEUSSpring"
"110","2081-2100",3,85,54,2090.5,0.72,"NEFSC_NEUSSpring"
"111","2081-2100",4,45,49,2090.5,0.653333333333333,"NEFSC_NEUSSpring"
"112","2081-2100",4,85,39,2090.5,0.52,"NEFSC_NEUSSpring"
"113","2081-2100",5,45,54,2090.5,0.72,"NEFSC_NEUSSpring"
"114","2081-2100",5,85,49,2090.5,0.653333333333333,"NEFSC_NEUSSpring"
"115","2081-2100",6,45,62,2090.5,0.826666666666667,"NEFSC_NEUSSpring"
"116","2081-2100",6,85,51,2090.5,0.68,"NEFSC_NEUSSpring"
"117","2081-2100",7,45,66,2090.5,0.88,"NEFSC_NEUSSpring"
"118","2081-2100",7,85,51,2090.5,0.68,"NEFSC_NEUSSpring"
"119","2081-2100",8,45,68,2090.5,0.906666666666667,"NEFSC_NEUSSpring"
"120","2081-2100",8,85,64,2090.5,0.853333333333333,"NEFSC_NEUSSpring"
"121","2081-2100",9,45,69,2090.5,0.92,"NEFSC_NEUSSpring"
"122","2081-2100",9,85,58,2090.5,0.773333333333333,"NEFSC_NEUSSpring"
"123","2081-2100",10,45,65,2090.5,0.866666666666667,"NEFSC_NEUSSpring"
"124","2081-2100",10,85,60,2090.5,0.8,"NEFSC_NEUSSpring"
"125","2081-2100",11,45,68,2090.5,0.906666666666667,"NEFSC_NEUSSpring"
"126","2081-2100",11,85,51,2090.5,0.68,"NEFSC_NEUSSpring"
"127","2081-2100",12,45,60,2090.5,0.8,"NEFSC_NEUSSpring"
"128","2081-2100",12,85,46,2090.5,0.613333333333333,"NEFSC_NEUSSpring"
"129","2081-2100",13,45,64,2090.5,0.853333333333333,"NEFSC_NEUSSpring"
"130","2081-2100",13,85,55,2090.5,0.733333333333333,"NEFSC_NEUSSpring"
"131","2006-2020",1,45,120,2013,0.895522388059702,"AFSC_EBS"
"132","2006-2020",1,85,125,2013,0.932835820895522,"AFSC_EBS"
"133","2006-2020",2,45,123,2013,0.917910447761194,"AFSC_EBS"
"134","2006-2020",2,85,123,2013,0.917910447761194,"AFSC_EBS"
"135","2006-2020",3,45,123,2013,0.917910447761194,"AFSC_EBS"
"136","2006-2020",3,85,119,2013,0.888059701492537,"AFSC_EBS"
"137","2006-2020",4,45,118,2013,0.880597014925373,"AFSC_EBS"
"138","2006-2020",4,85,119,2013,0.888059701492537,"AFSC_EBS"
"139","2006-2020",5,45,119,2013,0.888059701492537,"AFSC_EBS"
"140","2006-2020",5,85,124,2013,0.925373134328358,"AFSC_EBS"
"141","2006-2020",6,45,123,2013,0.917910447761194,"AFSC_EBS"
"142","2006-2020",6,85,127,2013,0.947761194029851,"AFSC_EBS"
"143","2006-2020",7,45,124,2013,0.925373134328358,"AFSC_EBS"
"144","2006-2020",7,85,125,2013,0.932835820895522,"AFSC_EBS"
"145","2006-2020",8,45,121,2013,0.902985074626866,"AFSC_EBS"
"146","2006-2020",8,85,123,2013,0.917910447761194,"AFSC_EBS"
"147","2006-2020",9,45,119,2013,0.888059701492537,"AFSC_EBS"
"148","2006-2020",9,85,120,2013,0.895522388059702,"AFSC_EBS"
"149","2006-2020",10,45,122,2013,0.91044776119403,"AFSC_EBS"
"150","2006-2020",10,85,121,2013,0.902985074626866,"AFSC_EBS"
"151","2006-2020",11,45,126,2013,0.940298507462687,"AFSC_EBS"
"152","2006-2020",11,85,122,2013,0.91044776119403,"AFSC_EBS"
"153","2006-2020",12,45,117,2013,0.873134328358209,"AFSC_EBS"
"154","2006-2020",12,85,120,2013,0.895522388059702,"AFSC_EBS"
"155","2006-2020",13,45,126,2013,0.940298507462687,"AFSC_EBS"
"156","2006-2020",13,85,124,2013,0.925373134328358,"AFSC_EBS"
"157","2021-2040",1,45,123,2030.5,0.917910447761194,"AFSC_EBS"
"158","2021-2040",1,85,122,2030.5,0.91044776119403,"AFSC_EBS"
"159","2021-2040",2,45,122,2030.5,0.91044776119403,"AFSC_EBS"
"160","2021-2040",2,85,120,2030.5,0.895522388059702,"AFSC_EBS"
"161","2021-2040",3,45,122,2030.5,0.91044776119403,"AFSC_EBS"
"162","2021-2040",3,85,117,2030.5,0.873134328358209,"AFSC_EBS"
"163","2021-2040",4,45,117,2030.5,0.873134328358209,"AFSC_EBS"
"164","2021-2040",4,85,121,2030.5,0.902985074626866,"AFSC_EBS"
"165","2021-2040",5,45,117,2030.5,0.873134328358209,"AFSC_EBS"
"166","2021-2040",5,85,117,2030.5,0.873134328358209,"AFSC_EBS"
"167","2021-2040",6,45,121,2030.5,0.902985074626866,"AFSC_EBS"
"168","2021-2040",6,85,117,2030.5,0.873134328358209,"AFSC_EBS"
"169","2021-2040",7,45,121,2030.5,0.902985074626866,"AFSC_EBS"
"170","2021-2040",7,85,121,2030.5,0.902985074626866,"AFSC_EBS"
"171","2021-2040",8,45,120,2030.5,0.895522388059702,"AFSC_EBS"
"172","2021-2040",8,85,119,2030.5,0.888059701492537,"AFSC_EBS"
"173","2021-2040",9,45,121,2030.5,0.902985074626866,"AFSC_EBS"
"174","2021-2040",9,85,120,2030.5,0.895522388059702,"AFSC_EBS"
"175","2021-2040",10,45,123,2030.5,0.917910447761194,"AFSC_EBS"
"176","2021-2040",10,85,120,2030.5,0.895522388059702,"AFSC_EBS"
"177","2021-2040",11,45,123,2030.5,0.917910447761194,"AFSC_EBS"
"178","2021-2040",11,85,127,2030.5,0.947761194029851,"AFSC_EBS"
"179","2021-2040",12,45,120,2030.5,0.895522388059702,"AFSC_EBS"
"180","2021-2040",12,85,124,2030.5,0.925373134328358,"AFSC_EBS"
"181","2021-2040",13,45,125,2030.5,0.932835820895522,"AFSC_EBS"
"182","2021-2040",13,85,122,2030.5,0.91044776119403,"AFSC_EBS"
"183","2041-2060",1,45,123,2050.5,0.917910447761194,"AFSC_EBS"
"184","2041-2060",1,85,123,2050.5,0.917910447761194,"AFSC_EBS"
"185","2041-2060",2,45,124,2050.5,0.925373134328358,"AFSC_EBS"
"186","2041-2060",2,85,118,2050.5,0.880597014925373,"AFSC_EBS"
"187","2041-2060",3,45,118,2050.5,0.880597014925373,"AFSC_EBS"
"188","2041-2060",3,85,103,2050.5,0.76865671641791,"AFSC_EBS"
"189","2041-2060",4,45,117,2050.5,0.873134328358209,"AFSC_EBS"
"190","2041-2060",4,85,118,2050.5,0.880597014925373,"AFSC_EBS"
"191","2041-2060",5,45,122,2050.5,0.91044776119403,"AFSC_EBS"
"192","2041-2060",5,85,123,2050.5,0.917910447761194,"AFSC_EBS"
"193","2041-2060",6,45,117,2050.5,0.873134328358209,"AFSC_EBS"
"194","2041-2060",6,85,117,2050.5,0.873134328358209,"AFSC_EBS"
"195","2041-2060",7,45,125,2050.5,0.932835820895522,"AFSC_EBS"
"196","2041-2060",7,85,119,2050.5,0.888059701492537,"AFSC_EBS"
"197","2041-2060",8,45,124,2050.5,0.925373134328358,"AFSC_EBS"
"198","2041-2060",8,85,109,2050.5,0.813432835820896,"AFSC_EBS"
"199","2041-2060",9,45,118,2050.5,0.880597014925373,"AFSC_EBS"
"200","2041-2060",9,85,124,2050.5,0.925373134328358,"AFSC_EBS"
"201","2041-2060",10,45,122,2050.5,0.91044776119403,"AFSC_EBS"
"202","2041-2060",10,85,122,2050.5,0.91044776119403,"AFSC_EBS"
"203","2041-2060",11,45,108,2050.5,0.805970149253731,"AFSC_EBS"
"204","2041-2060",11,85,102,2050.5,0.761194029850746,"AFSC_EBS"
"205","2041-2060",12,45,123,2050.5,0.917910447761194,"AFSC_EBS"
"206","2041-2060",12,85,114,2050.5,0.850746268656716,"AFSC_EBS"
"207","2041-2060",13,45,123,2050.5,0.917910447761194,"AFSC_EBS"
"208","2041-2060",13,85,116,2050.5,0.865671641791045,"AFSC_EBS"
"209","2061-2080",1,45,116,2070.5,0.865671641791045,"AFSC_EBS"
"210","2061-2080",1,85,119,2070.5,0.888059701492537,"AFSC_EBS"
"211","2061-2080",2,45,115,2070.5,0.858208955223881,"AFSC_EBS"
"212","2061-2080",2,85,108,2070.5,0.805970149253731,"AFSC_EBS"
"213","2061-2080",3,45,117,2070.5,0.873134328358209,"AFSC_EBS"
"214","2061-2080",3,85,103,2070.5,0.76865671641791,"AFSC_EBS"
"215","2061-2080",4,45,100,2070.5,0.746268656716418,"AFSC_EBS"
"216","2061-2080",4,85,71,2070.5,0.529850746268657,"AFSC_EBS"
"217","2061-2080",5,45,115,2070.5,0.858208955223881,"AFSC_EBS"
"218","2061-2080",5,85,95,2070.5,0.708955223880597,"AFSC_EBS"
"219","2061-2080",6,45,120,2070.5,0.895522388059702,"AFSC_EBS"
"220","2061-2080",6,85,98,2070.5,0.73134328358209,"AFSC_EBS"
"221","2061-2080",7,45,122,2070.5,0.91044776119403,"AFSC_EBS"
"222","2061-2080",7,85,115,2070.5,0.858208955223881,"AFSC_EBS"
"223","2061-2080",8,45,117,2070.5,0.873134328358209,"AFSC_EBS"
"224","2061-2080",8,85,110,2070.5,0.82089552238806,"AFSC_EBS"
"225","2061-2080",9,45,117,2070.5,0.873134328358209,"AFSC_EBS"
"226","2061-2080",9,85,111,2070.5,0.828358208955224,"AFSC_EBS"
"227","2061-2080",10,45,124,2070.5,0.925373134328358,"AFSC_EBS"
"228","2061-2080",10,85,105,2070.5,0.783582089552239,"AFSC_EBS"
"229","2061-2080",11,45,109,2070.5,0.813432835820896,"AFSC_EBS"
"230","2061-2080",11,85,112,2070.5,0.835820895522388,"AFSC_EBS"
"231","2061-2080",12,45,123,2070.5,0.917910447761194,"AFSC_EBS"
"232","2061-2080",12,85,109,2070.5,0.813432835820896,"AFSC_EBS"
"233","2061-2080",13,45,125,2070.5,0.932835820895522,"AFSC_EBS"
"234","2061-2080",13,85,118,2070.5,0.880597014925373,"AFSC_EBS"
"235","2081-2100",1,45,122,2090.5,0.91044776119403,"AFSC_EBS"
"236","2081-2100",1,85,110,2090.5,0.82089552238806,"AFSC_EBS"
"237","2081-2100",2,45,118,2090.5,0.880597014925373,"AFSC_EBS"
"238","2081-2100",2,85,117,2090.5,0.873134328358209,"AFSC_EBS"
"239","2081-2100",3,45,116,2090.5,0.865671641791045,"AFSC_EBS"
"240","2081-2100",3,85,85,2090.5,0.634328358208955,"AFSC_EBS"
"241","2081-2100",4,45,95,2090.5,0.708955223880597,"AFSC_EBS"
"242","2081-2100",4,85,109,2090.5,0.813432835820896,"AFSC_EBS"
"243","2081-2100",5,45,106,2090.5,0.791044776119403,"AFSC_EBS"
"244","2081-2100",5,85,84,2090.5,0.626865671641791,"AFSC_EBS"
"245","2081-2100",6,45,113,2090.5,0.843283582089552,"AFSC_EBS"
"246","2081-2100",6,85,104,2090.5,0.776119402985075,"AFSC_EBS"
"247","2081-2100",7,45,100,2090.5,0.746268656716418,"AFSC_EBS"
"248","2081-2100",7,85,108,2090.5,0.805970149253731,"AFSC_EBS"
"249","2081-2100",8,45,99,2090.5,0.738805970149254,"AFSC_EBS"
"250","2081-2100",8,85,122,2090.5,0.91044776119403,"AFSC_EBS"
"251","2081-2100",9,45,120,2090.5,0.895522388059702,"AFSC_EBS"
"252","2081-2100",9,85,104,2090.5,0.776119402985075,"AFSC_EBS"
"253","2081-2100",10,45,122,2090.5,0.91044776119403,"AFSC_EBS"
"254","2081-2100",10,85,115,2090.5,0.858208955223881,"AFSC_EBS"
"255","2081-2100",11,45,98,2090.5,0.73134328358209,"AFSC_EBS"
"256","2081-2100",11,85,123,2090.5,0.917910447761194,"AFSC_EBS"
"257","2081-2100",12,45,124,2090.5,0.925373134328358,"AFSC_EBS"
"258","2081-2100",12,85,100,2090.5,0.746268656716418,"AFSC_EBS"
"259","2081-2100",13,45,123,2090.5,0.917910447761194,"AFSC_EBS"
"260","2081-2100",13,85,109,2090.5,0.813432835820896,"AFSC_EBS"
"261","2006-2020",1,45,63,2013,0.828947368421053,"DFO_NewfoundlandFall"
"262","2006-2020",1,85,60,2013,0.789473684210526,"DFO_NewfoundlandFall"
"263","2006-2020",2,45,67,2013,0.881578947368421,"DFO_NewfoundlandFall"
"264","2006-2020",2,85,66,2013,0.868421052631579,"DFO_NewfoundlandFall"
"265","2006-2020",3,45,60,2013,0.789473684210526,"DFO_NewfoundlandFall"
"266","2006-2020",3,85,62,2013,0.815789473684211,"DFO_NewfoundlandFall"
"267","2006-2020",4,45,60,2013,0.789473684210526,"DFO_NewfoundlandFall"
"268","2006-2020",4,85,65,2013,0.855263157894737,"DFO_NewfoundlandFall"
"269","2006-2020",5,45,53,2013,0.697368421052632,"DFO_NewfoundlandFall"
"270","2006-2020",5,85,54,2013,0.710526315789474,"DFO_NewfoundlandFall"
"271","2006-2020",6,45,60,2013,0.789473684210526,"DFO_NewfoundlandFall"
"272","2006-2020",6,85,64,2013,0.842105263157895,"DFO_NewfoundlandFall"
"273","2006-2020",7,45,65,2013,0.855263157894737,"DFO_NewfoundlandFall"
"274","2006-2020",7,85,61,2013,0.802631578947368,"DFO_NewfoundlandFall"
"275","2006-2020",8,45,59,2013,0.776315789473684,"DFO_NewfoundlandFall"
"276","2006-2020",8,85,62,2013,0.815789473684211,"DFO_NewfoundlandFall"
"277","2006-2020",9,45,63,2013,0.828947368421053,"DFO_NewfoundlandFall"
"278","2006-2020",9,85,63,2013,0.828947368421053,"DFO_NewfoundlandFall"
"279","2006-2020",10,45,60,2013,0.789473684210526,"DFO_NewfoundlandFall"
"280","2006-2020",10,85,63,2013,0.828947368421053,"DFO_NewfoundlandFall"
"281","2006-2020",11,45,61,2013,0.802631578947368,"DFO_NewfoundlandFall"
"282","2006-2020",11,85,66,2013,0.868421052631579,"DFO_NewfoundlandFall"
"283","2006-2020",12,45,64,2013,0.842105263157895,"DFO_NewfoundlandFall"
"284","2006-2020",12,85,63,2013,0.828947368421053,"DFO_NewfoundlandFall"
"285","2006-2020",13,45,61,2013,0.802631578947368,"DFO_NewfoundlandFall"
"286","2006-2020",13,85,60,2013,0.789473684210526,"DFO_NewfoundlandFall"
"287","2021-2040",1,45,54,2030.5,0.710526315789474,"DFO_NewfoundlandFall"
"288","2021-2040",1,85,49,2030.5,0.644736842105263,"DFO_NewfoundlandFall"
"289","2021-2040",2,45,58,2030.5,0.763157894736842,"DFO_NewfoundlandFall"
"290","2021-2040",2,85,59,2030.5,0.776315789473684,"DFO_NewfoundlandFall"
"291","2021-2040",3,45,49,2030.5,0.644736842105263,"DFO_NewfoundlandFall"
"292","2021-2040",3,85,49,2030.5,0.644736842105263,"DFO_NewfoundlandFall"
"293","2021-2040",4,45,63,2030.5,0.828947368421053,"DFO_NewfoundlandFall"
"294","2021-2040",4,85,62,2030.5,0.815789473684211,"DFO_NewfoundlandFall"
"295","2021-2040",5,45,54,2030.5,0.710526315789474,"DFO_NewfoundlandFall"
"296","2021-2040",5,85,53,2030.5,0.697368421052632,"DFO_NewfoundlandFall"
"297","2021-2040",6,45,62,2030.5,0.815789473684211,"DFO_NewfoundlandFall"
"298","2021-2040",6,85,61,2030.5,0.802631578947368,"DFO_NewfoundlandFall"
"299","2021-2040",7,45,61,2030.5,0.802631578947368,"DFO_NewfoundlandFall"
"300","2021-2040",7,85,65,2030.5,0.855263157894737,"DFO_NewfoundlandFall"
"301","2021-2040",8,45,60,2030.5,0.789473684210526,"DFO_NewfoundlandFall"
"302","2021-2040",8,85,60,2030.5,0.789473684210526,"DFO_NewfoundlandFall"
"303","2021-2040",9,45,63,2030.5,0.828947368421053,"DFO_NewfoundlandFall"
"304","2021-2040",9,85,61,2030.5,0.802631578947368,"DFO_NewfoundlandFall"
"305","2021-2040",10,45,64,2030.5,0.842105263157895,"DFO_NewfoundlandFall"
"306","2021-2040",10,85,65,2030.5,0.855263157894737,"DFO_NewfoundlandFall"
"307","2021-2040",11,45,56,2030.5,0.736842105263158,"DFO_NewfoundlandFall"
"308","2021-2040",11,85,58,2030.5,0.763157894736842,"DFO_NewfoundlandFall"
"309","2021-2040",12,45,59,2030.5,0.776315789473684,"DFO_NewfoundlandFall"
"310","2021-2040",12,85,62,2030.5,0.815789473684211,"DFO_NewfoundlandFall"
"311","2021-2040",13,45,57,2030.5,0.75,"DFO_NewfoundlandFall"
"312","2021-2040",13,85,62,2030.5,0.815789473684211,"DFO_NewfoundlandFall"
"313","2041-2060",1,45,42,2050.5,0.552631578947368,"DFO_NewfoundlandFall"
"314","2041-2060",1,85,48,2050.5,0.631578947368421,"DFO_NewfoundlandFall"
"315","2041-2060",2,45,59,2050.5,0.776315789473684,"DFO_NewfoundlandFall"
"316","2041-2060",2,85,57,2050.5,0.75,"DFO_NewfoundlandFall"
"317","2041-2060",3,45,45,2050.5,0.592105263157895,"DFO_NewfoundlandFall"
"318","2041-2060",3,85,53,2050.5,0.697368421052632,"DFO_NewfoundlandFall"
"319","2041-2060",4,45,64,2050.5,0.842105263157895,"DFO_NewfoundlandFall"
"320","2041-2060",4,85,61,2050.5,0.802631578947368,"DFO_NewfoundlandFall"
"321","2041-2060",5,45,56,2050.5,0.736842105263158,"DFO_NewfoundlandFall"
"322","2041-2060",5,85,51,2050.5,0.671052631578947,"DFO_NewfoundlandFall"
"323","2041-2060",6,45,59,2050.5,0.776315789473684,"DFO_NewfoundlandFall"
"324","2041-2060",6,85,60,2050.5,0.789473684210526,"DFO_NewfoundlandFall"
"325","2041-2060",7,45,61,2050.5,0.802631578947368,"DFO_NewfoundlandFall"
"326","2041-2060",7,85,64,2050.5,0.842105263157895,"DFO_NewfoundlandFall"
"327","2041-2060",8,45,55,2050.5,0.723684210526316,"DFO_NewfoundlandFall"
"328","2041-2060",8,85,51,2050.5,0.671052631578947,"DFO_NewfoundlandFall"
"329","2041-2060",9,45,55,2050.5,0.723684210526316,"DFO_NewfoundlandFall"
"330","2041-2060",9,85,56,2050.5,0.736842105263158,"DFO_NewfoundlandFall"
"331","2041-2060",10,45,59,2050.5,0.776315789473684,"DFO_NewfoundlandFall"
"332","2041-2060",10,85,56,2050.5,0.736842105263158,"DFO_NewfoundlandFall"
"333","2041-2060",11,45,44,2050.5,0.578947368421053,"DFO_NewfoundlandFall"
"334","2041-2060",11,85,53,2050.5,0.697368421052632,"DFO_NewfoundlandFall"
"335","2041-2060",12,45,56,2050.5,0.736842105263158,"DFO_NewfoundlandFall"
"336","2041-2060",12,85,51,2050.5,0.671052631578947,"DFO_NewfoundlandFall"
"337","2041-2060",13,45,53,2050.5,0.697368421052632,"DFO_NewfoundlandFall"
"338","2041-2060",13,85,54,2050.5,0.710526315789474,"DFO_NewfoundlandFall"
"339","2061-2080",1,45,46,2070.5,0.605263157894737,"DFO_NewfoundlandFall"
"340","2061-2080",1,85,38,2070.5,0.5,"DFO_NewfoundlandFall"
"341","2061-2080",2,45,57,2070.5,0.75,"DFO_NewfoundlandFall"
"342","2061-2080",2,85,50,2070.5,0.657894736842105,"DFO_NewfoundlandFall"
"343","2061-2080",3,45,48,2070.5,0.631578947368421,"DFO_NewfoundlandFall"
"344","2061-2080",3,85,45,2070.5,0.592105263157895,"DFO_NewfoundlandFall"
"345","2061-2080",4,45,60,2070.5,0.789473684210526,"DFO_NewfoundlandFall"
"346","2061-2080",4,85,54,2070.5,0.710526315789474,"DFO_NewfoundlandFall"
"347","2061-2080",5,45,47,2070.5,0.618421052631579,"DFO_NewfoundlandFall"
"348","2061-2080",5,85,41,2070.5,0.539473684210526,"DFO_NewfoundlandFall"
"349","2061-2080",6,45,59,2070.5,0.776315789473684,"DFO_NewfoundlandFall"
"350","2061-2080",6,85,51,2070.5,0.671052631578947,"DFO_NewfoundlandFall"
"351","2061-2080",7,45,59,2070.5,0.776315789473684,"DFO_NewfoundlandFall"
"352","2061-2080",7,85,60,2070.5,0.789473684210526,"DFO_NewfoundlandFall"
"353","2061-2080",8,45,53,2070.5,0.697368421052632,"DFO_NewfoundlandFall"
"354","2061-2080",8,85,52,2070.5,0.684210526315789,"DFO_NewfoundlandFall"
"355","2061-2080",9,45,56,2070.5,0.736842105263158,"DFO_NewfoundlandFall"
"356","2061-2080",9,85,55,2070.5,0.723684210526316,"DFO_NewfoundlandFall"
"357","2061-2080",10,45,59,2070.5,0.776315789473684,"DFO_NewfoundlandFall"
"358","2061-2080",10,85,51,2070.5,0.671052631578947,"DFO_NewfoundlandFall"
"359","2061-2080",11,45,47,2070.5,0.618421052631579,"DFO_NewfoundlandFall"
"360","2061-2080",11,85,41,2070.5,0.539473684210526,"DFO_NewfoundlandFall"
"361","2061-2080",12,45,53,2070.5,0.697368421052632,"DFO_NewfoundlandFall"
"362","2061-2080",12,85,47,2070.5,0.618421052631579,"DFO_NewfoundlandFall"
"363","2061-2080",13,45,56,2070.5,0.736842105263158,"DFO_NewfoundlandFall"
"364","2061-2080",13,85,45,2070.5,0.592105263157895,"DFO_NewfoundlandFall"
"365","2081-2100",1,45,50,2090.5,0.657894736842105,"DFO_NewfoundlandFall"
"366","2081-2100",1,85,36,2090.5,0.473684210526316,"DFO_NewfoundlandFall"
"367","2081-2100",2,45,53,2090.5,0.697368421052632,"DFO_NewfoundlandFall"
"368","2081-2100",2,85,41,2090.5,0.539473684210526,"DFO_NewfoundlandFall"
"369","2081-2100",3,45,42,2090.5,0.552631578947368,"DFO_NewfoundlandFall"
"370","2081-2100",3,85,41,2090.5,0.539473684210526,"DFO_NewfoundlandFall"
"371","2081-2100",4,45,66,2090.5,0.868421052631579,"DFO_NewfoundlandFall"
"372","2081-2100",4,85,45,2090.5,0.592105263157895,"DFO_NewfoundlandFall"
"373","2081-2100",5,45,51,2090.5,0.671052631578947,"DFO_NewfoundlandFall"
"374","2081-2100",5,85,54,2090.5,0.710526315789474,"DFO_NewfoundlandFall"
"375","2081-2100",6,45,59,2090.5,0.776315789473684,"DFO_NewfoundlandFall"
"376","2081-2100",6,85,47,2090.5,0.618421052631579,"DFO_NewfoundlandFall"
"377","2081-2100",7,45,60,2090.5,0.789473684210526,"DFO_NewfoundlandFall"
"378","2081-2100",7,85,60,2090.5,0.789473684210526,"DFO_NewfoundlandFall"
"379","2081-2100",8,45,55,2090.5,0.723684210526316,"DFO_NewfoundlandFall"
"380","2081-2100",8,85,44,2090.5,0.578947368421053,"DFO_NewfoundlandFall"
"381","2081-2100",9,45,52,2090.5,0.684210526315789,"DFO_NewfoundlandFall"
"382","2081-2100",9,85,49,2090.5,0.644736842105263,"DFO_NewfoundlandFall"
"383","2081-2100",10,45,55,2090.5,0.723684210526316,"DFO_NewfoundlandFall"
"384","2081-2100",10,85,55,2090.5,0.723684210526316,"DFO_NewfoundlandFall"
"385","2081-2100",11,45,43,2090.5,0.565789473684211,"DFO_NewfoundlandFall"
"386","2081-2100",11,85,23,2090.5,0.302631578947368,"DFO_NewfoundlandFall"
"387","2081-2100",12,45,52,2090.5,0.684210526315789,"DFO_NewfoundlandFall"
"388","2081-2100",12,85,53,2090.5,0.697368421052632,"DFO_NewfoundlandFall"
"389","2081-2100",13,45,51,2090.5,0.671052631578947,"DFO_NewfoundlandFall"
"390","2081-2100",13,85,42,2090.5,0.552631578947368,"DFO_NewfoundlandFall"
"391","2006-2020",1,45,145,2013,0.973154362416107,"SEFSC_GOMex"
"392","2006-2020",1,85,144,2013,0.966442953020134,"SEFSC_GOMex"
"393","2006-2020",2,45,142,2013,0.953020134228188,"SEFSC_GOMex"
"394","2006-2020",2,85,141,2013,0.946308724832215,"SEFSC_GOMex"
"395","2006-2020",3,45,143,2013,0.959731543624161,"SEFSC_GOMex"
"396","2006-2020",3,85,143,2013,0.959731543624161,"SEFSC_GOMex"
"397","2006-2020",4,45,138,2013,0.926174496644295,"SEFSC_GOMex"
"398","2006-2020",4,85,146,2013,0.979865771812081,"SEFSC_GOMex"
"399","2006-2020",5,45,142,2013,0.953020134228188,"SEFSC_GOMex"
"400","2006-2020",5,85,144,2013,0.966442953020134,"SEFSC_GOMex"
"401","2006-2020",6,45,142,2013,0.953020134228188,"SEFSC_GOMex"
"402","2006-2020",6,85,143,2013,0.959731543624161,"SEFSC_GOMex"
"403","2006-2020",7,45,142,2013,0.953020134228188,"SEFSC_GOMex"
"404","2006-2020",7,85,138,2013,0.926174496644295,"SEFSC_GOMex"
"405","2006-2020",8,45,144,2013,0.966442953020134,"SEFSC_GOMex"
"406","2006-2020",8,85,143,2013,0.959731543624161,"SEFSC_GOMex"
"407","2006-2020",9,45,142,2013,0.953020134228188,"SEFSC_GOMex"
"408","2006-2020",9,85,142,2013,0.953020134228188,"SEFSC_GOMex"
"409","2006-2020",10,45,139,2013,0.932885906040268,"SEFSC_GOMex"
"410","2006-2020",10,85,143,2013,0.959731543624161,"SEFSC_GOMex"
"411","2006-2020",11,45,139,2013,0.932885906040268,"SEFSC_GOMex"
"412","2006-2020",11,85,138,2013,0.926174496644295,"SEFSC_GOMex"
"413","2006-2020",12,45,142,2013,0.953020134228188,"SEFSC_GOMex"
"414","2006-2020",12,85,144,2013,0.966442953020134,"SEFSC_GOMex"
"415","2006-2020",13,45,141,2013,0.946308724832215,"SEFSC_GOMex"
"416","2006-2020",13,85,138,2013,0.926174496644295,"SEFSC_GOMex"
"417","2021-2040",1,45,138,2030.5,0.926174496644295,"SEFSC_GOMex"
"418","2021-2040",1,85,138,2030.5,0.926174496644295,"SEFSC_GOMex"
"419","2021-2040",2,45,138,2030.5,0.926174496644295,"SEFSC_GOMex"
"420","2021-2040",2,85,141,2030.5,0.946308724832215,"SEFSC_GOMex"
"421","2021-2040",3,45,142,2030.5,0.953020134228188,"SEFSC_GOMex"
"422","2021-2040",3,85,138,2030.5,0.926174496644295,"SEFSC_GOMex"
"423","2021-2040",4,45,136,2030.5,0.912751677852349,"SEFSC_GOMex"
"424","2021-2040",4,85,134,2030.5,0.899328859060403,"SEFSC_GOMex"
"425","2021-2040",5,45,141,2030.5,0.946308724832215,"SEFSC_GOMex"
"426","2021-2040",5,85,141,2030.5,0.946308724832215,"SEFSC_GOMex"
"427","2021-2040",6,45,133,2030.5,0.89261744966443,"SEFSC_GOMex"
"428","2021-2040",6,85,140,2030.5,0.939597315436242,"SEFSC_GOMex"
"429","2021-2040",7,45,142,2030.5,0.953020134228188,"SEFSC_GOMex"
"430","2021-2040",7,85,139,2030.5,0.932885906040268,"SEFSC_GOMex"
"431","2021-2040",8,45,140,2030.5,0.939597315436242,"SEFSC_GOMex"
"432","2021-2040",8,85,142,2030.5,0.953020134228188,"SEFSC_GOMex"
"433","2021-2040",9,45,140,2030.5,0.939597315436242,"SEFSC_GOMex"
"434","2021-2040",9,85,138,2030.5,0.926174496644295,"SEFSC_GOMex"
"435","2021-2040",10,45,143,2030.5,0.959731543624161,"SEFSC_GOMex"
"436","2021-2040",10,85,140,2030.5,0.939597315436242,"SEFSC_GOMex"
"437","2021-2040",11,45,142,2030.5,0.953020134228188,"SEFSC_GOMex"
"438","2021-2040",11,85,136,2030.5,0.912751677852349,"SEFSC_GOMex"
"439","2021-2040",12,45,141,2030.5,0.946308724832215,"SEFSC_GOMex"
"440","2021-2040",12,85,137,2030.5,0.919463087248322,"SEFSC_GOMex"
"441","2021-2040",13,45,136,2030.5,0.912751677852349,"SEFSC_GOMex"
"442","2021-2040",13,85,134,2030.5,0.899328859060403,"SEFSC_GOMex"
"443","2041-2060",1,45,133,2050.5,0.89261744966443,"SEFSC_GOMex"
"444","2041-2060",1,85,136,2050.5,0.912751677852349,"SEFSC_GOMex"
"445","2041-2060",2,45,134,2050.5,0.899328859060403,"SEFSC_GOMex"
"446","2041-2060",2,85,134,2050.5,0.899328859060403,"SEFSC_GOMex"
"447","2041-2060",3,45,134,2050.5,0.899328859060403,"SEFSC_GOMex"
"448","2041-2060",3,85,137,2050.5,0.919463087248322,"SEFSC_GOMex"
"449","2041-2060",4,45,138,2050.5,0.926174496644295,"SEFSC_GOMex"
"450","2041-2060",4,85,132,2050.5,0.885906040268456,"SEFSC_GOMex"
"451","2041-2060",5,45,135,2050.5,0.906040268456376,"SEFSC_GOMex"
"452","2041-2060",5,85,138,2050.5,0.926174496644295,"SEFSC_GOMex"
"453","2041-2060",6,45,138,2050.5,0.926174496644295,"SEFSC_GOMex"
"454","2041-2060",6,85,139,2050.5,0.932885906040268,"SEFSC_GOMex"
"455","2041-2060",7,45,136,2050.5,0.912751677852349,"SEFSC_GOMex"
"456","2041-2060",7,85,140,2050.5,0.939597315436242,"SEFSC_GOMex"
"457","2041-2060",8,45,139,2050.5,0.932885906040268,"SEFSC_GOMex"
"458","2041-2060",8,85,134,2050.5,0.899328859060403,"SEFSC_GOMex"
"459","2041-2060",9,45,139,2050.5,0.932885906040268,"SEFSC_GOMex"
"460","2041-2060",9,85,133,2050.5,0.89261744966443,"SEFSC_GOMex"
"461","2041-2060",10,45,139,2050.5,0.932885906040268,"SEFSC_GOMex"
"462","2041-2060",10,85,134,2050.5,0.899328859060403,"SEFSC_GOMex"
"463","2041-2060",11,45,132,2050.5,0.885906040268456,"SEFSC_GOMex"
"464","2041-2060",11,85,133,2050.5,0.89261744966443,"SEFSC_GOMex"
"465","2041-2060",12,45,139,2050.5,0.932885906040268,"SEFSC_GOMex"
"466","2041-2060",12,85,134,2050.5,0.899328859060403,"SEFSC_GOMex"
"467","2041-2060",13,45,138,2050.5,0.926174496644295,"SEFSC_GOMex"
"468","2041-2060",13,85,131,2050.5,0.879194630872483,"SEFSC_GOMex"
"469","2061-2080",1,45,137,2070.5,0.919463087248322,"SEFSC_GOMex"
"470","2061-2080",1,85,133,2070.5,0.89261744966443,"SEFSC_GOMex"
"471","2061-2080",2,45,130,2070.5,0.87248322147651,"SEFSC_GOMex"
"472","2061-2080",2,85,127,2070.5,0.852348993288591,"SEFSC_GOMex"
"473","2061-2080",3,45,137,2070.5,0.919463087248322,"SEFSC_GOMex"
"474","2061-2080",3,85,135,2070.5,0.906040268456376,"SEFSC_GOMex"
"475","2061-2080",4,45,134,2070.5,0.899328859060403,"SEFSC_GOMex"
"476","2061-2080",4,85,136,2070.5,0.912751677852349,"SEFSC_GOMex"
"477","2061-2080",5,45,138,2070.5,0.926174496644295,"SEFSC_GOMex"
"478","2061-2080",5,85,133,2070.5,0.89261744966443,"SEFSC_GOMex"
"479","2061-2080",6,45,139,2070.5,0.932885906040268,"SEFSC_GOMex"
"480","2061-2080",6,85,139,2070.5,0.932885906040268,"SEFSC_GOMex"
"481","2061-2080",7,45,139,2070.5,0.932885906040268,"SEFSC_GOMex"
"482","2061-2080",7,85,133,2070.5,0.89261744966443,"SEFSC_GOMex"
"483","2061-2080",8,45,140,2070.5,0.939597315436242,"SEFSC_GOMex"
"484","2061-2080",8,85,134,2070.5,0.899328859060403,"SEFSC_GOMex"
"485","2061-2080",9,45,136,2070.5,0.912751677852349,"SEFSC_GOMex"
"486","2061-2080",9,85,129,2070.5,0.865771812080537,"SEFSC_GOMex"
"487","2061-2080",10,45,134,2070.5,0.899328859060403,"SEFSC_GOMex"
"488","2061-2080",10,85,129,2070.5,0.865771812080537,"SEFSC_GOMex"
"489","2061-2080",11,45,136,2070.5,0.912751677852349,"SEFSC_GOMex"
"490","2061-2080",11,85,127,2070.5,0.852348993288591,"SEFSC_GOMex"
"491","2061-2080",12,45,138,2070.5,0.926174496644295,"SEFSC_GOMex"
"492","2061-2080",12,85,131,2070.5,0.879194630872483,"SEFSC_GOMex"
"493","2061-2080",13,45,135,2070.5,0.906040268456376,"SEFSC_GOMex"
"494","2061-2080",13,85,133,2070.5,0.89261744966443,"SEFSC_GOMex"
"495","2081-2100",1,45,137,2090.5,0.919463087248322,"SEFSC_GOMex"
"496","2081-2100",1,85,128,2090.5,0.859060402684564,"SEFSC_GOMex"
"497","2081-2100",2,45,132,2090.5,0.885906040268456,"SEFSC_GOMex"
"498","2081-2100",2,85,126,2090.5,0.845637583892617,"SEFSC_GOMex"
"499","2081-2100",3,45,131,2090.5,0.879194630872483,"SEFSC_GOMex"
"500","2081-2100",3,85,132,2090.5,0.885906040268456,"SEFSC_GOMex"
"501","2081-2100",4,45,129,2090.5,0.865771812080537,"SEFSC_GOMex"
"502","2081-2100",4,85,127,2090.5,0.852348993288591,"SEFSC_GOMex"
"503","2081-2100",5,45,138,2090.5,0.926174496644295,"SEFSC_GOMex"
"504","2081-2100",5,85,128,2090.5,0.859060402684564,"SEFSC_GOMex"
"505","2081-2100",6,45,138,2090.5,0.926174496644295,"SEFSC_GOMex"
"506","2081-2100",6,85,134,2090.5,0.899328859060403,"SEFSC_GOMex"
"507","2081-2100",7,45,138,2090.5,0.926174496644295,"SEFSC_GOMex"
"508","2081-2100",7,85,125,2090.5,0.838926174496644,"SEFSC_GOMex"
"509","2081-2100",8,45,139,2090.5,0.932885906040268,"SEFSC_GOMex"
"510","2081-2100",8,85,126,2090.5,0.845637583892617,"SEFSC_GOMex"
"511","2081-2100",9,45,134,2090.5,0.899328859060403,"SEFSC_GOMex"
"512","2081-2100",9,85,130,2090.5,0.87248322147651,"SEFSC_GOMex"
"513","2081-2100",10,45,135,2090.5,0.906040268456376,"SEFSC_GOMex"
"514","2081-2100",10,85,124,2090.5,0.832214765100671,"SEFSC_GOMex"
"515","2081-2100",11,45,132,2090.5,0.885906040268456,"SEFSC_GOMex"
"516","2081-2100",11,85,127,2090.5,0.852348993288591,"SEFSC_GOMex"
"517","2081-2100",12,45,134,2090.5,0.899328859060403,"SEFSC_GOMex"
"518","2081-2100",12,85,125,2090.5,0.838926174496644,"SEFSC_GOMex"
"519","2081-2100",13,45,131,2090.5,0.879194630872483,"SEFSC_GOMex"
"520","2081-2100",13,85,128,2090.5,0.859060402684564,"SEFSC_GOMex"
"521","2006-2020",1,45,46,2013,0.851851851851852,"DFO_ScotianShelf"
"522","2006-2020",1,85,44,2013,0.814814814814815,"DFO_ScotianShelf"
"523","2006-2020",2,45,42,2013,0.777777777777778,"DFO_ScotianShelf"
"524","2006-2020",2,85,43,2013,0.796296296296296,"DFO_ScotianShelf"
"525","2006-2020",3,45,42,2013,0.777777777777778,"DFO_ScotianShelf"
"526","2006-2020",3,85,39,2013,0.722222222222222,"DFO_ScotianShelf"
"527","2006-2020",4,45,43,2013,0.796296296296296,"DFO_ScotianShelf"
"528","2006-2020",4,85,43,2013,0.796296296296296,"DFO_ScotianShelf"
"529","2006-2020",5,45,44,2013,0.814814814814815,"DFO_ScotianShelf"
"530","2006-2020",5,85,47,2013,0.87037037037037,"DFO_ScotianShelf"
"531","2006-2020",6,45,44,2013,0.814814814814815,"DFO_ScotianShelf"
"532","2006-2020",6,85,47,2013,0.87037037037037,"DFO_ScotianShelf"
"533","2006-2020",7,45,44,2013,0.814814814814815,"DFO_ScotianShelf"
"534","2006-2020",7,85,51,2013,0.944444444444444,"DFO_ScotianShelf"
"535","2006-2020",8,45,42,2013,0.777777777777778,"DFO_ScotianShelf"
"536","2006-2020",8,85,45,2013,0.833333333333333,"DFO_ScotianShelf"
"537","2006-2020",9,45,45,2013,0.833333333333333,"DFO_ScotianShelf"
"538","2006-2020",9,85,46,2013,0.851851851851852,"DFO_ScotianShelf"
"539","2006-2020",10,45,46,2013,0.851851851851852,"DFO_ScotianShelf"
"540","2006-2020",10,85,42,2013,0.777777777777778,"DFO_ScotianShelf"
"541","2006-2020",11,45,42,2013,0.777777777777778,"DFO_ScotianShelf"
"542","2006-2020",11,85,40,2013,0.740740740740741,"DFO_ScotianShelf"
"543","2006-2020",12,45,47,2013,0.87037037037037,"DFO_ScotianShelf"
"544","2006-2020",12,85,46,2013,0.851851851851852,"DFO_ScotianShelf"
"545","2006-2020",13,45,45,2013,0.833333333333333,"DFO_ScotianShelf"
"546","2006-2020",13,85,44,2013,0.814814814814815,"DFO_ScotianShelf"
"547","2021-2040",1,45,45,2030.5,0.833333333333333,"DFO_ScotianShelf"
"548","2021-2040",1,85,47,2030.5,0.87037037037037,"DFO_ScotianShelf"
"549","2021-2040",2,45,40,2030.5,0.740740740740741,"DFO_ScotianShelf"
"550","2021-2040",2,85,44,2030.5,0.814814814814815,"DFO_ScotianShelf"
"551","2021-2040",3,45,45,2030.5,0.833333333333333,"DFO_ScotianShelf"
"552","2021-2040",3,85,42,2030.5,0.777777777777778,"DFO_ScotianShelf"
"553","2021-2040",4,45,43,2030.5,0.796296296296296,"DFO_ScotianShelf"
"554","2021-2040",4,85,39,2030.5,0.722222222222222,"DFO_ScotianShelf"
"555","2021-2040",5,45,38,2030.5,0.703703703703704,"DFO_ScotianShelf"
"556","2021-2040",5,85,44,2030.5,0.814814814814815,"DFO_ScotianShelf"
"557","2021-2040",6,45,45,2030.5,0.833333333333333,"DFO_ScotianShelf"
"558","2021-2040",6,85,44,2030.5,0.814814814814815,"DFO_ScotianShelf"
"559","2021-2040",7,45,48,2030.5,0.888888888888889,"DFO_ScotianShelf"
"560","2021-2040",7,85,41,2030.5,0.759259259259259,"DFO_ScotianShelf"
"561","2021-2040",8,45,43,2030.5,0.796296296296296,"DFO_ScotianShelf"
"562","2021-2040",8,85,43,2030.5,0.796296296296296,"DFO_ScotianShelf"
"563","2021-2040",9,45,44,2030.5,0.814814814814815,"DFO_ScotianShelf"
"564","2021-2040",9,85,40,2030.5,0.740740740740741,"DFO_ScotianShelf"
"565","2021-2040",10,45,40,2030.5,0.740740740740741,"DFO_ScotianShelf"
"566","2021-2040",10,85,40,2030.5,0.740740740740741,"DFO_ScotianShelf"
"567","2021-2040",11,45,38,2030.5,0.703703703703704,"DFO_ScotianShelf"
"568","2021-2040",11,85,36,2030.5,0.666666666666667,"DFO_ScotianShelf"
"569","2021-2040",12,45,44,2030.5,0.814814814814815,"DFO_ScotianShelf"
"570","2021-2040",12,85,43,2030.5,0.796296296296296,"DFO_ScotianShelf"
"571","2021-2040",13,45,44,2030.5,0.814814814814815,"DFO_ScotianShelf"
"572","2021-2040",13,85,45,2030.5,0.833333333333333,"DFO_ScotianShelf"
"573","2041-2060",1,45,39,2050.5,0.722222222222222,"DFO_ScotianShelf"
"574","2041-2060",1,85,32,2050.5,0.592592592592593,"DFO_ScotianShelf"
"575","2041-2060",2,45,39,2050.5,0.722222222222222,"DFO_ScotianShelf"
"576","2041-2060",2,85,39,2050.5,0.722222222222222,"DFO_ScotianShelf"
"577","2041-2060",3,45,41,2050.5,0.759259259259259,"DFO_ScotianShelf"
"578","2041-2060",3,85,42,2050.5,0.777777777777778,"DFO_ScotianShelf"
"579","2041-2060",4,45,35,2050.5,0.648148148148148,"DFO_ScotianShelf"
"580","2041-2060",4,85,36,2050.5,0.666666666666667,"DFO_ScotianShelf"
"581","2041-2060",5,45,37,2050.5,0.685185185185185,"DFO_ScotianShelf"
"582","2041-2060",5,85,31,2050.5,0.574074074074074,"DFO_ScotianShelf"
"583","2041-2060",6,45,46,2050.5,0.851851851851852,"DFO_ScotianShelf"
"584","2041-2060",6,85,34,2050.5,0.62962962962963,"DFO_ScotianShelf"
"585","2041-2060",7,45,42,2050.5,0.777777777777778,"DFO_ScotianShelf"
"586","2041-2060",7,85,43,2050.5,0.796296296296296,"DFO_ScotianShelf"
"587","2041-2060",8,45,42,2050.5,0.777777777777778,"DFO_ScotianShelf"
"588","2041-2060",8,85,38,2050.5,0.703703703703704,"DFO_ScotianShelf"
"589","2041-2060",9,45,33,2050.5,0.611111111111111,"DFO_ScotianShelf"
"590","2041-2060",9,85,38,2050.5,0.703703703703704,"DFO_ScotianShelf"
"591","2041-2060",10,45,39,2050.5,0.722222222222222,"DFO_ScotianShelf"
"592","2041-2060",10,85,30,2050.5,0.555555555555556,"DFO_ScotianShelf"
"593","2041-2060",11,45,37,2050.5,0.685185185185185,"DFO_ScotianShelf"
"594","2041-2060",11,85,32,2050.5,0.592592592592593,"DFO_ScotianShelf"
"595","2041-2060",12,45,42,2050.5,0.777777777777778,"DFO_ScotianShelf"
"596","2041-2060",12,85,44,2050.5,0.814814814814815,"DFO_ScotianShelf"
"597","2041-2060",13,45,43,2050.5,0.796296296296296,"DFO_ScotianShelf"
"598","2041-2060",13,85,36,2050.5,0.666666666666667,"DFO_ScotianShelf"
"599","2061-2080",1,45,35,2070.5,0.648148148148148,"DFO_ScotianShelf"
"600","2061-2080",1,85,33,2070.5,0.611111111111111,"DFO_ScotianShelf"
"601","2061-2080",2,45,42,2070.5,0.777777777777778,"DFO_ScotianShelf"
"602","2061-2080",2,85,30,2070.5,0.555555555555556,"DFO_ScotianShelf"
"603","2061-2080",3,45,41,2070.5,0.759259259259259,"DFO_ScotianShelf"
"604","2061-2080",3,85,34,2070.5,0.62962962962963,"DFO_ScotianShelf"
"605","2061-2080",4,45,28,2070.5,0.518518518518518,"DFO_ScotianShelf"
"606","2061-2080",4,85,25,2070.5,0.462962962962963,"DFO_ScotianShelf"
"607","2061-2080",5,45,36,2070.5,0.666666666666667,"DFO_ScotianShelf"
"608","2061-2080",5,85,33,2070.5,0.611111111111111,"DFO_ScotianShelf"
"609","2061-2080",6,45,38,2070.5,0.703703703703704,"DFO_ScotianShelf"
"610","2061-2080",6,85,33,2070.5,0.611111111111111,"DFO_ScotianShelf"
"611","2061-2080",7,45,43,2070.5,0.796296296296296,"DFO_ScotianShelf"
"612","2061-2080",7,85,43,2070.5,0.796296296296296,"DFO_ScotianShelf"
"613","2061-2080",8,45,33,2070.5,0.611111111111111,"DFO_ScotianShelf"
"614","2061-2080",8,85,25,2070.5,0.462962962962963,"DFO_ScotianShelf"
"615","2061-2080",9,45,34,2070.5,0.62962962962963,"DFO_ScotianShelf"
"616","2061-2080",9,85,31,2070.5,0.574074074074074,"DFO_ScotianShelf"
"617","2061-2080",10,45,32,2070.5,0.592592592592593,"DFO_ScotianShelf"
"618","2061-2080",10,85,32,2070.5,0.592592592592593,"DFO_ScotianShelf"
"619","2061-2080",11,45,31,2070.5,0.574074074074074,"DFO_ScotianShelf"
"620","2061-2080",11,85,30,2070.5,0.555555555555556,"DFO_ScotianShelf"
"621","2061-2080",12,45,41,2070.5,0.759259259259259,"DFO_ScotianShelf"
"622","2061-2080",12,85,34,2070.5,0.62962962962963,"DFO_ScotianShelf"
"623","2061-2080",13,45,42,2070.5,0.777777777777778,"DFO_ScotianShelf"
"624","2061-2080",13,85,35,2070.5,0.648148148148148,"DFO_ScotianShelf"
"625","2081-2100",1,45,40,2090.5,0.740740740740741,"DFO_ScotianShelf"
"626","2081-2100",1,85,26,2090.5,0.481481481481481,"DFO_ScotianShelf"
"627","2081-2100",2,45,38,2090.5,0.703703703703704,"DFO_ScotianShelf"
"628","2081-2100",2,85,29,2090.5,0.537037037037037,"DFO_ScotianShelf"
"629","2081-2100",3,45,41,2090.5,0.759259259259259,"DFO_ScotianShelf"
"630","2081-2100",3,85,27,2090.5,0.5,"DFO_ScotianShelf"
"631","2081-2100",4,45,30,2090.5,0.555555555555556,"DFO_ScotianShelf"
"632","2081-2100",4,85,24,2090.5,0.444444444444444,"DFO_ScotianShelf"
"633","2081-2100",5,45,26,2090.5,0.481481481481481,"DFO_ScotianShelf"
"634","2081-2100",5,85,23,2090.5,0.425925925925926,"DFO_ScotianShelf"
"635","2081-2100",6,45,42,2090.5,0.777777777777778,"DFO_ScotianShelf"
"636","2081-2100",6,85,27,2090.5,0.5,"DFO_ScotianShelf"
"637","2081-2100",7,45,45,2090.5,0.833333333333333,"DFO_ScotianShelf"
"638","2081-2100",7,85,33,2090.5,0.611111111111111,"DFO_ScotianShelf"
"639","2081-2100",8,45,39,2090.5,0.722222222222222,"DFO_ScotianShelf"
"640","2081-2100",8,85,28,2090.5,0.518518518518518,"DFO_ScotianShelf"
"641","2081-2100",9,45,35,2090.5,0.648148148148148,"DFO_ScotianShelf"
"642","2081-2100",9,85,26,2090.5,0.481481481481481,"DFO_ScotianShelf"
"643","2081-2100",10,45,30,2090.5,0.555555555555556,"DFO_ScotianShelf"
"644","2081-2100",10,85,30,2090.5,0.555555555555556,"DFO_ScotianShelf"
"645","2081-2100",11,45,35,2090.5,0.648148148148148,"DFO_ScotianShelf"
"646","2081-2100",11,85,30,2090.5,0.555555555555556,"DFO_ScotianShelf"
"647","2081-2100",12,45,42,2090.5,0.777777777777778,"DFO_ScotianShelf"
"648","2081-2100",12,85,31,2090.5,0.574074074074074,"DFO_ScotianShelf"
"649","2081-2100",13,45,40,2090.5,0.740740740740741,"DFO_ScotianShelf"
"650","2081-2100",13,85,27,2090.5,0.5,"DFO_ScotianShelf"
"651","2006-2020",1,45,47,2013,0.979166666666667,"DFO_SoGulf"
"652","2006-2020",1,85,44,2013,0.916666666666667,"DFO_SoGulf"
"653","2006-2020",2,45,46,2013,0.958333333333333,"DFO_SoGulf"
"654","2006-2020",2,85,47,2013,0.979166666666667,"DFO_SoGulf"
"655","2006-2020",3,45,46,2013,0.958333333333333,"DFO_SoGulf"
"656","2006-2020",3,85,46,2013,0.958333333333333,"DFO_SoGulf"
"657","2006-2020",4,45,47,2013,0.979166666666667,"DFO_SoGulf"
"658","2006-2020",4,85,46,2013,0.958333333333333,"DFO_SoGulf"
"659","2006-2020",5,45,44,2013,0.916666666666667,"DFO_SoGulf"
"660","2006-2020",5,85,46,2013,0.958333333333333,"DFO_SoGulf"
"661","2006-2020",6,45,46,2013,0.958333333333333,"DFO_SoGulf"
"662","2006-2020",6,85,46,2013,0.958333333333333,"DFO_SoGulf"
"663","2006-2020",7,45,46,2013,0.958333333333333,"DFO_SoGulf"
"664","2006-2020",7,85,46,2013,0.958333333333333,"DFO_SoGulf"
"665","2006-2020",8,45,44,2013,0.916666666666667,"DFO_SoGulf"
"666","2006-2020",8,85,45,2013,0.9375,"DFO_SoGulf"
"667","2006-2020",9,45,46,2013,0.958333333333333,"DFO_SoGulf"
"668","2006-2020",9,85,44,2013,0.916666666666667,"DFO_SoGulf"
"669","2006-2020",10,45,46,2013,0.958333333333333,"DFO_SoGulf"
"670","2006-2020",10,85,46,2013,0.958333333333333,"DFO_SoGulf"
"671","2006-2020",11,45,46,2013,0.958333333333333,"DFO_SoGulf"
"672","2006-2020",11,85,44,2013,0.916666666666667,"DFO_SoGulf"
"673","2006-2020",12,45,47,2013,0.979166666666667,"DFO_SoGulf"
"674","2006-2020",12,85,45,2013,0.9375,"DFO_SoGulf"
"675","2006-2020",13,45,44,2013,0.916666666666667,"DFO_SoGulf"
"676","2006-2020",13,85,46,2013,0.958333333333333,"DFO_SoGulf"
"677","2021-2040",1,45,43,2030.5,0.895833333333333,"DFO_SoGulf"
"678","2021-2040",1,85,47,2030.5,0.979166666666667,"DFO_SoGulf"
"679","2021-2040",2,45,42,2030.5,0.875,"DFO_SoGulf"
"680","2021-2040",2,85,44,2030.5,0.916666666666667,"DFO_SoGulf"
"681","2021-2040",3,45,44,2030.5,0.916666666666667,"DFO_SoGulf"
"682","2021-2040",3,85,45,2030.5,0.9375,"DFO_SoGulf"
"683","2021-2040",4,45,44,2030.5,0.916666666666667,"DFO_SoGulf"
"684","2021-2040",4,85,45,2030.5,0.9375,"DFO_SoGulf"
"685","2021-2040",5,45,44,2030.5,0.916666666666667,"DFO_SoGulf"
"686","2021-2040",5,85,47,2030.5,0.979166666666667,"DFO_SoGulf"
"687","2021-2040",6,45,45,2030.5,0.9375,"DFO_SoGulf"
"688","2021-2040",6,85,43,2030.5,0.895833333333333,"DFO_SoGulf"
"689","2021-2040",7,45,46,2030.5,0.958333333333333,"DFO_SoGulf"
"690","2021-2040",7,85,45,2030.5,0.9375,"DFO_SoGulf"
"691","2021-2040",8,45,45,2030.5,0.9375,"DFO_SoGulf"
"692","2021-2040",8,85,47,2030.5,0.979166666666667,"DFO_SoGulf"
"693","2021-2040",9,45,44,2030.5,0.916666666666667,"DFO_SoGulf"
"694","2021-2040",9,85,46,2030.5,0.958333333333333,"DFO_SoGulf"
"695","2021-2040",10,45,43,2030.5,0.895833333333333,"DFO_SoGulf"
"696","2021-2040",10,85,46,2030.5,0.958333333333333,"DFO_SoGulf"
"697","2021-2040",11,45,39,2030.5,0.8125,"DFO_SoGulf"
"698","2021-2040",11,85,41,2030.5,0.854166666666667,"DFO_SoGulf"
"699","2021-2040",12,45,45,2030.5,0.9375,"DFO_SoGulf"
"700","2021-2040",12,85,47,2030.5,0.979166666666667,"DFO_SoGulf"
"701","2021-2040",13,45,46,2030.5,0.958333333333333,"DFO_SoGulf"
"702","2021-2040",13,85,47,2030.5,0.979166666666667,"DFO_SoGulf"
"703","2041-2060",1,45,43,2050.5,0.895833333333333,"DFO_SoGulf"
"704","2041-2060",1,85,40,2050.5,0.833333333333333,"DFO_SoGulf"
"705","2041-2060",2,45,43,2050.5,0.895833333333333,"DFO_SoGulf"
"706","2041-2060",2,85,38,2050.5,0.791666666666667,"DFO_SoGulf"
"707","2041-2060",3,45,41,2050.5,0.854166666666667,"DFO_SoGulf"
"708","2041-2060",3,85,45,2050.5,0.9375,"DFO_SoGulf"
"709","2041-2060",4,45,38,2050.5,0.791666666666667,"DFO_SoGulf"
"710","2041-2060",4,85,39,2050.5,0.8125,"DFO_SoGulf"
"711","2041-2060",5,45,45,2050.5,0.9375,"DFO_SoGulf"
"712","2041-2060",5,85,43,2050.5,0.895833333333333,"DFO_SoGulf"
"713","2041-2060",6,45,42,2050.5,0.875,"DFO_SoGulf"
"714","2041-2060",6,85,42,2050.5,0.875,"DFO_SoGulf"
"715","2041-2060",7,45,44,2050.5,0.916666666666667,"DFO_SoGulf"
"716","2041-2060",7,85,42,2050.5,0.875,"DFO_SoGulf"
"717","2041-2060",8,45,45,2050.5,0.9375,"DFO_SoGulf"
"718","2041-2060",8,85,39,2050.5,0.8125,"DFO_SoGulf"
"719","2041-2060",9,45,36,2050.5,0.75,"DFO_SoGulf"
"720","2041-2060",9,85,38,2050.5,0.791666666666667,"DFO_SoGulf"
"721","2041-2060",10,45,42,2050.5,0.875,"DFO_SoGulf"
"722","2041-2060",10,85,39,2050.5,0.8125,"DFO_SoGulf"
"723","2041-2060",11,45,36,2050.5,0.75,"DFO_SoGulf"
"724","2041-2060",11,85,26,2050.5,0.541666666666667,"DFO_SoGulf"
"725","2041-2060",12,45,42,2050.5,0.875,"DFO_SoGulf"
"726","2041-2060",12,85,39,2050.5,0.8125,"DFO_SoGulf"
"727","2041-2060",13,45,43,2050.5,0.895833333333333,"DFO_SoGulf"
"728","2041-2060",13,85,41,2050.5,0.854166666666667,"DFO_SoGulf"
"729","2061-2080",1,45,36,2070.5,0.75,"DFO_SoGulf"
"730","2061-2080",1,85,35,2070.5,0.729166666666667,"DFO_SoGulf"
"731","2061-2080",2,45,40,2070.5,0.833333333333333,"DFO_SoGulf"
"732","2061-2080",2,85,27,2070.5,0.5625,"DFO_SoGulf"
"733","2061-2080",3,45,42,2070.5,0.875,"DFO_SoGulf"
"734","2061-2080",3,85,36,2070.5,0.75,"DFO_SoGulf"
"735","2061-2080",4,45,26,2070.5,0.541666666666667,"DFO_SoGulf"
"736","2061-2080",4,85,20,2070.5,0.416666666666667,"DFO_SoGulf"
"737","2061-2080",5,45,44,2070.5,0.916666666666667,"DFO_SoGulf"
"738","2061-2080",5,85,37,2070.5,0.770833333333333,"DFO_SoGulf"
"739","2061-2080",6,45,38,2070.5,0.791666666666667,"DFO_SoGulf"
"740","2061-2080",6,85,37,2070.5,0.770833333333333,"DFO_SoGulf"
"741","2061-2080",7,45,45,2070.5,0.9375,"DFO_SoGulf"
"742","2061-2080",7,85,36,2070.5,0.75,"DFO_SoGulf"
"743","2061-2080",8,45,44,2070.5,0.916666666666667,"DFO_SoGulf"
"744","2061-2080",8,85,41,2070.5,0.854166666666667,"DFO_SoGulf"
"745","2061-2080",9,45,35,2070.5,0.729166666666667,"DFO_SoGulf"
"746","2061-2080",9,85,33,2070.5,0.6875,"DFO_SoGulf"
"747","2061-2080",10,45,38,2070.5,0.791666666666667,"DFO_SoGulf"
"748","2061-2080",10,85,36,2070.5,0.75,"DFO_SoGulf"
"749","2061-2080",11,45,24,2070.5,0.5,"DFO_SoGulf"
"750","2061-2080",11,85,18,2070.5,0.375,"DFO_SoGulf"
"751","2061-2080",12,45,42,2070.5,0.875,"DFO_SoGulf"
"752","2061-2080",12,85,35,2070.5,0.729166666666667,"DFO_SoGulf"
"753","2061-2080",13,45,46,2070.5,0.958333333333333,"DFO_SoGulf"
"754","2061-2080",13,85,40,2070.5,0.833333333333333,"DFO_SoGulf"
"755","2081-2100",1,45,41,2090.5,0.854166666666667,"DFO_SoGulf"
"756","2081-2100",1,85,30,2090.5,0.625,"DFO_SoGulf"
"757","2081-2100",2,45,38,2090.5,0.791666666666667,"DFO_SoGulf"
"758","2081-2100",2,85,26,2090.5,0.541666666666667,"DFO_SoGulf"
"759","2081-2100",3,45,41,2090.5,0.854166666666667,"DFO_SoGulf"
"760","2081-2100",3,85,25,2090.5,0.520833333333333,"DFO_SoGulf"
"761","2081-2100",4,45,24,2090.5,0.5,"DFO_SoGulf"
"762","2081-2100",4,85,32,2090.5,0.666666666666667,"DFO_SoGulf"
"763","2081-2100",5,45,42,2090.5,0.875,"DFO_SoGulf"
"764","2081-2100",5,85,24,2090.5,0.5,"DFO_SoGulf"
"765","2081-2100",6,45,40,2090.5,0.833333333333333,"DFO_SoGulf"
"766","2081-2100",6,85,28,2090.5,0.583333333333333,"DFO_SoGulf"
"767","2081-2100",7,45,44,2090.5,0.916666666666667,"DFO_SoGulf"
"768","2081-2100",7,85,32,2090.5,0.666666666666667,"DFO_SoGulf"
"769","2081-2100",8,45,43,2090.5,0.895833333333333,"DFO_SoGulf"
"770","2081-2100",8,85,29,2090.5,0.604166666666667,"DFO_SoGulf"
"771","2081-2100",9,45,37,2090.5,0.770833333333333,"DFO_SoGulf"
"772","2081-2100",9,85,28,2090.5,0.583333333333333,"DFO_SoGulf"
"773","2081-2100",10,45,40,2090.5,0.833333333333333,"DFO_SoGulf"
"774","2081-2100",10,85,24,2090.5,0.5,"DFO_SoGulf"
"775","2081-2100",11,45,26,2090.5,0.541666666666667,"DFO_SoGulf"
"776","2081-2100",11,85,31,2090.5,0.645833333333333,"DFO_SoGulf"
"777","2081-2100",12,45,44,2090.5,0.916666666666667,"DFO_SoGulf"
"778","2081-2100",12,85,34,2090.5,0.708333333333333,"DFO_SoGulf"
"779","2081-2100",13,45,43,2090.5,0.895833333333333,"DFO_SoGulf"
"780","2081-2100",13,85,33,2090.5,0.6875,"DFO_SoGulf"
"781","2006-2020",1,45,100,2013,0.813008130081301,"AFSC_GOA"
"782","2006-2020",1,85,106,2013,0.861788617886179,"AFSC_GOA"
"783","2006-2020",2,45,102,2013,0.829268292682927,"AFSC_GOA"
"784","2006-2020",2,85,99,2013,0.804878048780488,"AFSC_GOA"
"785","2006-2020",3,45,103,2013,0.83739837398374,"AFSC_GOA"
"786","2006-2020",3,85,94,2013,0.764227642276423,"AFSC_GOA"
"787","2006-2020",4,45,91,2013,0.739837398373984,"AFSC_GOA"
"788","2006-2020",4,85,88,2013,0.715447154471545,"AFSC_GOA"
"789","2006-2020",5,45,101,2013,0.821138211382114,"AFSC_GOA"
"790","2006-2020",5,85,95,2013,0.772357723577236,"AFSC_GOA"
"791","2006-2020",6,45,97,2013,0.788617886178862,"AFSC_GOA"
"792","2006-2020",6,85,100,2013,0.813008130081301,"AFSC_GOA"
"793","2006-2020",7,45,105,2013,0.853658536585366,"AFSC_GOA"
"794","2006-2020",7,85,107,2013,0.869918699186992,"AFSC_GOA"
"795","2006-2020",8,45,100,2013,0.813008130081301,"AFSC_GOA"
"796","2006-2020",8,85,100,2013,0.813008130081301,"AFSC_GOA"
"797","2006-2020",9,45,110,2013,0.894308943089431,"AFSC_GOA"
"798","2006-2020",9,85,106,2013,0.861788617886179,"AFSC_GOA"
"799","2006-2020",10,45,109,2013,0.886178861788618,"AFSC_GOA"
"800","2006-2020",10,85,108,2013,0.878048780487805,"AFSC_GOA"
"801","2006-2020",11,45,104,2013,0.845528455284553,"AFSC_GOA"
"802","2006-2020",11,85,98,2013,0.796747967479675,"AFSC_GOA"
"803","2006-2020",12,45,101,2013,0.821138211382114,"AFSC_GOA"
"804","2006-2020",12,85,105,2013,0.853658536585366,"AFSC_GOA"
"805","2006-2020",13,45,103,2013,0.83739837398374,"AFSC_GOA"
"806","2006-2020",13,85,95,2013,0.772357723577236,"AFSC_GOA"
"807","2021-2040",1,45,105,2030.5,0.853658536585366,"AFSC_GOA"
"808","2021-2040",1,85,99,2030.5,0.804878048780488,"AFSC_GOA"
"809","2021-2040",2,45,100,2030.5,0.813008130081301,"AFSC_GOA"
"810","2021-2040",2,85,99,2030.5,0.804878048780488,"AFSC_GOA"
"811","2021-2040",3,45,93,2030.5,0.75609756097561,"AFSC_GOA"
"812","2021-2040",3,85,101,2030.5,0.821138211382114,"AFSC_GOA"
"813","2021-2040",4,45,98,2030.5,0.796747967479675,"AFSC_GOA"
"814","2021-2040",4,85,95,2030.5,0.772357723577236,"AFSC_GOA"
"815","2021-2040",5,45,97,2030.5,0.788617886178862,"AFSC_GOA"
"816","2021-2040",5,85,105,2030.5,0.853658536585366,"AFSC_GOA"
"817","2021-2040",6,45,101,2030.5,0.821138211382114,"AFSC_GOA"
"818","2021-2040",6,85,103,2030.5,0.83739837398374,"AFSC_GOA"
"819","2021-2040",7,45,105,2030.5,0.853658536585366,"AFSC_GOA"
"820","2021-2040",7,85,97,2030.5,0.788617886178862,"AFSC_GOA"
"821","2021-2040",8,45,94,2030.5,0.764227642276423,"AFSC_GOA"
"822","2021-2040",8,85,92,2030.5,0.747967479674797,"AFSC_GOA"
"823","2021-2040",9,45,105,2030.5,0.853658536585366,"AFSC_GOA"
"824","2021-2040",9,85,106,2030.5,0.861788617886179,"AFSC_GOA"
"825","2021-2040",10,45,100,2030.5,0.813008130081301,"AFSC_GOA"
"826","2021-2040",10,85,99,2030.5,0.804878048780488,"AFSC_GOA"
"827","2021-2040",11,45,102,2030.5,0.829268292682927,"AFSC_GOA"
"828","2021-2040",11,85,103,2030.5,0.83739837398374,"AFSC_GOA"
"829","2021-2040",12,45,100,2030.5,0.813008130081301,"AFSC_GOA"
"830","2021-2040",12,85,96,2030.5,0.780487804878049,"AFSC_GOA"
"831","2021-2040",13,45,103,2030.5,0.83739837398374,"AFSC_GOA"
"832","2021-2040",13,85,101,2030.5,0.821138211382114,"AFSC_GOA"
"833","2041-2060",1,45,98,2050.5,0.796747967479675,"AFSC_GOA"
"834","2041-2060",1,85,99,2050.5,0.804878048780488,"AFSC_GOA"
"835","2041-2060",2,45,98,2050.5,0.796747967479675,"AFSC_GOA"
"836","2041-2060",2,85,95,2050.5,0.772357723577236,"AFSC_GOA"
"837","2041-2060",3,45,95,2050.5,0.772357723577236,"AFSC_GOA"
"838","2041-2060",3,85,87,2050.5,0.707317073170732,"AFSC_GOA"
"839","2041-2060",4,45,88,2050.5,0.715447154471545,"AFSC_GOA"
"840","2041-2060",4,85,94,2050.5,0.764227642276423,"AFSC_GOA"
"841","2041-2060",5,45,87,2050.5,0.707317073170732,"AFSC_GOA"
"842","2041-2060",5,85,91,2050.5,0.739837398373984,"AFSC_GOA"
"843","2041-2060",6,45,98,2050.5,0.796747967479675,"AFSC_GOA"
"844","2041-2060",6,85,89,2050.5,0.723577235772358,"AFSC_GOA"
"845","2041-2060",7,45,102,2050.5,0.829268292682927,"AFSC_GOA"
"846","2041-2060",7,85,103,2050.5,0.83739837398374,"AFSC_GOA"
"847","2041-2060",8,45,100,2050.5,0.813008130081301,"AFSC_GOA"
"848","2041-2060",8,85,86,2050.5,0.699186991869919,"AFSC_GOA"
"849","2041-2060",9,45,99,2050.5,0.804878048780488,"AFSC_GOA"
"850","2041-2060",9,85,98,2050.5,0.796747967479675,"AFSC_GOA"
"851","2041-2060",10,45,76,2050.5,0.617886178861789,"AFSC_GOA"
"852","2041-2060",10,85,88,2050.5,0.715447154471545,"AFSC_GOA"
"853","2041-2060",11,45,96,2050.5,0.780487804878049,"AFSC_GOA"
"854","2041-2060",11,85,93,2050.5,0.75609756097561,"AFSC_GOA"
"855","2041-2060",12,45,94,2050.5,0.764227642276423,"AFSC_GOA"
"856","2041-2060",12,85,99,2050.5,0.804878048780488,"AFSC_GOA"
"857","2041-2060",13,45,103,2050.5,0.83739837398374,"AFSC_GOA"
"858","2041-2060",13,85,102,2050.5,0.829268292682927,"AFSC_GOA"
"859","2061-2080",1,45,93,2070.5,0.75609756097561,"AFSC_GOA"
"860","2061-2080",1,85,91,2070.5,0.739837398373984,"AFSC_GOA"
"861","2061-2080",2,45,92,2070.5,0.747967479674797,"AFSC_GOA"
"862","2061-2080",2,85,85,2070.5,0.691056910569106,"AFSC_GOA"
"863","2061-2080",3,45,96,2070.5,0.780487804878049,"AFSC_GOA"
"864","2061-2080",3,85,78,2070.5,0.634146341463415,"AFSC_GOA"
"865","2061-2080",4,45,84,2070.5,0.682926829268293,"AFSC_GOA"
"866","2061-2080",4,85,80,2070.5,0.650406504065041,"AFSC_GOA"
"867","2061-2080",5,45,91,2070.5,0.739837398373984,"AFSC_GOA"
"868","2061-2080",5,85,87,2070.5,0.707317073170732,"AFSC_GOA"
"869","2061-2080",6,45,102,2070.5,0.829268292682927,"AFSC_GOA"
"870","2061-2080",6,85,93,2070.5,0.75609756097561,"AFSC_GOA"
"871","2061-2080",7,45,93,2070.5,0.75609756097561,"AFSC_GOA"
"872","2061-2080",7,85,93,2070.5,0.75609756097561,"AFSC_GOA"
"873","2061-2080",8,45,100,2070.5,0.813008130081301,"AFSC_GOA"
"874","2061-2080",8,85,87,2070.5,0.707317073170732,"AFSC_GOA"
"875","2061-2080",9,45,84,2070.5,0.682926829268293,"AFSC_GOA"
"876","2061-2080",9,85,81,2070.5,0.658536585365854,"AFSC_GOA"
"877","2061-2080",10,45,84,2070.5,0.682926829268293,"AFSC_GOA"
"878","2061-2080",10,85,84,2070.5,0.682926829268293,"AFSC_GOA"
"879","2061-2080",11,45,94,2070.5,0.764227642276423,"AFSC_GOA"
"880","2061-2080",11,85,89,2070.5,0.723577235772358,"AFSC_GOA"
"881","2061-2080",12,45,95,2070.5,0.772357723577236,"AFSC_GOA"
"882","2061-2080",12,85,85,2070.5,0.691056910569106,"AFSC_GOA"
"883","2061-2080",13,45,106,2070.5,0.861788617886179,"AFSC_GOA"
"884","2061-2080",13,85,102,2070.5,0.829268292682927,"AFSC_GOA"
"885","2081-2100",1,45,91,2090.5,0.739837398373984,"AFSC_GOA"
"886","2081-2100",1,85,80,2090.5,0.650406504065041,"AFSC_GOA"
"887","2081-2100",2,45,92,2090.5,0.747967479674797,"AFSC_GOA"
"888","2081-2100",2,85,86,2090.5,0.699186991869919,"AFSC_GOA"
"889","2081-2100",3,45,95,2090.5,0.772357723577236,"AFSC_GOA"
"890","2081-2100",3,85,80,2090.5,0.650406504065041,"AFSC_GOA"
"891","2081-2100",4,45,85,2090.5,0.691056910569106,"AFSC_GOA"
"892","2081-2100",4,85,82,2090.5,0.666666666666667,"AFSC_GOA"
"893","2081-2100",5,45,83,2090.5,0.67479674796748,"AFSC_GOA"
"894","2081-2100",5,85,91,2090.5,0.739837398373984,"AFSC_GOA"
"895","2081-2100",6,45,103,2090.5,0.83739837398374,"AFSC_GOA"
"896","2081-2100",6,85,92,2090.5,0.747967479674797,"AFSC_GOA"
"897","2081-2100",7,45,88,2090.5,0.715447154471545,"AFSC_GOA"
"898","2081-2100",7,85,85,2090.5,0.691056910569106,"AFSC_GOA"
"899","2081-2100",8,45,98,2090.5,0.796747967479675,"AFSC_GOA"
"900","2081-2100",8,85,80,2090.5,0.650406504065041,"AFSC_GOA"
"901","2081-2100",9,45,85,2090.5,0.691056910569106,"AFSC_GOA"
"902","2081-2100",9,85,75,2090.5,0.609756097560976,"AFSC_GOA"
"903","2081-2100",10,45,77,2090.5,0.626016260162602,"AFSC_GOA"
"904","2081-2100",10,85,84,2090.5,0.682926829268293,"AFSC_GOA"
"905","2081-2100",11,45,89,2090.5,0.723577235772358,"AFSC_GOA"
"906","2081-2100",11,85,82,2090.5,0.666666666666667,"AFSC_GOA"
"907","2081-2100",12,45,87,2090.5,0.707317073170732,"AFSC_GOA"
"908","2081-2100",12,85,78,2090.5,0.634146341463415,"AFSC_GOA"
"909","2081-2100",13,45,106,2090.5,0.861788617886179,"AFSC_GOA"
"910","2081-2100",13,85,89,2090.5,0.723577235772358,"AFSC_GOA"
"911","2006-2020",1,45,43,2013,0.811320754716981,"AFSC_Aleutians"
"912","2006-2020",1,85,36,2013,0.679245283018868,"AFSC_Aleutians"
"913","2006-2020",2,45,39,2013,0.735849056603774,"AFSC_Aleutians"
"914","2006-2020",2,85,39,2013,0.735849056603774,"AFSC_Aleutians"
"915","2006-2020",3,45,39,2013,0.735849056603774,"AFSC_Aleutians"
"916","2006-2020",3,85,37,2013,0.69811320754717,"AFSC_Aleutians"
"917","2006-2020",4,45,36,2013,0.679245283018868,"AFSC_Aleutians"
"918","2006-2020",4,85,38,2013,0.716981132075472,"AFSC_Aleutians"
"919","2006-2020",5,45,40,2013,0.754716981132076,"AFSC_Aleutians"
"920","2006-2020",5,85,39,2013,0.735849056603774,"AFSC_Aleutians"
"921","2006-2020",6,45,41,2013,0.773584905660377,"AFSC_Aleutians"
"922","2006-2020",6,85,44,2013,0.830188679245283,"AFSC_Aleutians"
"923","2006-2020",7,45,37,2013,0.69811320754717,"AFSC_Aleutians"
"924","2006-2020",7,85,39,2013,0.735849056603774,"AFSC_Aleutians"
"925","2006-2020",8,45,40,2013,0.754716981132076,"AFSC_Aleutians"
"926","2006-2020",8,85,42,2013,0.792452830188679,"AFSC_Aleutians"
"927","2006-2020",9,45,43,2013,0.811320754716981,"AFSC_Aleutians"
"928","2006-2020",9,85,41,2013,0.773584905660377,"AFSC_Aleutians"
"929","2006-2020",10,45,39,2013,0.735849056603774,"AFSC_Aleutians"
"930","2006-2020",10,85,40,2013,0.754716981132076,"AFSC_Aleutians"
"931","2006-2020",11,45,40,2013,0.754716981132076,"AFSC_Aleutians"
"932","2006-2020",11,85,38,2013,0.716981132075472,"AFSC_Aleutians"
"933","2006-2020",12,45,38,2013,0.716981132075472,"AFSC_Aleutians"
"934","2006-2020",12,85,39,2013,0.735849056603774,"AFSC_Aleutians"
"935","2006-2020",13,45,38,2013,0.716981132075472,"AFSC_Aleutians"
"936","2006-2020",13,85,37,2013,0.69811320754717,"AFSC_Aleutians"
"937","2021-2040",1,45,40,2030.5,0.754716981132076,"AFSC_Aleutians"
"938","2021-2040",1,85,37,2030.5,0.69811320754717,"AFSC_Aleutians"
"939","2021-2040",2,45,42,2030.5,0.792452830188679,"AFSC_Aleutians"
"940","2021-2040",2,85,42,2030.5,0.792452830188679,"AFSC_Aleutians"
"941","2021-2040",3,45,40,2030.5,0.754716981132076,"AFSC_Aleutians"
"942","2021-2040",3,85,39,2030.5,0.735849056603774,"AFSC_Aleutians"
"943","2021-2040",4,45,43,2030.5,0.811320754716981,"AFSC_Aleutians"
"944","2021-2040",4,85,41,2030.5,0.773584905660377,"AFSC_Aleutians"
"945","2021-2040",5,45,41,2030.5,0.773584905660377,"AFSC_Aleutians"
"946","2021-2040",5,85,40,2030.5,0.754716981132076,"AFSC_Aleutians"
"947","2021-2040",6,45,36,2030.5,0.679245283018868,"AFSC_Aleutians"
"948","2021-2040",6,85,32,2030.5,0.60377358490566,"AFSC_Aleutians"
"949","2021-2040",7,45,37,2030.5,0.69811320754717,"AFSC_Aleutians"
"950","2021-2040",7,85,40,2030.5,0.754716981132076,"AFSC_Aleutians"
"951","2021-2040",8,45,40,2030.5,0.754716981132076,"AFSC_Aleutians"
"952","2021-2040",8,85,36,2030.5,0.679245283018868,"AFSC_Aleutians"
"953","2021-2040",9,45,40,2030.5,0.754716981132076,"AFSC_Aleutians"
"954","2021-2040",9,85,38,2030.5,0.716981132075472,"AFSC_Aleutians"
"955","2021-2040",10,45,40,2030.5,0.754716981132076,"AFSC_Aleutians"
"956","2021-2040",10,85,42,2030.5,0.792452830188679,"AFSC_Aleutians"
"957","2021-2040",11,45,40,2030.5,0.754716981132076,"AFSC_Aleutians"
"958","2021-2040",11,85,34,2030.5,0.641509433962264,"AFSC_Aleutians"
"959","2021-2040",12,45,44,2030.5,0.830188679245283,"AFSC_Aleutians"
"960","2021-2040",12,85,43,2030.5,0.811320754716981,"AFSC_Aleutians"
"961","2021-2040",13,45,41,2030.5,0.773584905660377,"AFSC_Aleutians"
"962","2021-2040",13,85,42,2030.5,0.792452830188679,"AFSC_Aleutians"
"963","2041-2060",1,45,34,2050.5,0.641509433962264,"AFSC_Aleutians"
"964","2041-2060",1,85,36,2050.5,0.679245283018868,"AFSC_Aleutians"
"965","2041-2060",2,45,35,2050.5,0.660377358490566,"AFSC_Aleutians"
"966","2041-2060",2,85,41,2050.5,0.773584905660377,"AFSC_Aleutians"
"967","2041-2060",3,45,39,2050.5,0.735849056603774,"AFSC_Aleutians"
"968","2041-2060",3,85,38,2050.5,0.716981132075472,"AFSC_Aleutians"
"969","2041-2060",4,45,42,2050.5,0.792452830188679,"AFSC_Aleutians"
"970","2041-2060",4,85,39,2050.5,0.735849056603774,"AFSC_Aleutians"
"971","2041-2060",5,45,37,2050.5,0.69811320754717,"AFSC_Aleutians"
"972","2041-2060",5,85,37,2050.5,0.69811320754717,"AFSC_Aleutians"
"973","2041-2060",6,45,40,2050.5,0.754716981132076,"AFSC_Aleutians"
"974","2041-2060",6,85,39,2050.5,0.735849056603774,"AFSC_Aleutians"
"975","2041-2060",7,45,41,2050.5,0.773584905660377,"AFSC_Aleutians"
"976","2041-2060",7,85,42,2050.5,0.792452830188679,"AFSC_Aleutians"
"977","2041-2060",8,45,35,2050.5,0.660377358490566,"AFSC_Aleutians"
"978","2041-2060",8,85,39,2050.5,0.735849056603774,"AFSC_Aleutians"
"979","2041-2060",9,45,41,2050.5,0.773584905660377,"AFSC_Aleutians"
"980","2041-2060",9,85,39,2050.5,0.735849056603774,"AFSC_Aleutians"
"981","2041-2060",10,45,41,2050.5,0.773584905660377,"AFSC_Aleutians"
"982","2041-2060",10,85,40,2050.5,0.754716981132076,"AFSC_Aleutians"
"983","2041-2060",11,45,37,2050.5,0.69811320754717,"AFSC_Aleutians"
"984","2041-2060",11,85,40,2050.5,0.754716981132076,"AFSC_Aleutians"
"985","2041-2060",12,45,41,2050.5,0.773584905660377,"AFSC_Aleutians"
"986","2041-2060",12,85,40,2050.5,0.754716981132076,"AFSC_Aleutians"
"987","2041-2060",13,45,40,2050.5,0.754716981132076,"AFSC_Aleutians"
"988","2041-2060",13,85,36,2050.5,0.679245283018868,"AFSC_Aleutians"
"989","2061-2080",1,45,38,2070.5,0.716981132075472,"AFSC_Aleutians"
"990","2061-2080",1,85,43,2070.5,0.811320754716981,"AFSC_Aleutians"
"991","2061-2080",2,45,40,2070.5,0.754716981132076,"AFSC_Aleutians"
"992","2061-2080",2,85,39,2070.5,0.735849056603774,"AFSC_Aleutians"
"993","2061-2080",3,45,41,2070.5,0.773584905660377,"AFSC_Aleutians"
"994","2061-2080",3,85,39,2070.5,0.735849056603774,"AFSC_Aleutians"
"995","2061-2080",4,45,37,2070.5,0.69811320754717,"AFSC_Aleutians"
"996","2061-2080",4,85,36,2070.5,0.679245283018868,"AFSC_Aleutians"
"997","2061-2080",5,45,40,2070.5,0.754716981132076,"AFSC_Aleutians"
"998","2061-2080",5,85,37,2070.5,0.69811320754717,"AFSC_Aleutians"
"999","2061-2080",6,45,37,2070.5,0.69811320754717,"AFSC_Aleutians"
"1000","2061-2080",6,85,35,2070.5,0.660377358490566,"AFSC_Aleutians"
"1001","2061-2080",7,45,45,2070.5,0.849056603773585,"AFSC_Aleutians"
"1002","2061-2080",7,85,39,2070.5,0.735849056603774,"AFSC_Aleutians"
"1003","2061-2080",8,45,41,2070.5,0.773584905660377,"AFSC_Aleutians"
"1004","2061-2080",8,85,42,2070.5,0.792452830188679,"AFSC_Aleutians"
"1005","2061-2080",9,45,41,2070.5,0.773584905660377,"AFSC_Aleutians"
"1006","2061-2080",9,85,39,2070.5,0.735849056603774,"AFSC_Aleutians"
"1007","2061-2080",10,45,39,2070.5,0.735849056603774,"AFSC_Aleutians"
"1008","2061-2080",10,85,38,2070.5,0.716981132075472,"AFSC_Aleutians"
"1009","2061-2080",11,45,42,2070.5,0.792452830188679,"AFSC_Aleutians"
"1010","2061-2080",11,85,38,2070.5,0.716981132075472,"AFSC_Aleutians"
"1011","2061-2080",12,45,37,2070.5,0.69811320754717,"AFSC_Aleutians"
"1012","2061-2080",12,85,38,2070.5,0.716981132075472,"AFSC_Aleutians"
"1013","2061-2080",13,45,38,2070.5,0.716981132075472,"AFSC_Aleutians"
"1014","2061-2080",13,85,36,2070.5,0.679245283018868,"AFSC_Aleutians"
"1015","2081-2100",1,45,37,2090.5,0.69811320754717,"AFSC_Aleutians"
"1016","2081-2100",1,85,36,2090.5,0.679245283018868,"AFSC_Aleutians"
"1017","2081-2100",2,45,39,2090.5,0.735849056603774,"AFSC_Aleutians"
"1018","2081-2100",2,85,40,2090.5,0.754716981132076,"AFSC_Aleutians"
"1019","2081-2100",3,45,39,2090.5,0.735849056603774,"AFSC_Aleutians"
"1020","2081-2100",3,85,41,2090.5,0.773584905660377,"AFSC_Aleutians"
"1021","2081-2100",4,45,43,2090.5,0.811320754716981,"AFSC_Aleutians"
"1022","2081-2100",4,85,42,2090.5,0.792452830188679,"AFSC_Aleutians"
"1023","2081-2100",5,45,38,2090.5,0.716981132075472,"AFSC_Aleutians"
"1024","2081-2100",5,85,40,2090.5,0.754716981132076,"AFSC_Aleutians"
"1025","2081-2100",6,45,43,2090.5,0.811320754716981,"AFSC_Aleutians"
"1026","2081-2100",6,85,40,2090.5,0.754716981132076,"AFSC_Aleutians"
"1027","2081-2100",7,45,44,2090.5,0.830188679245283,"AFSC_Aleutians"
"1028","2081-2100",7,85,41,2090.5,0.773584905660377,"AFSC_Aleutians"
"1029","2081-2100",8,45,38,2090.5,0.716981132075472,"AFSC_Aleutians"
"1030","2081-2100",8,85,34,2090.5,0.641509433962264,"AFSC_Aleutians"
"1031","2081-2100",9,45,43,2090.5,0.811320754716981,"AFSC_Aleutians"
"1032","2081-2100",9,85,43,2090.5,0.811320754716981,"AFSC_Aleutians"
"1033","2081-2100",10,45,40,2090.5,0.754716981132076,"AFSC_Aleutians"
"1034","2081-2100",10,85,42,2090.5,0.792452830188679,"AFSC_Aleutians"
"1035","2081-2100",11,45,42,2090.5,0.792452830188679,"AFSC_Aleutians"
"1036","2081-2100",11,85,38,2090.5,0.716981132075472,"AFSC_Aleutians"
"1037","2081-2100",12,45,37,2090.5,0.69811320754717,"AFSC_Aleutians"
"1038","2081-2100",12,85,39,2090.5,0.735849056603774,"AFSC_Aleutians"
"1039","2081-2100",13,45,45,2090.5,0.849056603773585,"AFSC_Aleutians"
"1040","2081-2100",13,85,40,2090.5,0.754716981132076,"AFSC_Aleutians"
"1041","2006-2020",1,45,107,2013,0.862903225806452,"NWFSC_WCAnn"
"1042","2006-2020",1,85,108,2013,0.870967741935484,"NWFSC_WCAnn"
"1043","2006-2020",2,45,108,2013,0.870967741935484,"NWFSC_WCAnn"
"1044","2006-2020",2,85,103,2013,0.830645161290323,"NWFSC_WCAnn"
"1045","2006-2020",3,45,111,2013,0.895161290322581,"NWFSC_WCAnn"
"1046","2006-2020",3,85,115,2013,0.92741935483871,"NWFSC_WCAnn"
"1047","2006-2020",4,45,106,2013,0.854838709677419,"NWFSC_WCAnn"
"1048","2006-2020",4,85,110,2013,0.887096774193548,"NWFSC_WCAnn"
"1049","2006-2020",5,45,104,2013,0.838709677419355,"NWFSC_WCAnn"
"1050","2006-2020",5,85,106,2013,0.854838709677419,"NWFSC_WCAnn"
"1051","2006-2020",6,45,111,2013,0.895161290322581,"NWFSC_WCAnn"
"1052","2006-2020",6,85,108,2013,0.870967741935484,"NWFSC_WCAnn"
"1053","2006-2020",7,45,105,2013,0.846774193548387,"NWFSC_WCAnn"
"1054","2006-2020",7,85,102,2013,0.82258064516129,"NWFSC_WCAnn"
"1055","2006-2020",8,45,110,2013,0.887096774193548,"NWFSC_WCAnn"
"1056","2006-2020",8,85,107,2013,0.862903225806452,"NWFSC_WCAnn"
"1057","2006-2020",9,45,111,2013,0.895161290322581,"NWFSC_WCAnn"
"1058","2006-2020",9,85,116,2013,0.935483870967742,"NWFSC_WCAnn"
"1059","2006-2020",10,45,104,2013,0.838709677419355,"NWFSC_WCAnn"
"1060","2006-2020",10,85,114,2013,0.919354838709677,"NWFSC_WCAnn"
"1061","2006-2020",11,45,112,2013,0.903225806451613,"NWFSC_WCAnn"
"1062","2006-2020",11,85,109,2013,0.879032258064516,"NWFSC_WCAnn"
"1063","2006-2020",12,45,107,2013,0.862903225806452,"NWFSC_WCAnn"
"1064","2006-2020",12,85,108,2013,0.870967741935484,"NWFSC_WCAnn"
"1065","2006-2020",13,45,115,2013,0.92741935483871,"NWFSC_WCAnn"
"1066","2006-2020",13,85,113,2013,0.911290322580645,"NWFSC_WCAnn"
"1067","2021-2040",1,45,113,2030.5,0.911290322580645,"NWFSC_WCAnn"
"1068","2021-2040",1,85,106,2030.5,0.854838709677419,"NWFSC_WCAnn"
"1069","2021-2040",2,45,110,2030.5,0.887096774193548,"NWFSC_WCAnn"
"1070","2021-2040",2,85,110,2030.5,0.887096774193548,"NWFSC_WCAnn"
"1071","2021-2040",3,45,111,2030.5,0.895161290322581,"NWFSC_WCAnn"
"1072","2021-2040",3,85,115,2030.5,0.92741935483871,"NWFSC_WCAnn"
"1073","2021-2040",4,45,113,2030.5,0.911290322580645,"NWFSC_WCAnn"
"1074","2021-2040",4,85,112,2030.5,0.903225806451613,"NWFSC_WCAnn"
"1075","2021-2040",5,45,112,2030.5,0.903225806451613,"NWFSC_WCAnn"
"1076","2021-2040",5,85,107,2030.5,0.862903225806452,"NWFSC_WCAnn"
"1077","2021-2040",6,45,108,2030.5,0.870967741935484,"NWFSC_WCAnn"
"1078","2021-2040",6,85,108,2030.5,0.870967741935484,"NWFSC_WCAnn"
"1079","2021-2040",7,45,115,2030.5,0.92741935483871,"NWFSC_WCAnn"
"1080","2021-2040",7,85,112,2030.5,0.903225806451613,"NWFSC_WCAnn"
"1081","2021-2040",8,45,109,2030.5,0.879032258064516,"NWFSC_WCAnn"
"1082","2021-2040",8,85,109,2030.5,0.879032258064516,"NWFSC_WCAnn"
"1083","2021-2040",9,45,116,2030.5,0.935483870967742,"NWFSC_WCAnn"
"1084","2021-2040",9,85,112,2030.5,0.903225806451613,"NWFSC_WCAnn"
"1085","2021-2040",10,45,114,2030.5,0.919354838709677,"NWFSC_WCAnn"
"1086","2021-2040",10,85,116,2030.5,0.935483870967742,"NWFSC_WCAnn"
"1087","2021-2040",11,45,111,2030.5,0.895161290322581,"NWFSC_WCAnn"
"1088","2021-2040",11,85,109,2030.5,0.879032258064516,"NWFSC_WCAnn"
"1089","2021-2040",12,45,113,2030.5,0.911290322580645,"NWFSC_WCAnn"
"1090","2021-2040",12,85,101,2030.5,0.814516129032258,"NWFSC_WCAnn"
"1091","2021-2040",13,45,113,2030.5,0.911290322580645,"NWFSC_WCAnn"
"1092","2021-2040",13,85,112,2030.5,0.903225806451613,"NWFSC_WCAnn"
"1093","2041-2060",1,45,113,2050.5,0.911290322580645,"NWFSC_WCAnn"
"1094","2041-2060",1,85,116,2050.5,0.935483870967742,"NWFSC_WCAnn"
"1095","2041-2060",2,45,115,2050.5,0.92741935483871,"NWFSC_WCAnn"
"1096","2041-2060",2,85,112,2050.5,0.903225806451613,"NWFSC_WCAnn"
"1097","2041-2060",3,45,108,2050.5,0.870967741935484,"NWFSC_WCAnn"
"1098","2041-2060",3,85,110,2050.5,0.887096774193548,"NWFSC_WCAnn"
"1099","2041-2060",4,45,109,2050.5,0.879032258064516,"NWFSC_WCAnn"
"1100","2041-2060",4,85,108,2050.5,0.870967741935484,"NWFSC_WCAnn"
"1101","2041-2060",5,45,106,2050.5,0.854838709677419,"NWFSC_WCAnn"
"1102","2041-2060",5,85,108,2050.5,0.870967741935484,"NWFSC_WCAnn"
"1103","2041-2060",6,45,106,2050.5,0.854838709677419,"NWFSC_WCAnn"
"1104","2041-2060",6,85,106,2050.5,0.854838709677419,"NWFSC_WCAnn"
"1105","2041-2060",7,45,109,2050.5,0.879032258064516,"NWFSC_WCAnn"
"1106","2041-2060",7,85,109,2050.5,0.879032258064516,"NWFSC_WCAnn"
"1107","2041-2060",8,45,109,2050.5,0.879032258064516,"NWFSC_WCAnn"
"1108","2041-2060",8,85,103,2050.5,0.830645161290323,"NWFSC_WCAnn"
"1109","2041-2060",9,45,106,2050.5,0.854838709677419,"NWFSC_WCAnn"
"1110","2041-2060",9,85,110,2050.5,0.887096774193548,"NWFSC_WCAnn"
"1111","2041-2060",10,45,108,2050.5,0.870967741935484,"NWFSC_WCAnn"
"1112","2041-2060",10,85,109,2050.5,0.879032258064516,"NWFSC_WCAnn"
"1113","2041-2060",11,45,111,2050.5,0.895161290322581,"NWFSC_WCAnn"
"1114","2041-2060",11,85,113,2050.5,0.911290322580645,"NWFSC_WCAnn"
"1115","2041-2060",12,45,107,2050.5,0.862903225806452,"NWFSC_WCAnn"
"1116","2041-2060",12,85,98,2050.5,0.790322580645161,"NWFSC_WCAnn"
"1117","2041-2060",13,45,106,2050.5,0.854838709677419,"NWFSC_WCAnn"
"1118","2041-2060",13,85,113,2050.5,0.911290322580645,"NWFSC_WCAnn"
"1119","2061-2080",1,45,105,2070.5,0.846774193548387,"NWFSC_WCAnn"
"1120","2061-2080",1,85,107,2070.5,0.862903225806452,"NWFSC_WCAnn"
"1121","2061-2080",2,45,110,2070.5,0.887096774193548,"NWFSC_WCAnn"
"1122","2061-2080",2,85,104,2070.5,0.838709677419355,"NWFSC_WCAnn"
"1123","2061-2080",3,45,109,2070.5,0.879032258064516,"NWFSC_WCAnn"
"1124","2061-2080",3,85,100,2070.5,0.806451612903226,"NWFSC_WCAnn"
"1125","2061-2080",4,45,105,2070.5,0.846774193548387,"NWFSC_WCAnn"
"1126","2061-2080",4,85,109,2070.5,0.879032258064516,"NWFSC_WCAnn"
"1127","2061-2080",5,45,105,2070.5,0.846774193548387,"NWFSC_WCAnn"
"1128","2061-2080",5,85,103,2070.5,0.830645161290323,"NWFSC_WCAnn"
"1129","2061-2080",6,45,103,2070.5,0.830645161290323,"NWFSC_WCAnn"
"1130","2061-2080",6,85,107,2070.5,0.862903225806452,"NWFSC_WCAnn"
"1131","2061-2080",7,45,115,2070.5,0.92741935483871,"NWFSC_WCAnn"
"1132","2061-2080",7,85,106,2070.5,0.854838709677419,"NWFSC_WCAnn"
"1133","2061-2080",8,45,110,2070.5,0.887096774193548,"NWFSC_WCAnn"
"1134","2061-2080",8,85,108,2070.5,0.870967741935484,"NWFSC_WCAnn"
"1135","2061-2080",9,45,106,2070.5,0.854838709677419,"NWFSC_WCAnn"
"1136","2061-2080",9,85,98,2070.5,0.790322580645161,"NWFSC_WCAnn"
"1137","2061-2080",10,45,102,2070.5,0.82258064516129,"NWFSC_WCAnn"
"1138","2061-2080",10,85,104,2070.5,0.838709677419355,"NWFSC_WCAnn"
"1139","2061-2080",11,45,105,2070.5,0.846774193548387,"NWFSC_WCAnn"
"1140","2061-2080",11,85,102,2070.5,0.82258064516129,"NWFSC_WCAnn"
"1141","2061-2080",12,45,104,2070.5,0.838709677419355,"NWFSC_WCAnn"
"1142","2061-2080",12,85,105,2070.5,0.846774193548387,"NWFSC_WCAnn"
"1143","2061-2080",13,45,114,2070.5,0.919354838709677,"NWFSC_WCAnn"
"1144","2061-2080",13,85,108,2070.5,0.870967741935484,"NWFSC_WCAnn"
"1145","2081-2100",1,45,101,2090.5,0.814516129032258,"NWFSC_WCAnn"
"1146","2081-2100",1,85,100,2090.5,0.806451612903226,"NWFSC_WCAnn"
"1147","2081-2100",2,45,101,2090.5,0.814516129032258,"NWFSC_WCAnn"
"1148","2081-2100",2,85,102,2090.5,0.82258064516129,"NWFSC_WCAnn"
"1149","2081-2100",3,45,106,2090.5,0.854838709677419,"NWFSC_WCAnn"
"1150","2081-2100",3,85,103,2090.5,0.830645161290323,"NWFSC_WCAnn"
"1151","2081-2100",4,45,104,2090.5,0.838709677419355,"NWFSC_WCAnn"
"1152","2081-2100",4,85,104,2090.5,0.838709677419355,"NWFSC_WCAnn"
"1153","2081-2100",5,45,108,2090.5,0.870967741935484,"NWFSC_WCAnn"
"1154","2081-2100",5,85,103,2090.5,0.830645161290323,"NWFSC_WCAnn"
"1155","2081-2100",6,45,101,2090.5,0.814516129032258,"NWFSC_WCAnn"
"1156","2081-2100",6,85,100,2090.5,0.806451612903226,"NWFSC_WCAnn"
"1157","2081-2100",7,45,111,2090.5,0.895161290322581,"NWFSC_WCAnn"
"1158","2081-2100",7,85,98,2090.5,0.790322580645161,"NWFSC_WCAnn"
"1159","2081-2100",8,45,116,2090.5,0.935483870967742,"NWFSC_WCAnn"
"1160","2081-2100",8,85,100,2090.5,0.806451612903226,"NWFSC_WCAnn"
"1161","2081-2100",9,45,100,2090.5,0.806451612903226,"NWFSC_WCAnn"
"1162","2081-2100",9,85,106,2090.5,0.854838709677419,"NWFSC_WCAnn"
"1163","2081-2100",10,45,95,2090.5,0.766129032258065,"NWFSC_WCAnn"
"1164","2081-2100",10,85,98,2090.5,0.790322580645161,"NWFSC_WCAnn"
"1165","2081-2100",11,45,105,2090.5,0.846774193548387,"NWFSC_WCAnn"
"1166","2081-2100",11,85,102,2090.5,0.82258064516129,"NWFSC_WCAnn"
"1167","2081-2100",12,45,106,2090.5,0.854838709677419,"NWFSC_WCAnn"
"1168","2081-2100",12,85,102,2090.5,0.82258064516129,"NWFSC_WCAnn"
"1169","2081-2100",13,45,103,2090.5,0.830645161290323,"NWFSC_WCAnn"
"1170","2081-2100",13,85,102,2090.5,0.82258064516129,"NWFSC_WCAnn"
