"","year_range","model","rcp","region","mid","ngoals","nmet","pmet"
"1","2007-2020",1,26,"newf",2013.5,105,90,0.857142857142857
"2","2007-2020",1,85,"newf",2013.5,105,96,0.914285714285714
"3","2007-2020",2,26,"newf",2013.5,104,92,0.884615384615385
"4","2007-2020",2,85,"newf",2013.5,103,88,0.854368932038835
"5","2007-2020",3,26,"newf",2013.5,102,76,0.745098039215686
"6","2007-2020",3,85,"newf",2013.5,102,78,0.764705882352941
"7","2007-2020",4,26,"newf",2013.5,103,80,0.776699029126214
"8","2007-2020",4,85,"newf",2013.5,103,82,0.796116504854369
"9","2007-2020",5,26,"newf",2013.5,103,83,0.805825242718447
"10","2007-2020",5,85,"newf",2013.5,103,82,0.796116504854369
"11","2007-2020",6,26,"newf",2013.5,103,87,0.844660194174757
"12","2007-2020",6,85,"newf",2013.5,101,83,0.821782178217822
"13","2007-2020",7,26,"newf",2013.5,104,88,0.846153846153846
"14","2007-2020",7,85,"newf",2013.5,104,91,0.875
"15","2007-2020",8,26,"newf",2013.5,102,79,0.774509803921569
"16","2007-2020",8,85,"newf",2013.5,103,80,0.776699029126214
"17","2007-2020",9,26,"newf",2013.5,104,83,0.798076923076923
"18","2007-2020",9,85,"newf",2013.5,104,84,0.807692307692308
"19","2007-2020",10,26,"newf",2013.5,102,79,0.774509803921569
"20","2007-2020",10,85,"newf",2013.5,102,76,0.745098039215686
"21","2007-2020",11,26,"newf",2013.5,97,72,0.742268041237113
"22","2007-2020",11,85,"newf",2013.5,98,74,0.755102040816326
"23","2007-2020",12,26,"newf",2013.5,100,72,0.72
"24","2007-2020",12,85,"newf",2013.5,100,71,0.71
"25","2007-2020",13,26,"newf",2013.5,100,76,0.76
"26","2007-2020",13,85,"newf",2013.5,99,76,0.767676767676768
"27","2007-2020",14,26,"newf",2013.5,99,76,0.767676767676768
"28","2007-2020",14,85,"newf",2013.5,99,72,0.727272727272727
"29","2007-2020",15,26,"newf",2013.5,100,79,0.79
"30","2007-2020",15,85,"newf",2013.5,101,73,0.722772277227723
"31","2007-2020",16,26,"newf",2013.5,104,79,0.759615384615385
"32","2007-2020",16,85,"newf",2013.5,104,76,0.730769230769231
"33","2007-2020",1,26,"gmex",2013.5,197,173,0.878172588832487
"34","2007-2020",1,85,"gmex",2013.5,198,177,0.893939393939394
"35","2007-2020",2,26,"gmex",2013.5,200,188,0.94
"36","2007-2020",2,85,"gmex",2013.5,200,184,0.92
"37","2007-2020",3,26,"gmex",2013.5,173,156,0.901734104046243
"38","2007-2020",3,85,"gmex",2013.5,175,155,0.885714285714286
"39","2007-2020",4,26,"gmex",2013.5,201,186,0.925373134328358
"40","2007-2020",4,85,"gmex",2013.5,201,185,0.920398009950249
"41","2007-2020",5,26,"gmex",2013.5,200,176,0.88
"42","2007-2020",5,85,"gmex",2013.5,200,173,0.865
"43","2007-2020",6,26,"gmex",2013.5,201,176,0.875621890547264
"44","2007-2020",6,85,"gmex",2013.5,201,177,0.880597014925373
"45","2007-2020",7,26,"gmex",2013.5,187,166,0.887700534759358
"46","2007-2020",7,85,"gmex",2013.5,190,169,0.889473684210526
"47","2007-2020",8,26,"gmex",2013.5,193,167,0.865284974093264
"48","2007-2020",8,85,"gmex",2013.5,193,163,0.844559585492228
"49","2007-2020",9,26,"gmex",2013.5,199,177,0.889447236180904
"50","2007-2020",9,85,"gmex",2013.5,200,180,0.9
"51","2007-2020",10,26,"gmex",2013.5,200,167,0.835
"52","2007-2020",10,85,"gmex",2013.5,200,171,0.855
"53","2007-2020",11,26,"gmex",2013.5,197,162,0.822335025380711
"54","2007-2020",11,85,"gmex",2013.5,197,159,0.807106598984772
"55","2007-2020",12,26,"gmex",2013.5,197,173,0.878172588832487
"56","2007-2020",12,85,"gmex",2013.5,196,173,0.88265306122449
"57","2007-2020",13,26,"gmex",2013.5,197,169,0.857868020304569
"58","2007-2020",13,85,"gmex",2013.5,198,174,0.878787878787879
"59","2007-2020",14,26,"gmex",2013.5,192,160,0.833333333333333
"60","2007-2020",14,85,"gmex",2013.5,192,163,0.848958333333333
"61","2007-2020",15,26,"gmex",2013.5,201,164,0.81592039800995
"62","2007-2020",15,85,"gmex",2013.5,201,172,0.855721393034826
"63","2007-2020",16,26,"gmex",2013.5,198,180,0.909090909090909
"64","2007-2020",16,85,"gmex",2013.5,199,181,0.909547738693467
"65","2007-2020",1,26,"seus",2013.5,128,119,0.9296875
"66","2007-2020",1,85,"seus",2013.5,128,118,0.921875
"67","2007-2020",2,26,"seus",2013.5,127,118,0.929133858267717
"68","2007-2020",2,85,"seus",2013.5,127,119,0.937007874015748
"69","2007-2020",3,26,"seus",2013.5,103,91,0.883495145631068
"70","2007-2020",3,85,"seus",2013.5,105,93,0.885714285714286
"71","2007-2020",4,26,"seus",2013.5,110,105,0.954545454545455
"72","2007-2020",4,85,"seus",2013.5,109,100,0.917431192660551
"73","2007-2020",5,26,"seus",2013.5,115,108,0.939130434782609
"74","2007-2020",5,85,"seus",2013.5,115,108,0.939130434782609
"75","2007-2020",6,26,"seus",2013.5,131,101,0.770992366412214
"76","2007-2020",6,85,"seus",2013.5,130,104,0.8
"77","2007-2020",7,26,"seus",2013.5,133,121,0.909774436090226
"78","2007-2020",7,85,"seus",2013.5,133,122,0.917293233082707
"79","2007-2020",8,26,"seus",2013.5,129,117,0.906976744186046
"80","2007-2020",8,85,"seus",2013.5,134,118,0.880597014925373
"81","2007-2020",9,26,"seus",2013.5,133,121,0.909774436090226
"82","2007-2020",9,85,"seus",2013.5,134,125,0.932835820895522
"83","2007-2020",10,26,"seus",2013.5,109,91,0.834862385321101
"84","2007-2020",10,85,"seus",2013.5,109,90,0.825688073394495
"85","2007-2020",12,26,"seus",2013.5,116,101,0.870689655172414
"86","2007-2020",12,85,"seus",2013.5,116,102,0.879310344827586
"87","2007-2020",13,26,"seus",2013.5,117,101,0.863247863247863
"88","2007-2020",13,85,"seus",2013.5,118,100,0.847457627118644
"89","2007-2020",14,26,"seus",2013.5,108,96,0.888888888888889
"90","2007-2020",14,85,"seus",2013.5,108,98,0.907407407407407
"91","2007-2020",15,26,"seus",2013.5,132,116,0.878787878787879
"92","2007-2020",15,85,"seus",2013.5,133,119,0.894736842105263
"93","2007-2020",11,26,"seus",2013.5,103,96,0.932038834951456
"94","2007-2020",11,85,"seus",2013.5,102,94,0.92156862745098
"95","2007-2020",16,26,"seus",2013.5,101,88,0.871287128712871
"96","2007-2020",16,85,"seus",2013.5,103,90,0.87378640776699
"97","2007-2020",1,26,"ebs",2013.5,133,93,0.699248120300752
"98","2007-2020",1,85,"ebs",2013.5,141,100,0.709219858156028
"99","2007-2020",2,26,"ebs",2013.5,130,89,0.684615384615385
"100","2007-2020",2,85,"ebs",2013.5,128,87,0.6796875
"101","2007-2020",3,26,"ebs",2013.5,118,71,0.601694915254237
"102","2007-2020",3,85,"ebs",2013.5,118,74,0.627118644067797
"103","2007-2020",4,26,"ebs",2013.5,142,93,0.654929577464789
"104","2007-2020",4,85,"ebs",2013.5,140,92,0.657142857142857
"105","2007-2020",5,26,"ebs",2013.5,136,94,0.691176470588235
"106","2007-2020",5,85,"ebs",2013.5,136,85,0.625
"107","2007-2020",6,26,"ebs",2013.5,130,85,0.653846153846154
"108","2007-2020",6,85,"ebs",2013.5,128,77,0.6015625
"109","2007-2020",7,26,"ebs",2013.5,132,92,0.696969696969697
"110","2007-2020",7,85,"ebs",2013.5,129,90,0.697674418604651
"111","2007-2020",8,26,"ebs",2013.5,144,104,0.722222222222222
"112","2007-2020",8,85,"ebs",2013.5,142,97,0.683098591549296
"113","2007-2020",9,26,"ebs",2013.5,141,97,0.687943262411348
"114","2007-2020",9,85,"ebs",2013.5,142,98,0.690140845070423
"115","2007-2020",11,26,"ebs",2013.5,125,86,0.688
"116","2007-2020",11,85,"ebs",2013.5,125,76,0.608
"117","2007-2020",12,26,"ebs",2013.5,128,79,0.6171875
"118","2007-2020",12,85,"ebs",2013.5,126,81,0.642857142857143
"119","2007-2020",13,26,"ebs",2013.5,134,88,0.656716417910448
"120","2007-2020",13,85,"ebs",2013.5,134,87,0.649253731343284
"121","2007-2020",14,26,"ebs",2013.5,136,87,0.639705882352941
"122","2007-2020",14,85,"ebs",2013.5,140,97,0.692857142857143
"123","2007-2020",15,26,"ebs",2013.5,141,94,0.666666666666667
"124","2007-2020",15,85,"ebs",2013.5,142,96,0.676056338028169
"125","2007-2020",16,26,"ebs",2013.5,137,82,0.598540145985402
"126","2007-2020",16,85,"ebs",2013.5,133,84,0.631578947368421
"127","2007-2020",10,26,"ebs",2013.5,103,62,0.601941747572815
"128","2007-2020",10,85,"ebs",2013.5,115,66,0.573913043478261
"129","2007-2020",1,26,"goa",2013.5,134,119,0.888059701492537
"130","2007-2020",1,85,"goa",2013.5,132,119,0.901515151515151
"131","2007-2020",2,26,"goa",2013.5,134,118,0.880597014925373
"132","2007-2020",2,85,"goa",2013.5,130,109,0.838461538461538
"133","2007-2020",3,26,"goa",2013.5,124,110,0.887096774193548
"134","2007-2020",3,85,"goa",2013.5,126,105,0.833333333333333
"135","2007-2020",4,26,"goa",2013.5,125,108,0.864
"136","2007-2020",4,85,"goa",2013.5,127,107,0.84251968503937
"137","2007-2020",5,26,"goa",2013.5,124,99,0.798387096774194
"138","2007-2020",5,85,"goa",2013.5,127,107,0.84251968503937
"139","2007-2020",6,26,"goa",2013.5,128,111,0.8671875
"140","2007-2020",6,85,"goa",2013.5,128,110,0.859375
"141","2007-2020",7,26,"goa",2013.5,131,118,0.900763358778626
"142","2007-2020",7,85,"goa",2013.5,130,109,0.838461538461538
"143","2007-2020",8,26,"goa",2013.5,132,118,0.893939393939394
"144","2007-2020",8,85,"goa",2013.5,131,112,0.854961832061069
"145","2007-2020",9,26,"goa",2013.5,133,112,0.842105263157895
"146","2007-2020",9,85,"goa",2013.5,133,112,0.842105263157895
"147","2007-2020",10,26,"goa",2013.5,125,101,0.808
"148","2007-2020",10,85,"goa",2013.5,125,105,0.84
"149","2007-2020",11,26,"goa",2013.5,86,51,0.593023255813954
"150","2007-2020",11,85,"goa",2013.5,86,52,0.604651162790698
"151","2007-2020",12,26,"goa",2013.5,125,97,0.776
"152","2007-2020",12,85,"goa",2013.5,125,100,0.8
"153","2007-2020",13,26,"goa",2013.5,126,104,0.825396825396825
"154","2007-2020",13,85,"goa",2013.5,126,107,0.849206349206349
"155","2007-2020",14,26,"goa",2013.5,118,83,0.703389830508475
"156","2007-2020",14,85,"goa",2013.5,121,85,0.702479338842975
"157","2007-2020",15,26,"goa",2013.5,129,108,0.837209302325581
"158","2007-2020",15,85,"goa",2013.5,131,110,0.83969465648855
"159","2007-2020",16,26,"goa",2013.5,113,92,0.814159292035398
"160","2007-2020",16,85,"goa",2013.5,111,85,0.765765765765766
"161","2007-2020",1,26,"bc",2013.5,130,123,0.946153846153846
"162","2007-2020",1,26,"wc",2013.5,127,123,0.968503937007874
"163","2007-2020",1,85,"bc",2013.5,132,122,0.924242424242424
"164","2007-2020",1,85,"wc",2013.5,127,123,0.968503937007874
"165","2007-2020",2,26,"bc",2013.5,134,125,0.932835820895522
"166","2007-2020",2,26,"wc",2013.5,118,116,0.983050847457627
"167","2007-2020",2,85,"bc",2013.5,134,129,0.962686567164179
"168","2007-2020",2,85,"wc",2013.5,121,116,0.958677685950413
"169","2007-2020",3,26,"bc",2013.5,131,117,0.893129770992366
"170","2007-2020",3,26,"wc",2013.5,124,124,1
"171","2007-2020",3,85,"bc",2013.5,131,118,0.900763358778626
"172","2007-2020",3,85,"wc",2013.5,124,123,0.991935483870968
"173","2007-2020",4,26,"bc",2013.5,121,111,0.917355371900826
"174","2007-2020",4,26,"wc",2013.5,123,114,0.926829268292683
"175","2007-2020",4,85,"bc",2013.5,124,117,0.943548387096774
"176","2007-2020",4,85,"wc",2013.5,124,112,0.903225806451613
"177","2007-2020",5,26,"bc",2013.5,114,106,0.929824561403509
"178","2007-2020",5,26,"wc",2013.5,121,112,0.925619834710744
"179","2007-2020",5,85,"bc",2013.5,120,112,0.933333333333333
"180","2007-2020",5,85,"wc",2013.5,122,113,0.926229508196721
"181","2007-2020",6,26,"bc",2013.5,133,123,0.924812030075188
"182","2007-2020",6,26,"wc",2013.5,125,122,0.976
"183","2007-2020",6,85,"bc",2013.5,133,121,0.909774436090226
"184","2007-2020",6,85,"wc",2013.5,125,123,0.984
"185","2007-2020",7,26,"bc",2013.5,131,122,0.931297709923664
"186","2007-2020",7,26,"wc",2013.5,127,127,1
"187","2007-2020",7,85,"bc",2013.5,131,123,0.938931297709924
"188","2007-2020",7,85,"wc",2013.5,127,125,0.984251968503937
"189","2007-2020",8,26,"bc",2013.5,132,124,0.939393939393939
"190","2007-2020",8,26,"wc",2013.5,123,122,0.991869918699187
"191","2007-2020",8,85,"bc",2013.5,132,124,0.939393939393939
"192","2007-2020",8,85,"wc",2013.5,123,122,0.991869918699187
"193","2007-2020",9,26,"bc",2013.5,134,127,0.947761194029851
"194","2007-2020",9,26,"wc",2013.5,127,127,1
"195","2007-2020",9,85,"bc",2013.5,134,123,0.917910447761194
"196","2007-2020",9,85,"wc",2013.5,126,125,0.992063492063492
"197","2007-2020",10,26,"bc",2013.5,131,116,0.885496183206107
"198","2007-2020",10,26,"wc",2013.5,124,119,0.959677419354839
"199","2007-2020",10,85,"bc",2013.5,132,117,0.886363636363636
"200","2007-2020",10,85,"wc",2013.5,125,118,0.944
"201","2007-2020",11,26,"bc",2013.5,109,89,0.81651376146789
"202","2007-2020",11,26,"wc",2013.5,117,111,0.948717948717949
"203","2007-2020",11,85,"bc",2013.5,108,89,0.824074074074074
"204","2007-2020",11,85,"wc",2013.5,117,112,0.957264957264957
"205","2007-2020",12,26,"bc",2013.5,131,122,0.931297709923664
"206","2007-2020",12,26,"wc",2013.5,121,114,0.942148760330578
"207","2007-2020",12,85,"bc",2013.5,131,122,0.931297709923664
"208","2007-2020",12,85,"wc",2013.5,121,116,0.958677685950413
"209","2007-2020",13,26,"bc",2013.5,130,126,0.969230769230769
"210","2007-2020",13,26,"wc",2013.5,125,120,0.96
"211","2007-2020",13,85,"bc",2013.5,131,126,0.961832061068702
"212","2007-2020",13,85,"wc",2013.5,124,119,0.959677419354839
"213","2007-2020",14,26,"bc",2013.5,125,113,0.904
"214","2007-2020",14,26,"wc",2013.5,124,117,0.943548387096774
"215","2007-2020",14,85,"bc",2013.5,126,113,0.896825396825397
"216","2007-2020",14,85,"wc",2013.5,124,118,0.951612903225806
"217","2007-2020",15,26,"bc",2013.5,130,123,0.946153846153846
"218","2007-2020",15,26,"wc",2013.5,127,123,0.968503937007874
"219","2007-2020",15,85,"bc",2013.5,131,121,0.923664122137405
"220","2007-2020",15,85,"wc",2013.5,126,123,0.976190476190476
"221","2007-2020",16,26,"bc",2013.5,113,101,0.893805309734513
"222","2007-2020",16,26,"wc",2013.5,119,107,0.899159663865546
"223","2007-2020",16,85,"bc",2013.5,116,105,0.905172413793103
"224","2007-2020",16,85,"wc",2013.5,117,108,0.923076923076923
"225","2007-2020",1,26,"maritime",2013.5,78,56,0.717948717948718
"226","2007-2020",1,26,"neus",2013.5,70,60,0.857142857142857
"227","2007-2020",1,85,"maritime",2013.5,75,56,0.746666666666667
"228","2007-2020",1,85,"neus",2013.5,69,57,0.826086956521739
"229","2007-2020",2,26,"maritime",2013.5,78,56,0.717948717948718
"230","2007-2020",2,26,"neus",2013.5,70,56,0.8
"231","2007-2020",2,85,"maritime",2013.5,79,59,0.746835443037975
"232","2007-2020",2,85,"neus",2013.5,70,56,0.8
"233","2007-2020",3,26,"maritime",2013.5,71,43,0.605633802816901
"234","2007-2020",3,26,"neus",2013.5,61,45,0.737704918032787
"235","2007-2020",3,85,"maritime",2013.5,72,50,0.694444444444444
"236","2007-2020",3,85,"neus",2013.5,61,48,0.786885245901639
"237","2007-2020",4,26,"maritime",2013.5,79,59,0.746835443037975
"238","2007-2020",4,26,"neus",2013.5,73,51,0.698630136986301
"239","2007-2020",4,85,"maritime",2013.5,79,62,0.784810126582278
"240","2007-2020",4,85,"neus",2013.5,73,52,0.712328767123288
"241","2007-2020",5,26,"maritime",2013.5,76,51,0.671052631578947
"242","2007-2020",5,26,"neus",2013.5,72,53,0.736111111111111
"243","2007-2020",5,85,"maritime",2013.5,75,55,0.733333333333333
"244","2007-2020",5,85,"neus",2013.5,72,51,0.708333333333333
"245","2007-2020",6,26,"maritime",2013.5,75,47,0.626666666666667
"246","2007-2020",6,26,"neus",2013.5,72,49,0.680555555555556
"247","2007-2020",6,85,"maritime",2013.5,75,43,0.573333333333333
"248","2007-2020",6,85,"neus",2013.5,71,43,0.605633802816901
"249","2007-2020",7,26,"maritime",2013.5,79,56,0.708860759493671
"250","2007-2020",7,26,"neus",2013.5,71,59,0.830985915492958
"251","2007-2020",7,85,"maritime",2013.5,79,55,0.69620253164557
"252","2007-2020",7,85,"neus",2013.5,71,62,0.873239436619718
"253","2007-2020",8,26,"maritime",2013.5,77,49,0.636363636363636
"254","2007-2020",8,26,"neus",2013.5,70,58,0.828571428571429
"255","2007-2020",8,85,"maritime",2013.5,77,53,0.688311688311688
"256","2007-2020",8,85,"neus",2013.5,70,54,0.771428571428571
"257","2007-2020",9,26,"maritime",2013.5,77,58,0.753246753246753
"258","2007-2020",9,26,"neus",2013.5,73,56,0.767123287671233
"259","2007-2020",9,85,"maritime",2013.5,74,53,0.716216216216216
"260","2007-2020",9,85,"neus",2013.5,73,52,0.712328767123288
"261","2007-2020",10,26,"maritime",2013.5,80,62,0.775
"262","2007-2020",10,26,"neus",2013.5,70,48,0.685714285714286
"263","2007-2020",10,85,"maritime",2013.5,77,56,0.727272727272727
"264","2007-2020",10,85,"neus",2013.5,70,47,0.671428571428571
"265","2007-2020",11,26,"maritime",2013.5,70,42,0.6
"266","2007-2020",11,26,"neus",2013.5,64,48,0.75
"267","2007-2020",11,85,"maritime",2013.5,68,44,0.647058823529412
"268","2007-2020",11,85,"neus",2013.5,64,49,0.765625
"269","2007-2020",12,26,"maritime",2013.5,66,48,0.727272727272727
"270","2007-2020",12,26,"neus",2013.5,58,43,0.741379310344828
"271","2007-2020",12,85,"maritime",2013.5,66,46,0.696969696969697
"272","2007-2020",12,85,"neus",2013.5,58,45,0.775862068965517
"273","2007-2020",13,26,"maritime",2013.5,68,48,0.705882352941177
"274","2007-2020",13,26,"neus",2013.5,58,41,0.706896551724138
"275","2007-2020",13,85,"maritime",2013.5,68,48,0.705882352941177
"276","2007-2020",13,85,"neus",2013.5,58,43,0.741379310344828
"277","2007-2020",14,26,"maritime",2013.5,76,52,0.684210526315789
"278","2007-2020",14,26,"neus",2013.5,59,50,0.847457627118644
"279","2007-2020",14,85,"maritime",2013.5,76,53,0.697368421052632
"280","2007-2020",14,85,"neus",2013.5,60,46,0.766666666666667
"281","2007-2020",15,26,"maritime",2013.5,76,53,0.697368421052632
"282","2007-2020",15,26,"neus",2013.5,73,56,0.767123287671233
"283","2007-2020",15,85,"maritime",2013.5,78,55,0.705128205128205
"284","2007-2020",15,85,"neus",2013.5,73,51,0.698630136986301
"285","2007-2020",16,26,"maritime",2013.5,77,61,0.792207792207792
"286","2007-2020",16,26,"neus",2013.5,71,55,0.774647887323944
"287","2007-2020",16,85,"maritime",2013.5,78,59,0.756410256410256
"288","2007-2020",16,85,"neus",2013.5,71,54,0.76056338028169
"289","2021-2040",1,26,"newf",2030.5,103,91,0.883495145631068
"290","2021-2040",1,85,"newf",2030.5,105,97,0.923809523809524
"291","2021-2040",2,26,"newf",2030.5,105,89,0.847619047619048
"292","2021-2040",2,85,"newf",2030.5,104,94,0.903846153846154
"293","2021-2040",3,26,"newf",2030.5,100,78,0.78
"294","2021-2040",3,85,"newf",2030.5,101,78,0.772277227722772
"295","2021-2040",4,26,"newf",2030.5,103,92,0.893203883495146
"296","2021-2040",4,85,"newf",2030.5,103,92,0.893203883495146
"297","2021-2040",5,26,"newf",2030.5,103,83,0.805825242718447
"298","2021-2040",5,85,"newf",2030.5,103,85,0.825242718446602
"299","2021-2040",6,26,"newf",2030.5,101,85,0.841584158415842
"300","2021-2040",6,85,"newf",2030.5,101,81,0.801980198019802
"301","2021-2040",7,26,"newf",2030.5,103,84,0.815533980582524
"302","2021-2040",7,85,"newf",2030.5,103,86,0.83495145631068
"303","2021-2040",8,26,"newf",2030.5,103,81,0.786407766990291
"304","2021-2040",8,85,"newf",2030.5,103,82,0.796116504854369
"305","2021-2040",9,26,"newf",2030.5,104,83,0.798076923076923
"306","2021-2040",9,85,"newf",2030.5,103,79,0.766990291262136
"307","2021-2040",10,26,"newf",2030.5,101,80,0.792079207920792
"308","2021-2040",10,85,"newf",2030.5,101,73,0.722772277227723
"309","2021-2040",11,26,"newf",2030.5,100,70,0.7
"310","2021-2040",11,85,"newf",2030.5,102,81,0.794117647058823
"311","2021-2040",12,26,"newf",2030.5,100,72,0.72
"312","2021-2040",12,85,"newf",2030.5,99,73,0.737373737373737
"313","2021-2040",13,26,"newf",2030.5,99,72,0.727272727272727
"314","2021-2040",13,85,"newf",2030.5,99,71,0.717171717171717
"315","2021-2040",14,26,"newf",2030.5,100,80,0.8
"316","2021-2040",14,85,"newf",2030.5,99,75,0.757575757575758
"317","2021-2040",15,26,"newf",2030.5,102,78,0.764705882352941
"318","2021-2040",15,85,"newf",2030.5,103,85,0.825242718446602
"319","2021-2040",16,26,"newf",2030.5,104,78,0.75
"320","2021-2040",16,85,"newf",2030.5,105,77,0.733333333333333
"321","2021-2040",1,26,"gmex",2030.5,196,174,0.887755102040816
"322","2021-2040",1,85,"gmex",2030.5,195,179,0.917948717948718
"323","2021-2040",2,26,"gmex",2030.5,199,189,0.949748743718593
"324","2021-2040",2,85,"gmex",2030.5,199,187,0.939698492462312
"325","2021-2040",3,26,"gmex",2030.5,174,160,0.919540229885057
"326","2021-2040",3,85,"gmex",2030.5,174,160,0.919540229885057
"327","2021-2040",4,26,"gmex",2030.5,201,179,0.890547263681592
"328","2021-2040",4,85,"gmex",2030.5,200,180,0.9
"329","2021-2040",5,26,"gmex",2030.5,200,183,0.915
"330","2021-2040",5,85,"gmex",2030.5,200,180,0.9
"331","2021-2040",6,26,"gmex",2030.5,201,170,0.845771144278607
"332","2021-2040",6,85,"gmex",2030.5,200,181,0.905
"333","2021-2040",7,26,"gmex",2030.5,189,170,0.899470899470899
"334","2021-2040",7,85,"gmex",2030.5,190,169,0.889473684210526
"335","2021-2040",8,26,"gmex",2030.5,192,162,0.84375
"336","2021-2040",8,85,"gmex",2030.5,192,157,0.817708333333333
"337","2021-2040",9,26,"gmex",2030.5,200,175,0.875
"338","2021-2040",9,85,"gmex",2030.5,199,175,0.879396984924623
"339","2021-2040",10,26,"gmex",2030.5,199,171,0.85929648241206
"340","2021-2040",10,85,"gmex",2030.5,198,173,0.873737373737374
"341","2021-2040",11,26,"gmex",2030.5,199,169,0.849246231155779
"342","2021-2040",11,85,"gmex",2030.5,200,175,0.875
"343","2021-2040",12,26,"gmex",2030.5,197,175,0.888324873096447
"344","2021-2040",12,85,"gmex",2030.5,199,173,0.869346733668342
"345","2021-2040",13,26,"gmex",2030.5,197,173,0.878172588832487
"346","2021-2040",13,85,"gmex",2030.5,199,174,0.874371859296482
"347","2021-2040",14,26,"gmex",2030.5,193,172,0.89119170984456
"348","2021-2040",14,85,"gmex",2030.5,194,171,0.881443298969072
"349","2021-2040",15,26,"gmex",2030.5,198,166,0.838383838383838
"350","2021-2040",15,85,"gmex",2030.5,198,167,0.843434343434343
"351","2021-2040",16,26,"gmex",2030.5,200,182,0.91
"352","2021-2040",16,85,"gmex",2030.5,200,184,0.92
"353","2021-2040",1,26,"seus",2030.5,126,113,0.896825396825397
"354","2021-2040",1,85,"seus",2030.5,126,117,0.928571428571429
"355","2021-2040",2,26,"seus",2030.5,125,109,0.872
"356","2021-2040",2,85,"seus",2030.5,126,116,0.920634920634921
"357","2021-2040",3,26,"seus",2030.5,113,105,0.929203539823009
"358","2021-2040",3,85,"seus",2030.5,116,104,0.896551724137931
"359","2021-2040",4,26,"seus",2030.5,119,108,0.907563025210084
"360","2021-2040",4,85,"seus",2030.5,125,117,0.936
"361","2021-2040",5,26,"seus",2030.5,129,115,0.891472868217054
"362","2021-2040",5,85,"seus",2030.5,131,116,0.885496183206107
"363","2021-2040",6,26,"seus",2030.5,134,106,0.791044776119403
"364","2021-2040",6,85,"seus",2030.5,128,106,0.828125
"365","2021-2040",7,26,"seus",2030.5,127,113,0.889763779527559
"366","2021-2040",7,85,"seus",2030.5,127,113,0.889763779527559
"367","2021-2040",8,26,"seus",2030.5,129,119,0.922480620155039
"368","2021-2040",8,85,"seus",2030.5,129,119,0.922480620155039
"369","2021-2040",9,26,"seus",2030.5,132,118,0.893939393939394
"370","2021-2040",9,85,"seus",2030.5,128,117,0.9140625
"371","2021-2040",10,26,"seus",2030.5,117,101,0.863247863247863
"372","2021-2040",10,85,"seus",2030.5,119,101,0.848739495798319
"373","2021-2040",11,26,"seus",2030.5,106,96,0.905660377358491
"374","2021-2040",11,85,"seus",2030.5,108,98,0.907407407407407
"375","2021-2040",12,26,"seus",2030.5,117,100,0.854700854700855
"376","2021-2040",12,85,"seus",2030.5,119,101,0.848739495798319
"377","2021-2040",13,26,"seus",2030.5,118,104,0.88135593220339
"378","2021-2040",13,85,"seus",2030.5,117,103,0.88034188034188
"379","2021-2040",14,26,"seus",2030.5,114,101,0.885964912280702
"380","2021-2040",14,85,"seus",2030.5,115,103,0.895652173913044
"381","2021-2040",15,26,"seus",2030.5,133,118,0.887218045112782
"382","2021-2040",15,85,"seus",2030.5,133,114,0.857142857142857
"383","2021-2040",16,26,"seus",2030.5,110,98,0.890909090909091
"384","2021-2040",16,85,"seus",2030.5,111,97,0.873873873873874
"385","2021-2040",1,26,"ebs",2030.5,139,92,0.661870503597122
"386","2021-2040",1,85,"ebs",2030.5,139,90,0.647482014388489
"387","2021-2040",2,26,"ebs",2030.5,132,91,0.689393939393939
"388","2021-2040",2,85,"ebs",2030.5,134,90,0.671641791044776
"389","2021-2040",3,26,"ebs",2030.5,115,78,0.678260869565217
"390","2021-2040",3,85,"ebs",2030.5,109,74,0.678899082568807
"391","2021-2040",4,26,"ebs",2030.5,133,87,0.654135338345865
"392","2021-2040",4,85,"ebs",2030.5,126,87,0.69047619047619
"393","2021-2040",5,26,"ebs",2030.5,119,78,0.65546218487395
"394","2021-2040",5,85,"ebs",2030.5,125,83,0.664
"395","2021-2040",6,26,"ebs",2030.5,129,85,0.65891472868217
"396","2021-2040",7,26,"ebs",2030.5,122,94,0.770491803278688
"397","2021-2040",8,26,"ebs",2030.5,141,100,0.709219858156028
"398","2021-2040",8,85,"ebs",2030.5,144,101,0.701388888888889
"399","2021-2040",9,26,"ebs",2030.5,141,95,0.673758865248227
"400","2021-2040",9,85,"ebs",2030.5,138,89,0.644927536231884
"401","2021-2040",11,26,"ebs",2030.5,131,86,0.656488549618321
"402","2021-2040",11,85,"ebs",2030.5,124,82,0.661290322580645
"403","2021-2040",12,26,"ebs",2030.5,110,73,0.663636363636364
"404","2021-2040",13,26,"ebs",2030.5,135,89,0.659259259259259
"405","2021-2040",13,85,"ebs",2030.5,130,96,0.738461538461539
"406","2021-2040",14,26,"ebs",2030.5,130,80,0.615384615384615
"407","2021-2040",14,85,"ebs",2030.5,122,75,0.614754098360656
"408","2021-2040",15,26,"ebs",2030.5,140,92,0.657142857142857
"409","2021-2040",15,85,"ebs",2030.5,143,96,0.671328671328671
"410","2021-2040",16,26,"ebs",2030.5,145,91,0.627586206896552
"411","2021-2040",16,85,"ebs",2030.5,142,93,0.654929577464789
"412","2021-2040",6,85,"ebs",2030.5,111,74,0.666666666666667
"413","2021-2040",7,85,"ebs",2030.5,118,86,0.728813559322034
"414","2021-2040",10,26,"ebs",2030.5,111,64,0.576576576576577
"415","2021-2040",10,85,"ebs",2030.5,107,60,0.560747663551402
"416","2021-2040",12,85,"ebs",2030.5,108,70,0.648148148148148
"417","2021-2040",1,26,"goa",2030.5,134,124,0.925373134328358
"418","2021-2040",1,85,"goa",2030.5,134,123,0.917910447761194
"419","2021-2040",3,26,"goa",2030.5,126,108,0.857142857142857
"420","2021-2040",3,85,"goa",2030.5,126,108,0.857142857142857
"421","2021-2040",4,26,"goa",2030.5,127,107,0.84251968503937
"422","2021-2040",4,85,"goa",2030.5,127,109,0.858267716535433
"423","2021-2040",5,26,"goa",2030.5,126,112,0.888888888888889
"424","2021-2040",5,85,"goa",2030.5,125,110,0.88
"425","2021-2040",6,26,"goa",2030.5,128,109,0.8515625
"426","2021-2040",6,85,"goa",2030.5,126,110,0.873015873015873
"427","2021-2040",7,26,"goa",2030.5,130,116,0.892307692307692
"428","2021-2040",7,85,"goa",2030.5,130,113,0.869230769230769
"429","2021-2040",8,26,"goa",2030.5,133,116,0.87218045112782
"430","2021-2040",8,85,"goa",2030.5,132,114,0.863636363636364
"431","2021-2040",9,26,"goa",2030.5,133,119,0.894736842105263
"432","2021-2040",9,85,"goa",2030.5,131,109,0.83206106870229
"433","2021-2040",10,26,"goa",2030.5,123,102,0.829268292682927
"434","2021-2040",10,85,"goa",2030.5,124,98,0.790322580645161
"435","2021-2040",11,26,"goa",2030.5,88,56,0.636363636363636
"436","2021-2040",11,85,"goa",2030.5,87,57,0.655172413793103
"437","2021-2040",12,26,"goa",2030.5,125,102,0.816
"438","2021-2040",12,85,"goa",2030.5,125,106,0.848
"439","2021-2040",13,26,"goa",2030.5,127,102,0.803149606299213
"440","2021-2040",13,85,"goa",2030.5,126,102,0.80952380952381
"441","2021-2040",14,26,"goa",2030.5,121,85,0.702479338842975
"442","2021-2040",14,85,"goa",2030.5,121,91,0.752066115702479
"443","2021-2040",15,26,"goa",2030.5,129,106,0.821705426356589
"444","2021-2040",15,85,"goa",2030.5,131,110,0.83969465648855
"445","2021-2040",16,26,"goa",2030.5,114,99,0.868421052631579
"446","2021-2040",16,85,"goa",2030.5,116,102,0.879310344827586
"447","2021-2040",1,26,"bc",2030.5,130,124,0.953846153846154
"448","2021-2040",1,26,"wc",2030.5,127,122,0.960629921259842
"449","2021-2040",1,85,"bc",2030.5,132,122,0.924242424242424
"450","2021-2040",1,85,"wc",2030.5,127,121,0.952755905511811
"451","2021-2040",2,26,"bc",2030.5,134,125,0.932835820895522
"452","2021-2040",2,26,"goa",2030.5,128,108,0.84375
"453","2021-2040",2,26,"wc",2030.5,118,114,0.966101694915254
"454","2021-2040",2,85,"bc",2030.5,134,128,0.955223880597015
"455","2021-2040",2,85,"goa",2030.5,124,104,0.838709677419355
"456","2021-2040",2,85,"wc",2030.5,114,112,0.982456140350877
"457","2021-2040",3,26,"bc",2030.5,127,116,0.913385826771654
"458","2021-2040",3,26,"wc",2030.5,121,120,0.991735537190083
"459","2021-2040",3,85,"bc",2030.5,126,115,0.912698412698413
"460","2021-2040",3,85,"wc",2030.5,122,120,0.983606557377049
"461","2021-2040",4,26,"bc",2030.5,126,120,0.952380952380952
"462","2021-2040",4,26,"wc",2030.5,125,118,0.944
"463","2021-2040",4,85,"bc",2030.5,130,119,0.915384615384615
"464","2021-2040",4,85,"wc",2030.5,125,118,0.944
"465","2021-2040",5,26,"bc",2030.5,126,117,0.928571428571429
"466","2021-2040",5,26,"wc",2030.5,124,115,0.92741935483871
"467","2021-2040",5,85,"bc",2030.5,125,118,0.944
"468","2021-2040",5,85,"wc",2030.5,123,116,0.943089430894309
"469","2021-2040",6,26,"bc",2030.5,132,123,0.931818181818182
"470","2021-2040",6,26,"wc",2030.5,125,119,0.952
"471","2021-2040",6,85,"bc",2030.5,132,119,0.901515151515151
"472","2021-2040",6,85,"wc",2030.5,125,120,0.96
"473","2021-2040",7,26,"bc",2030.5,128,116,0.90625
"474","2021-2040",7,26,"wc",2030.5,122,121,0.991803278688525
"475","2021-2040",7,85,"bc",2030.5,127,116,0.913385826771654
"476","2021-2040",7,85,"wc",2030.5,121,119,0.983471074380165
"477","2021-2040",8,26,"bc",2030.5,132,125,0.946969696969697
"478","2021-2040",8,26,"wc",2030.5,122,121,0.991803278688525
"479","2021-2040",8,85,"bc",2030.5,132,124,0.939393939393939
"480","2021-2040",8,85,"wc",2030.5,121,119,0.983471074380165
"481","2021-2040",9,26,"bc",2030.5,134,123,0.917910447761194
"482","2021-2040",9,26,"wc",2030.5,123,118,0.959349593495935
"483","2021-2040",9,85,"bc",2030.5,131,118,0.900763358778626
"484","2021-2040",9,85,"wc",2030.5,119,114,0.957983193277311
"485","2021-2040",10,26,"bc",2030.5,131,117,0.893129770992366
"486","2021-2040",10,26,"wc",2030.5,124,117,0.943548387096774
"487","2021-2040",10,85,"bc",2030.5,130,118,0.907692307692308
"488","2021-2040",10,85,"wc",2030.5,126,124,0.984126984126984
"489","2021-2040",11,26,"bc",2030.5,106,83,0.783018867924528
"490","2021-2040",11,26,"wc",2030.5,117,113,0.965811965811966
"491","2021-2040",11,85,"bc",2030.5,114,88,0.771929824561403
"492","2021-2040",11,85,"wc",2030.5,117,111,0.948717948717949
"493","2021-2040",12,26,"bc",2030.5,130,120,0.923076923076923
"494","2021-2040",12,26,"wc",2030.5,118,109,0.923728813559322
"495","2021-2040",12,85,"bc",2030.5,126,117,0.928571428571429
"496","2021-2040",12,85,"wc",2030.5,114,103,0.903508771929825
"497","2021-2040",13,26,"bc",2030.5,131,126,0.961832061068702
"498","2021-2040",13,26,"wc",2030.5,124,119,0.959677419354839
"499","2021-2040",13,85,"bc",2030.5,130,123,0.946153846153846
"500","2021-2040",13,85,"wc",2030.5,117,112,0.957264957264957
"501","2021-2040",14,26,"bc",2030.5,122,112,0.918032786885246
"502","2021-2040",14,26,"wc",2030.5,119,106,0.890756302521008
"503","2021-2040",14,85,"bc",2030.5,117,104,0.888888888888889
"504","2021-2040",14,85,"wc",2030.5,119,106,0.890756302521008
"505","2021-2040",15,26,"bc",2030.5,131,121,0.923664122137405
"506","2021-2040",15,26,"wc",2030.5,125,118,0.944
"507","2021-2040",15,85,"bc",2030.5,131,119,0.908396946564885
"508","2021-2040",15,85,"wc",2030.5,124,123,0.991935483870968
"509","2021-2040",16,26,"bc",2030.5,118,107,0.906779661016949
"510","2021-2040",16,26,"wc",2030.5,118,108,0.915254237288136
"511","2021-2040",16,85,"bc",2030.5,117,107,0.914529914529915
"512","2021-2040",16,85,"wc",2030.5,117,107,0.914529914529915
"513","2021-2040",1,26,"maritime",2030.5,78,58,0.743589743589744
"514","2021-2040",1,26,"neus",2030.5,70,61,0.871428571428571
"515","2021-2040",1,85,"maritime",2030.5,78,56,0.717948717948718
"516","2021-2040",1,85,"neus",2030.5,70,59,0.842857142857143
"517","2021-2040",2,26,"maritime",2030.5,76,54,0.710526315789474
"518","2021-2040",2,26,"neus",2030.5,71,56,0.788732394366197
"519","2021-2040",2,85,"maritime",2030.5,76,52,0.684210526315789
"520","2021-2040",2,85,"neus",2030.5,70,59,0.842857142857143
"521","2021-2040",3,26,"maritime",2030.5,68,39,0.573529411764706
"522","2021-2040",3,26,"neus",2030.5,60,50,0.833333333333333
"523","2021-2040",3,85,"maritime",2030.5,66,40,0.606060606060606
"524","2021-2040",3,85,"neus",2030.5,60,49,0.816666666666667
"525","2021-2040",4,26,"maritime",2030.5,75,58,0.773333333333333
"526","2021-2040",4,26,"neus",2030.5,72,54,0.75
"527","2021-2040",4,85,"maritime",2030.5,74,53,0.716216216216216
"528","2021-2040",4,85,"neus",2030.5,72,60,0.833333333333333
"529","2021-2040",5,26,"maritime",2030.5,73,54,0.73972602739726
"530","2021-2040",5,26,"neus",2030.5,72,59,0.819444444444444
"531","2021-2040",5,85,"maritime",2030.5,74,47,0.635135135135135
"532","2021-2040",5,85,"neus",2030.5,72,58,0.805555555555556
"533","2021-2040",6,26,"maritime",2030.5,76,42,0.552631578947368
"534","2021-2040",6,26,"neus",2030.5,71,46,0.647887323943662
"535","2021-2040",6,85,"maritime",2030.5,77,44,0.571428571428571
"536","2021-2040",6,85,"neus",2030.5,71,38,0.535211267605634
"537","2021-2040",7,26,"maritime",2030.5,77,54,0.701298701298701
"538","2021-2040",7,26,"neus",2030.5,71,54,0.76056338028169
"539","2021-2040",7,85,"maritime",2030.5,77,53,0.688311688311688
"540","2021-2040",7,85,"neus",2030.5,71,56,0.788732394366197
"541","2021-2040",8,26,"maritime",2030.5,77,50,0.649350649350649
"542","2021-2040",8,26,"neus",2030.5,72,58,0.805555555555556
"543","2021-2040",8,85,"maritime",2030.5,79,56,0.708860759493671
"544","2021-2040",8,85,"neus",2030.5,72,58,0.805555555555556
"545","2021-2040",9,26,"maritime",2030.5,76,53,0.697368421052632
"546","2021-2040",9,26,"neus",2030.5,73,56,0.767123287671233
"547","2021-2040",9,85,"maritime",2030.5,77,50,0.649350649350649
"548","2021-2040",9,85,"neus",2030.5,73,54,0.73972602739726
"549","2021-2040",10,26,"maritime",2030.5,80,58,0.725
"550","2021-2040",10,26,"neus",2030.5,70,49,0.7
"551","2021-2040",10,85,"maritime",2030.5,76,58,0.763157894736842
"552","2021-2040",10,85,"neus",2030.5,70,50,0.714285714285714
"553","2021-2040",11,26,"maritime",2030.5,69,43,0.623188405797101
"554","2021-2040",11,26,"neus",2030.5,65,49,0.753846153846154
"555","2021-2040",11,85,"maritime",2030.5,72,41,0.569444444444444
"556","2021-2040",11,85,"neus",2030.5,66,52,0.787878787878788
"557","2021-2040",12,26,"maritime",2030.5,65,46,0.707692307692308
"558","2021-2040",12,26,"neus",2030.5,59,41,0.694915254237288
"559","2021-2040",12,85,"maritime",2030.5,61,46,0.754098360655738
"560","2021-2040",12,85,"neus",2030.5,59,37,0.627118644067797
"561","2021-2040",13,26,"maritime",2030.5,66,48,0.727272727272727
"562","2021-2040",13,26,"neus",2030.5,59,39,0.661016949152542
"563","2021-2040",13,85,"maritime",2030.5,65,46,0.707692307692308
"564","2021-2040",13,85,"neus",2030.5,59,41,0.694915254237288
"565","2021-2040",14,26,"maritime",2030.5,67,37,0.552238805970149
"566","2021-2040",14,26,"neus",2030.5,60,43,0.716666666666667
"567","2021-2040",14,85,"maritime",2030.5,68,39,0.573529411764706
"568","2021-2040",14,85,"neus",2030.5,60,38,0.633333333333333
"569","2021-2040",15,26,"maritime",2030.5,77,54,0.701298701298701
"570","2021-2040",15,26,"neus",2030.5,72,53,0.736111111111111
"571","2021-2040",15,85,"maritime",2030.5,73,50,0.684931506849315
"572","2021-2040",15,85,"neus",2030.5,72,49,0.680555555555556
"573","2021-2040",16,26,"maritime",2030.5,77,61,0.792207792207792
"574","2021-2040",16,26,"neus",2030.5,72,55,0.763888888888889
"575","2021-2040",16,85,"maritime",2030.5,77,61,0.792207792207792
"576","2021-2040",16,85,"neus",2030.5,72,57,0.791666666666667
"577","2041-2060",1,26,"newf",2050.5,105,93,0.885714285714286
"578","2041-2060",1,85,"newf",2050.5,103,82,0.796116504854369
"579","2041-2060",2,26,"newf",2050.5,105,95,0.904761904761905
"580","2041-2060",2,85,"newf",2050.5,103,87,0.844660194174757
"581","2041-2060",3,26,"newf",2050.5,101,76,0.752475247524752
"582","2041-2060",3,85,"newf",2050.5,97,71,0.731958762886598
"583","2041-2060",4,26,"newf",2050.5,103,87,0.844660194174757
"584","2041-2060",4,85,"newf",2050.5,103,88,0.854368932038835
"585","2041-2060",5,26,"newf",2050.5,103,86,0.83495145631068
"586","2041-2060",5,85,"newf",2050.5,103,78,0.757281553398058
"587","2041-2060",6,26,"newf",2050.5,101,84,0.831683168316832
"588","2041-2060",6,85,"newf",2050.5,100,79,0.79
"589","2041-2060",7,26,"newf",2050.5,101,85,0.841584158415842
"590","2041-2060",7,85,"newf",2050.5,103,83,0.805825242718447
"591","2041-2060",8,26,"newf",2050.5,102,84,0.823529411764706
"592","2041-2060",8,85,"newf",2050.5,105,84,0.8
"593","2041-2060",9,26,"newf",2050.5,104,79,0.759615384615385
"594","2041-2060",9,85,"newf",2050.5,101,76,0.752475247524752
"595","2041-2060",10,26,"newf",2050.5,98,67,0.683673469387755
"596","2041-2060",10,85,"newf",2050.5,100,66,0.66
"597","2041-2060",11,26,"newf",2050.5,100,73,0.73
"598","2041-2060",11,85,"newf",2050.5,105,83,0.79047619047619
"599","2041-2060",12,26,"newf",2050.5,100,69,0.69
"600","2041-2060",12,85,"newf",2050.5,100,78,0.78
"601","2041-2060",13,26,"newf",2050.5,99,69,0.696969696969697
"602","2041-2060",13,85,"newf",2050.5,98,79,0.806122448979592
"603","2041-2060",14,26,"newf",2050.5,99,71,0.717171717171717
"604","2041-2060",14,85,"newf",2050.5,98,72,0.73469387755102
"605","2041-2060",15,26,"newf",2050.5,104,81,0.778846153846154
"606","2041-2060",15,85,"newf",2050.5,100,85,0.85
"607","2041-2060",16,26,"newf",2050.5,104,84,0.807692307692308
"608","2041-2060",16,85,"newf",2050.5,104,82,0.788461538461538
"609","2041-2060",1,26,"gmex",2050.5,196,176,0.897959183673469
"610","2041-2060",1,85,"gmex",2050.5,195,176,0.902564102564103
"611","2041-2060",2,26,"gmex",2050.5,198,185,0.934343434343434
"612","2041-2060",2,85,"gmex",2050.5,197,177,0.898477157360406
"613","2041-2060",3,26,"gmex",2050.5,175,160,0.914285714285714
"614","2041-2060",3,85,"gmex",2050.5,176,160,0.909090909090909
"615","2041-2060",4,26,"gmex",2050.5,201,180,0.895522388059702
"616","2041-2060",4,85,"gmex",2050.5,200,187,0.935
"617","2041-2060",5,26,"gmex",2050.5,201,183,0.91044776119403
"618","2041-2060",5,85,"gmex",2050.5,198,185,0.934343434343434
"619","2041-2060",6,26,"gmex",2050.5,201,175,0.870646766169154
"620","2041-2060",6,85,"gmex",2050.5,198,172,0.868686868686869
"621","2041-2060",7,26,"gmex",2050.5,189,166,0.878306878306878
"622","2041-2060",7,85,"gmex",2050.5,189,170,0.899470899470899
"623","2041-2060",8,26,"gmex",2050.5,194,160,0.824742268041237
"624","2041-2060",8,85,"gmex",2050.5,192,159,0.828125
"625","2041-2060",9,26,"gmex",2050.5,200,175,0.875
"626","2041-2060",9,85,"gmex",2050.5,199,171,0.85929648241206
"627","2041-2060",10,26,"gmex",2050.5,199,173,0.869346733668342
"628","2041-2060",10,85,"gmex",2050.5,198,172,0.868686868686869
"629","2041-2060",11,26,"gmex",2050.5,199,172,0.864321608040201
"630","2041-2060",11,85,"gmex",2050.5,201,179,0.890547263681592
"631","2041-2060",12,26,"gmex",2050.5,198,170,0.858585858585859
"632","2041-2060",12,85,"gmex",2050.5,196,167,0.852040816326531
"633","2041-2060",13,26,"gmex",2050.5,199,172,0.864321608040201
"634","2041-2060",13,85,"gmex",2050.5,197,172,0.873096446700508
"635","2041-2060",14,26,"gmex",2050.5,194,174,0.896907216494845
"636","2041-2060",14,85,"gmex",2050.5,193,169,0.875647668393782
"637","2041-2060",15,26,"gmex",2050.5,199,164,0.824120603015075
"638","2041-2060",15,85,"gmex",2050.5,198,164,0.828282828282828
"639","2041-2060",16,26,"gmex",2050.5,200,179,0.895
"640","2041-2060",16,85,"gmex",2050.5,201,182,0.90547263681592
"641","2041-2060",1,26,"seus",2050.5,125,114,0.912
"642","2041-2060",1,85,"seus",2050.5,124,109,0.879032258064516
"643","2041-2060",2,26,"seus",2050.5,126,111,0.880952380952381
"644","2041-2060",2,85,"seus",2050.5,121,108,0.892561983471074
"645","2041-2060",3,26,"seus",2050.5,119,107,0.899159663865546
"646","2041-2060",3,85,"seus",2050.5,115,106,0.921739130434783
"647","2041-2060",4,26,"seus",2050.5,121,108,0.892561983471074
"648","2041-2060",4,85,"seus",2050.5,132,117,0.886363636363636
"649","2041-2060",5,26,"seus",2050.5,133,118,0.887218045112782
"650","2041-2060",5,85,"seus",2050.5,130,115,0.884615384615385
"651","2041-2060",6,26,"seus",2050.5,134,111,0.828358208955224
"652","2041-2060",6,85,"seus",2050.5,128,107,0.8359375
"653","2041-2060",7,26,"seus",2050.5,126,115,0.912698412698413
"654","2041-2060",7,85,"seus",2050.5,122,116,0.950819672131147
"655","2041-2060",8,26,"seus",2050.5,129,118,0.914728682170543
"656","2041-2060",8,85,"seus",2050.5,126,114,0.904761904761905
"657","2041-2060",9,26,"seus",2050.5,128,116,0.90625
"658","2041-2060",9,85,"seus",2050.5,127,109,0.858267716535433
"659","2041-2060",10,26,"seus",2050.5,117,99,0.846153846153846
"660","2041-2060",10,85,"seus",2050.5,124,101,0.814516129032258
"661","2041-2060",11,26,"seus",2050.5,107,96,0.897196261682243
"662","2041-2060",11,85,"seus",2050.5,120,103,0.858333333333333
"663","2041-2060",12,26,"seus",2050.5,116,99,0.853448275862069
"664","2041-2060",12,85,"seus",2050.5,112,96,0.857142857142857
"665","2041-2060",13,26,"seus",2050.5,117,98,0.837606837606838
"666","2041-2060",13,85,"seus",2050.5,111,93,0.837837837837838
"667","2041-2060",14,26,"seus",2050.5,116,105,0.905172413793103
"668","2041-2060",14,85,"seus",2050.5,111,101,0.90990990990991
"669","2041-2060",15,26,"seus",2050.5,134,120,0.895522388059702
"670","2041-2060",15,85,"seus",2050.5,128,117,0.9140625
"671","2041-2060",16,26,"seus",2050.5,118,103,0.872881355932203
"672","2041-2060",16,85,"seus",2050.5,126,109,0.865079365079365
"673","2041-2060",1,26,"ebs",2050.5,142,103,0.725352112676056
"674","2041-2060",1,85,"ebs",2050.5,138,88,0.63768115942029
"675","2041-2060",2,26,"ebs",2050.5,130,90,0.692307692307692
"676","2041-2060",2,85,"ebs",2050.5,138,90,0.652173913043478
"677","2041-2060",3,26,"ebs",2050.5,107,75,0.700934579439252
"678","2041-2060",3,85,"ebs",2050.5,93,61,0.655913978494624
"679","2041-2060",4,26,"ebs",2050.5,133,91,0.684210526315789
"680","2041-2060",4,85,"ebs",2050.5,118,84,0.711864406779661
"681","2041-2060",6,26,"ebs",2050.5,133,89,0.669172932330827
"682","2041-2060",8,26,"ebs",2050.5,144,100,0.694444444444444
"683","2041-2060",8,85,"ebs",2050.5,138,98,0.710144927536232
"684","2041-2060",9,26,"ebs",2050.5,141,95,0.673758865248227
"685","2041-2060",9,85,"ebs",2050.5,135,91,0.674074074074074
"686","2041-2060",11,26,"ebs",2050.5,123,81,0.658536585365854
"687","2041-2060",11,85,"ebs",2050.5,113,65,0.575221238938053
"688","2041-2060",12,26,"ebs",2050.5,121,76,0.628099173553719
"689","2041-2060",13,26,"ebs",2050.5,129,89,0.689922480620155
"690","2041-2060",13,85,"ebs",2050.5,110,76,0.690909090909091
"691","2041-2060",14,26,"ebs",2050.5,116,73,0.629310344827586
"692","2041-2060",14,85,"ebs",2050.5,100,72,0.72
"693","2041-2060",15,26,"ebs",2050.5,142,101,0.711267605633803
"694","2041-2060",15,85,"ebs",2050.5,136,98,0.720588235294118
"695","2041-2060",16,26,"ebs",2050.5,140,93,0.664285714285714
"696","2041-2060",16,85,"ebs",2050.5,143,91,0.636363636363636
"697","2041-2060",5,26,"ebs",2050.5,106,68,0.641509433962264
"698","2041-2060",5,85,"ebs",2050.5,96,66,0.6875
"699","2041-2060",6,85,"ebs",2050.5,102,70,0.686274509803922
"700","2041-2060",7,26,"ebs",2050.5,106,80,0.754716981132076
"701","2041-2060",7,85,"ebs",2050.5,91,67,0.736263736263736
"702","2041-2060",10,26,"ebs",2050.5,113,63,0.557522123893805
"703","2041-2060",10,85,"ebs",2050.5,86,49,0.569767441860465
"704","2041-2060",12,85,"ebs",2050.5,103,64,0.621359223300971
"705","2041-2060",1,26,"goa",2050.5,134,118,0.880597014925373
"706","2041-2060",1,85,"goa",2050.5,133,121,0.909774436090226
"707","2041-2060",2,26,"goa",2050.5,126,106,0.841269841269841
"708","2041-2060",3,26,"goa",2050.5,122,100,0.819672131147541
"709","2041-2060",4,26,"goa",2050.5,128,110,0.859375
"710","2041-2060",4,85,"goa",2050.5,126,111,0.880952380952381
"711","2041-2060",5,26,"goa",2050.5,126,104,0.825396825396825
"712","2041-2060",5,85,"goa",2050.5,126,102,0.80952380952381
"713","2041-2060",6,26,"goa",2050.5,127,112,0.881889763779528
"714","2041-2060",6,85,"goa",2050.5,124,108,0.870967741935484
"715","2041-2060",7,26,"goa",2050.5,126,99,0.785714285714286
"716","2041-2060",7,85,"goa",2050.5,124,98,0.790322580645161
"717","2041-2060",8,26,"goa",2050.5,132,115,0.871212121212121
"718","2041-2060",8,85,"goa",2050.5,127,107,0.84251968503937
"719","2041-2060",9,26,"goa",2050.5,133,116,0.87218045112782
"720","2041-2060",9,85,"goa",2050.5,128,103,0.8046875
"721","2041-2060",10,26,"goa",2050.5,123,102,0.829268292682927
"722","2041-2060",10,85,"goa",2050.5,122,104,0.852459016393443
"723","2041-2060",11,26,"goa",2050.5,87,56,0.64367816091954
"724","2041-2060",11,85,"goa",2050.5,90,56,0.622222222222222
"725","2041-2060",12,26,"goa",2050.5,125,104,0.832
"726","2041-2060",12,85,"goa",2050.5,122,107,0.877049180327869
"727","2041-2060",13,26,"goa",2050.5,126,103,0.817460317460317
"728","2041-2060",13,85,"goa",2050.5,123,106,0.861788617886179
"729","2041-2060",14,26,"goa",2050.5,123,88,0.715447154471545
"730","2041-2060",15,26,"goa",2050.5,132,110,0.833333333333333
"731","2041-2060",15,85,"goa",2050.5,128,109,0.8515625
"732","2041-2060",16,26,"goa",2050.5,119,105,0.882352941176471
"733","2041-2060",16,85,"goa",2050.5,123,103,0.83739837398374
"734","2041-2060",1,26,"bc",2050.5,133,125,0.93984962406015
"735","2041-2060",1,26,"wc",2050.5,127,124,0.976377952755906
"736","2041-2060",1,85,"bc",2050.5,134,126,0.940298507462687
"737","2041-2060",1,85,"wc",2050.5,125,122,0.976
"738","2041-2060",2,26,"bc",2050.5,134,127,0.947761194029851
"739","2041-2060",2,26,"wc",2050.5,116,113,0.974137931034483
"740","2041-2060",2,85,"bc",2050.5,130,121,0.930769230769231
"741","2041-2060",2,85,"goa",2050.5,130,117,0.9
"742","2041-2060",2,85,"wc",2050.5,105,96,0.914285714285714
"743","2041-2060",3,26,"bc",2050.5,126,104,0.825396825396825
"744","2041-2060",3,26,"wc",2050.5,118,110,0.932203389830508
"745","2041-2060",3,85,"bc",2050.5,119,104,0.873949579831933
"746","2041-2060",3,85,"goa",2050.5,117,96,0.82051282051282
"747","2041-2060",3,85,"wc",2050.5,113,107,0.946902654867257
"748","2041-2060",4,26,"bc",2050.5,123,114,0.926829268292683
"749","2041-2060",4,26,"wc",2050.5,124,118,0.951612903225806
"750","2041-2060",4,85,"bc",2050.5,130,123,0.946153846153846
"751","2041-2060",4,85,"wc",2050.5,126,121,0.96031746031746
"752","2041-2060",5,26,"bc",2050.5,130,121,0.930769230769231
"753","2041-2060",5,26,"wc",2050.5,125,120,0.96
"754","2041-2060",5,85,"bc",2050.5,130,120,0.923076923076923
"755","2041-2060",5,85,"wc",2050.5,125,122,0.976
"756","2041-2060",6,26,"bc",2050.5,133,123,0.924812030075188
"757","2041-2060",6,26,"wc",2050.5,124,118,0.951612903225806
"758","2041-2060",6,85,"bc",2050.5,132,120,0.909090909090909
"759","2041-2060",6,85,"wc",2050.5,123,122,0.991869918699187
"760","2041-2060",7,26,"bc",2050.5,126,115,0.912698412698413
"761","2041-2060",7,26,"wc",2050.5,114,113,0.991228070175439
"762","2041-2060",7,85,"bc",2050.5,119,111,0.932773109243697
"763","2041-2060",7,85,"wc",2050.5,111,108,0.972972972972973
"764","2041-2060",8,26,"bc",2050.5,131,126,0.961832061068702
"765","2041-2060",8,26,"wc",2050.5,122,122,1
"766","2041-2060",8,85,"bc",2050.5,130,122,0.938461538461538
"767","2041-2060",8,85,"wc",2050.5,117,114,0.974358974358974
"768","2041-2060",9,26,"bc",2050.5,134,124,0.925373134328358
"769","2041-2060",9,26,"wc",2050.5,121,118,0.975206611570248
"770","2041-2060",9,85,"bc",2050.5,126,116,0.920634920634921
"771","2041-2060",9,85,"wc",2050.5,116,106,0.913793103448276
"772","2041-2060",10,26,"bc",2050.5,132,119,0.901515151515151
"773","2041-2060",10,26,"wc",2050.5,121,112,0.925619834710744
"774","2041-2060",10,85,"bc",2050.5,128,114,0.890625
"775","2041-2060",10,85,"wc",2050.5,118,109,0.923728813559322
"776","2041-2060",11,26,"bc",2050.5,112,89,0.794642857142857
"777","2041-2060",11,26,"wc",2050.5,116,111,0.956896551724138
"778","2041-2060",11,85,"bc",2050.5,112,92,0.821428571428571
"779","2041-2060",11,85,"wc",2050.5,115,111,0.965217391304348
"780","2041-2060",12,26,"bc",2050.5,130,116,0.892307692307692
"781","2041-2060",12,26,"wc",2050.5,114,107,0.93859649122807
"782","2041-2060",12,85,"bc",2050.5,117,105,0.897435897435897
"783","2041-2060",12,85,"wc",2050.5,105,97,0.923809523809524
"784","2041-2060",13,26,"bc",2050.5,130,119,0.915384615384615
"785","2041-2060",13,26,"wc",2050.5,115,111,0.965217391304348
"786","2041-2060",13,85,"bc",2050.5,125,112,0.896
"787","2041-2060",13,85,"wc",2050.5,106,100,0.943396226415094
"788","2041-2060",14,26,"bc",2050.5,112,102,0.910714285714286
"789","2041-2060",14,26,"wc",2050.5,112,99,0.883928571428571
"790","2041-2060",14,85,"bc",2050.5,107,95,0.88785046728972
"791","2041-2060",14,85,"goa",2050.5,123,92,0.747967479674797
"792","2041-2060",14,85,"wc",2050.5,106,94,0.886792452830189
"793","2041-2060",15,26,"bc",2050.5,131,121,0.923664122137405
"794","2041-2060",15,26,"wc",2050.5,123,117,0.951219512195122
"795","2041-2060",15,85,"bc",2050.5,131,122,0.931297709923664
"796","2041-2060",15,85,"wc",2050.5,116,112,0.96551724137931
"797","2041-2060",16,26,"bc",2050.5,121,110,0.909090909090909
"798","2041-2060",16,26,"wc",2050.5,115,110,0.956521739130435
"799","2041-2060",16,85,"bc",2050.5,122,115,0.942622950819672
"800","2041-2060",16,85,"wc",2050.5,117,112,0.957264957264957
"801","2041-2060",1,26,"maritime",2050.5,78,57,0.730769230769231
"802","2041-2060",1,26,"neus",2050.5,70,59,0.842857142857143
"803","2041-2060",1,85,"maritime",2050.5,72,49,0.680555555555556
"804","2041-2060",1,85,"neus",2050.5,71,59,0.830985915492958
"805","2041-2060",2,26,"maritime",2050.5,76,54,0.710526315789474
"806","2041-2060",2,26,"neus",2050.5,70,59,0.842857142857143
"807","2041-2060",2,85,"maritime",2050.5,71,51,0.71830985915493
"808","2041-2060",2,85,"neus",2050.5,68,54,0.794117647058823
"809","2041-2060",3,26,"maritime",2050.5,65,33,0.507692307692308
"810","2041-2060",3,26,"neus",2050.5,60,48,0.8
"811","2041-2060",3,85,"maritime",2050.5,58,29,0.5
"812","2041-2060",3,85,"neus",2050.5,57,47,0.824561403508772
"813","2041-2060",4,26,"maritime",2050.5,74,58,0.783783783783784
"814","2041-2060",4,26,"neus",2050.5,72,55,0.763888888888889
"815","2041-2060",4,85,"maritime",2050.5,72,47,0.652777777777778
"816","2041-2060",4,85,"neus",2050.5,71,63,0.887323943661972
"817","2041-2060",5,26,"maritime",2050.5,73,47,0.643835616438356
"818","2041-2060",5,26,"neus",2050.5,72,61,0.847222222222222
"819","2041-2060",5,85,"maritime",2050.5,72,41,0.569444444444444
"820","2041-2060",5,85,"neus",2050.5,70,57,0.814285714285714
"821","2041-2060",6,26,"maritime",2050.5,74,46,0.621621621621622
"822","2041-2060",6,26,"neus",2050.5,71,49,0.690140845070423
"823","2041-2060",6,85,"maritime",2050.5,74,38,0.513513513513513
"824","2041-2060",6,85,"neus",2050.5,64,33,0.515625
"825","2041-2060",7,26,"maritime",2050.5,75,52,0.693333333333333
"826","2041-2060",7,26,"neus",2050.5,72,57,0.791666666666667
"827","2041-2060",7,85,"maritime",2050.5,67,45,0.671641791044776
"828","2041-2060",7,85,"neus",2050.5,71,52,0.732394366197183
"829","2041-2060",8,26,"maritime",2050.5,77,52,0.675324675324675
"830","2041-2060",8,26,"neus",2050.5,72,57,0.791666666666667
"831","2041-2060",8,85,"maritime",2050.5,76,56,0.736842105263158
"832","2041-2060",8,85,"neus",2050.5,73,57,0.780821917808219
"833","2041-2060",9,26,"maritime",2050.5,76,53,0.697368421052632
"834","2041-2060",9,26,"neus",2050.5,73,49,0.671232876712329
"835","2041-2060",9,85,"maritime",2050.5,74,50,0.675675675675676
"836","2041-2060",9,85,"neus",2050.5,71,46,0.647887323943662
"837","2041-2060",10,26,"maritime",2050.5,80,59,0.7375
"838","2041-2060",10,26,"neus",2050.5,70,49,0.7
"839","2041-2060",10,85,"maritime",2050.5,77,60,0.779220779220779
"840","2041-2060",10,85,"neus",2050.5,71,51,0.71830985915493
"841","2041-2060",11,26,"maritime",2050.5,69,43,0.623188405797101
"842","2041-2060",11,26,"neus",2050.5,66,49,0.742424242424242
"843","2041-2060",11,85,"maritime",2050.5,72,41,0.569444444444444
"844","2041-2060",11,85,"neus",2050.5,66,54,0.818181818181818
"845","2041-2060",12,26,"maritime",2050.5,64,46,0.71875
"846","2041-2060",12,26,"neus",2050.5,58,39,0.672413793103448
"847","2041-2060",12,85,"maritime",2050.5,58,37,0.637931034482759
"848","2041-2060",12,85,"neus",2050.5,53,35,0.660377358490566
"849","2041-2060",13,26,"maritime",2050.5,64,45,0.703125
"850","2041-2060",13,26,"neus",2050.5,59,35,0.593220338983051
"851","2041-2060",13,85,"maritime",2050.5,61,38,0.622950819672131
"852","2041-2060",13,85,"neus",2050.5,55,33,0.6
"853","2041-2060",14,26,"maritime",2050.5,64,40,0.625
"854","2041-2060",14,26,"neus",2050.5,59,37,0.627118644067797
"855","2041-2060",14,85,"maritime",2050.5,58,36,0.620689655172414
"856","2041-2060",14,85,"neus",2050.5,55,39,0.709090909090909
"857","2041-2060",15,26,"maritime",2050.5,74,52,0.702702702702703
"858","2041-2060",15,26,"neus",2050.5,73,54,0.73972602739726
"859","2041-2060",15,85,"maritime",2050.5,67,36,0.537313432835821
"860","2041-2060",15,85,"neus",2050.5,68,49,0.720588235294118
"861","2041-2060",16,26,"maritime",2050.5,75,52,0.693333333333333
"862","2041-2060",16,26,"neus",2050.5,71,59,0.830985915492958
"863","2041-2060",16,85,"maritime",2050.5,70,45,0.642857142857143
"864","2041-2060",16,85,"neus",2050.5,71,51,0.71830985915493
"865","2061-2080",1,26,"newf",2070.5,105,93,0.885714285714286
"866","2061-2080",1,85,"newf",2070.5,103,80,0.776699029126214
"867","2061-2080",2,26,"newf",2070.5,105,93,0.885714285714286
"868","2061-2080",2,85,"newf",2070.5,103,85,0.825242718446602
"869","2061-2080",3,26,"newf",2070.5,98,74,0.755102040816326
"870","2061-2080",3,85,"newf",2070.5,87,56,0.64367816091954
"871","2061-2080",4,26,"newf",2070.5,103,88,0.854368932038835
"872","2061-2080",4,85,"newf",2070.5,103,81,0.786407766990291
"873","2061-2080",5,26,"newf",2070.5,103,84,0.815533980582524
"874","2061-2080",5,85,"newf",2070.5,101,77,0.762376237623762
"875","2061-2080",6,26,"newf",2070.5,101,80,0.792079207920792
"876","2061-2080",6,85,"newf",2070.5,101,73,0.722772277227723
"877","2061-2080",7,26,"newf",2070.5,101,83,0.821782178217822
"878","2061-2080",7,85,"newf",2070.5,91,56,0.615384615384615
"879","2061-2080",8,26,"newf",2070.5,104,79,0.759615384615385
"880","2061-2080",8,85,"newf",2070.5,105,80,0.761904761904762
"881","2061-2080",9,26,"newf",2070.5,103,77,0.747572815533981
"882","2061-2080",9,85,"newf",2070.5,101,77,0.762376237623762
"883","2061-2080",10,26,"newf",2070.5,95,52,0.547368421052632
"884","2061-2080",10,85,"newf",2070.5,100,61,0.61
"885","2061-2080",11,26,"newf",2070.5,100,81,0.81
"886","2061-2080",11,85,"newf",2070.5,104,83,0.798076923076923
"887","2061-2080",12,26,"newf",2070.5,100,68,0.68
"888","2061-2080",12,85,"newf",2070.5,96,65,0.677083333333333
"889","2061-2080",13,26,"newf",2070.5,101,75,0.742574257425743
"890","2061-2080",13,85,"newf",2070.5,96,73,0.760416666666667
"891","2061-2080",14,26,"newf",2070.5,100,71,0.71
"892","2061-2080",14,85,"newf",2070.5,90,65,0.722222222222222
"893","2061-2080",15,26,"newf",2070.5,104,86,0.826923076923077
"894","2061-2080",15,85,"newf",2070.5,96,74,0.770833333333333
"895","2061-2080",16,26,"newf",2070.5,104,79,0.759615384615385
"896","2061-2080",16,85,"newf",2070.5,102,84,0.823529411764706
"897","2061-2080",1,26,"gmex",2070.5,196,178,0.908163265306122
"898","2061-2080",1,85,"gmex",2070.5,191,172,0.900523560209424
"899","2061-2080",2,26,"gmex",2070.5,198,183,0.924242424242424
"900","2061-2080",2,85,"gmex",2070.5,194,170,0.876288659793814
"901","2061-2080",3,26,"gmex",2070.5,175,161,0.92
"902","2061-2080",3,85,"gmex",2070.5,177,152,0.858757062146893
"903","2061-2080",4,26,"gmex",2070.5,201,179,0.890547263681592
"904","2061-2080",4,85,"gmex",2070.5,198,178,0.898989898989899
"905","2061-2080",5,26,"gmex",2070.5,201,185,0.920398009950249
"906","2061-2080",5,85,"gmex",2070.5,194,177,0.912371134020619
"907","2061-2080",6,26,"gmex",2070.5,201,176,0.875621890547264
"908","2061-2080",6,85,"gmex",2070.5,194,167,0.860824742268041
"909","2061-2080",7,26,"gmex",2070.5,189,170,0.899470899470899
"910","2061-2080",7,85,"gmex",2070.5,181,163,0.900552486187845
"911","2061-2080",8,26,"gmex",2070.5,194,158,0.814432989690722
"912","2061-2080",8,85,"gmex",2070.5,190,159,0.836842105263158
"913","2061-2080",9,26,"gmex",2070.5,200,175,0.875
"914","2061-2080",9,85,"gmex",2070.5,192,164,0.854166666666667
"915","2061-2080",10,26,"gmex",2070.5,200,168,0.84
"916","2061-2080",10,85,"gmex",2070.5,198,168,0.848484848484849
"917","2061-2080",11,26,"gmex",2070.5,199,165,0.829145728643216
"918","2061-2080",11,85,"gmex",2070.5,200,170,0.85
"919","2061-2080",12,26,"gmex",2070.5,199,174,0.874371859296482
"920","2061-2080",12,85,"gmex",2070.5,193,160,0.829015544041451
"921","2061-2080",13,26,"gmex",2070.5,199,175,0.879396984924623
"922","2061-2080",13,85,"gmex",2070.5,190,159,0.836842105263158
"923","2061-2080",14,26,"gmex",2070.5,194,174,0.896907216494845
"924","2061-2080",14,85,"gmex",2070.5,192,163,0.848958333333333
"925","2061-2080",15,26,"gmex",2070.5,201,168,0.835820895522388
"926","2061-2080",15,85,"gmex",2070.5,195,166,0.851282051282051
"927","2061-2080",16,26,"gmex",2070.5,200,178,0.89
"928","2061-2080",16,85,"gmex",2070.5,201,182,0.90547263681592
"929","2061-2080",1,26,"seus",2070.5,126,116,0.920634920634921
"930","2061-2080",1,85,"seus",2070.5,121,112,0.925619834710744
"931","2061-2080",2,26,"seus",2070.5,126,113,0.896825396825397
"932","2061-2080",2,85,"seus",2070.5,121,109,0.900826446280992
"933","2061-2080",3,26,"seus",2070.5,119,107,0.899159663865546
"934","2061-2080",3,85,"seus",2070.5,110,102,0.927272727272727
"935","2061-2080",4,26,"seus",2070.5,126,113,0.896825396825397
"936","2061-2080",4,85,"seus",2070.5,129,113,0.875968992248062
"937","2061-2080",5,26,"seus",2070.5,132,111,0.840909090909091
"938","2061-2080",5,85,"seus",2070.5,127,114,0.897637795275591
"939","2061-2080",6,26,"seus",2070.5,133,113,0.849624060150376
"940","2061-2080",6,85,"seus",2070.5,125,107,0.856
"941","2061-2080",7,26,"seus",2070.5,125,114,0.912
"942","2061-2080",7,85,"seus",2070.5,117,106,0.905982905982906
"943","2061-2080",8,26,"seus",2070.5,128,119,0.9296875
"944","2061-2080",8,85,"seus",2070.5,120,110,0.916666666666667
"945","2061-2080",9,26,"seus",2070.5,129,118,0.914728682170543
"946","2061-2080",9,85,"seus",2070.5,119,109,0.915966386554622
"947","2061-2080",10,26,"seus",2070.5,114,97,0.850877192982456
"948","2061-2080",10,85,"seus",2070.5,124,108,0.870967741935484
"949","2061-2080",11,26,"seus",2070.5,105,95,0.904761904761905
"950","2061-2080",11,85,"seus",2070.5,122,102,0.836065573770492
"951","2061-2080",12,26,"seus",2070.5,115,98,0.852173913043478
"952","2061-2080",12,85,"seus",2070.5,111,99,0.891891891891892
"953","2061-2080",13,26,"seus",2070.5,117,95,0.811965811965812
"954","2061-2080",13,85,"seus",2070.5,112,103,0.919642857142857
"955","2061-2080",14,26,"seus",2070.5,114,105,0.921052631578947
"956","2061-2080",14,85,"seus",2070.5,112,103,0.919642857142857
"957","2061-2080",15,26,"seus",2070.5,134,121,0.902985074626866
"958","2061-2080",15,85,"seus",2070.5,124,115,0.92741935483871
"959","2061-2080",16,26,"seus",2070.5,118,101,0.855932203389831
"960","2061-2080",16,85,"seus",2070.5,132,111,0.840909090909091
"961","2061-2080",1,26,"ebs",2070.5,135,94,0.696296296296296
"962","2061-2080",1,85,"ebs",2070.5,125,89,0.712
"963","2061-2080",2,26,"ebs",2070.5,134,91,0.67910447761194
"964","2061-2080",2,85,"ebs",2070.5,127,94,0.740157480314961
"965","2061-2080",3,26,"ebs",2070.5,107,76,0.710280373831776
"966","2061-2080",4,26,"ebs",2070.5,130,86,0.661538461538462
"967","2061-2080",6,26,"ebs",2070.5,134,86,0.641791044776119
"968","2061-2080",7,26,"ebs",2070.5,107,76,0.710280373831776
"969","2061-2080",8,26,"ebs",2070.5,143,103,0.72027972027972
"970","2061-2080",8,85,"ebs",2070.5,140,97,0.692857142857143
"971","2061-2080",9,26,"ebs",2070.5,140,95,0.678571428571429
"972","2061-2080",9,85,"ebs",2070.5,127,89,0.700787401574803
"973","2061-2080",11,26,"ebs",2070.5,119,71,0.596638655462185
"974","2061-2080",12,26,"ebs",2070.5,112,73,0.651785714285714
"975","2061-2080",13,26,"ebs",2070.5,130,87,0.669230769230769
"976","2061-2080",14,26,"ebs",2070.5,114,73,0.640350877192982
"977","2061-2080",15,26,"ebs",2070.5,137,97,0.708029197080292
"978","2061-2080",15,85,"ebs",2070.5,109,84,0.770642201834862
"979","2061-2080",16,26,"ebs",2070.5,143,99,0.692307692307692
"980","2061-2080",16,85,"ebs",2070.5,122,84,0.688524590163934
"981","2061-2080",3,85,"ebs",2070.5,67,49,0.73134328358209
"982","2061-2080",4,85,"ebs",2070.5,92,66,0.717391304347826
"983","2061-2080",5,26,"ebs",2070.5,105,69,0.657142857142857
"984","2061-2080",5,85,"ebs",2070.5,84,61,0.726190476190476
"985","2061-2080",6,85,"ebs",2070.5,90,61,0.677777777777778
"986","2061-2080",7,85,"ebs",2070.5,77,47,0.61038961038961
"987","2061-2080",10,26,"ebs",2070.5,106,62,0.584905660377358
"988","2061-2080",10,85,"ebs",2070.5,86,54,0.627906976744186
"989","2061-2080",11,85,"ebs",2070.5,95,68,0.715789473684211
"990","2061-2080",12,85,"ebs",2070.5,83,55,0.662650602409639
"991","2061-2080",13,85,"ebs",2070.5,88,59,0.670454545454545
"992","2061-2080",14,85,"ebs",2070.5,75,53,0.706666666666667
"993","2061-2080",1,26,"goa",2070.5,131,107,0.816793893129771
"994","2061-2080",2,26,"goa",2070.5,134,117,0.873134328358209
"995","2061-2080",3,26,"goa",2070.5,123,105,0.853658536585366
"996","2061-2080",4,26,"goa",2070.5,126,108,0.857142857142857
"997","2061-2080",5,26,"goa",2070.5,126,106,0.841269841269841
"998","2061-2080",6,26,"goa",2070.5,128,112,0.875
"999","2061-2080",6,85,"goa",2070.5,122,106,0.868852459016393
"1000","2061-2080",7,26,"goa",2070.5,125,95,0.76
"1001","2061-2080",7,85,"goa",2070.5,118,96,0.813559322033898
"1002","2061-2080",8,26,"goa",2070.5,132,117,0.886363636363636
"1003","2061-2080",8,85,"goa",2070.5,127,107,0.84251968503937
"1004","2061-2080",9,26,"goa",2070.5,133,116,0.87218045112782
"1005","2061-2080",9,85,"goa",2070.5,124,98,0.790322580645161
"1006","2061-2080",10,26,"goa",2070.5,122,103,0.844262295081967
"1007","2061-2080",10,85,"goa",2070.5,120,103,0.858333333333333
"1008","2061-2080",11,26,"goa",2070.5,86,56,0.651162790697674
"1009","2061-2080",11,85,"goa",2070.5,92,55,0.597826086956522
"1010","2061-2080",12,26,"goa",2070.5,125,104,0.832
"1011","2061-2080",12,85,"goa",2070.5,121,102,0.84297520661157
"1012","2061-2080",13,26,"goa",2070.5,125,105,0.84
"1013","2061-2080",13,85,"goa",2070.5,121,98,0.809917355371901
"1014","2061-2080",14,26,"goa",2070.5,123,94,0.764227642276423
"1015","2061-2080",15,26,"goa",2070.5,127,110,0.866141732283465
"1016","2061-2080",15,85,"goa",2070.5,127,111,0.874015748031496
"1017","2061-2080",16,26,"goa",2070.5,117,104,0.888888888888889
"1018","2061-2080",1,26,"bc",2070.5,132,124,0.939393939393939
"1019","2061-2080",1,26,"wc",2070.5,127,122,0.960629921259842
"1020","2061-2080",1,85,"bc",2070.5,126,120,0.952380952380952
"1021","2061-2080",1,85,"goa",2070.5,123,100,0.813008130081301
"1022","2061-2080",1,85,"wc",2070.5,115,109,0.947826086956522
"1023","2061-2080",2,26,"bc",2070.5,133,126,0.947368421052632
"1024","2061-2080",2,26,"wc",2070.5,117,114,0.974358974358974
"1025","2061-2080",2,85,"bc",2070.5,122,104,0.852459016393443
"1026","2061-2080",2,85,"goa",2070.5,123,99,0.804878048780488
"1027","2061-2080",2,85,"wc",2070.5,98,92,0.938775510204082
"1028","2061-2080",3,26,"bc",2070.5,126,113,0.896825396825397
"1029","2061-2080",3,26,"wc",2070.5,121,116,0.958677685950413
"1030","2061-2080",3,85,"bc",2070.5,110,99,0.9
"1031","2061-2080",3,85,"goa",2070.5,114,87,0.763157894736842
"1032","2061-2080",3,85,"wc",2070.5,102,95,0.931372549019608
"1033","2061-2080",4,26,"bc",2070.5,123,114,0.926829268292683
"1034","2061-2080",4,26,"wc",2070.5,123,117,0.951219512195122
"1035","2061-2080",4,85,"bc",2070.5,129,117,0.906976744186046
"1036","2061-2080",4,85,"goa",2070.5,122,100,0.819672131147541
"1037","2061-2080",4,85,"wc",2070.5,121,113,0.933884297520661
"1038","2061-2080",5,26,"bc",2070.5,129,124,0.961240310077519
"1039","2061-2080",5,26,"wc",2070.5,125,119,0.952
"1040","2061-2080",5,85,"bc",2070.5,129,117,0.906976744186046
"1041","2061-2080",5,85,"goa",2070.5,121,100,0.826446280991736
"1042","2061-2080",5,85,"wc",2070.5,120,113,0.941666666666667
"1043","2061-2080",6,26,"bc",2070.5,132,122,0.924242424242424
"1044","2061-2080",6,26,"wc",2070.5,124,117,0.943548387096774
"1045","2061-2080",6,85,"bc",2070.5,123,110,0.894308943089431
"1046","2061-2080",6,85,"wc",2070.5,113,111,0.982300884955752
"1047","2061-2080",7,26,"bc",2070.5,123,113,0.91869918699187
"1048","2061-2080",7,26,"wc",2070.5,113,110,0.973451327433628
"1049","2061-2080",7,85,"bc",2070.5,103,92,0.893203883495146
"1050","2061-2080",7,85,"wc",2070.5,100,94,0.94
"1051","2061-2080",8,26,"bc",2070.5,130,123,0.946153846153846
"1052","2061-2080",8,26,"wc",2070.5,121,120,0.991735537190083
"1053","2061-2080",8,85,"bc",2070.5,130,118,0.907692307692308
"1054","2061-2080",8,85,"wc",2070.5,112,110,0.982142857142857
"1055","2061-2080",9,26,"bc",2070.5,134,124,0.925373134328358
"1056","2061-2080",9,26,"wc",2070.5,127,126,0.992125984251969
"1057","2061-2080",9,85,"bc",2070.5,120,113,0.941666666666667
"1058","2061-2080",9,85,"wc",2070.5,110,104,0.945454545454545
"1059","2061-2080",10,26,"bc",2070.5,131,117,0.893129770992366
"1060","2061-2080",10,26,"wc",2070.5,117,111,0.948717948717949
"1061","2061-2080",10,85,"bc",2070.5,125,111,0.888
"1062","2061-2080",10,85,"wc",2070.5,111,105,0.945945945945946
"1063","2061-2080",11,26,"bc",2070.5,111,87,0.783783783783784
"1064","2061-2080",11,26,"wc",2070.5,115,111,0.965217391304348
"1065","2061-2080",11,85,"bc",2070.5,111,94,0.846846846846847
"1066","2061-2080",11,85,"wc",2070.5,103,95,0.922330097087379
"1067","2061-2080",12,26,"bc",2070.5,129,116,0.89922480620155
"1068","2061-2080",12,26,"wc",2070.5,113,104,0.920353982300885
"1069","2061-2080",12,85,"bc",2070.5,102,91,0.892156862745098
"1070","2061-2080",12,85,"wc",2070.5,95,88,0.926315789473684
"1071","2061-2080",13,26,"bc",2070.5,131,119,0.908396946564885
"1072","2061-2080",13,26,"wc",2070.5,116,111,0.956896551724138
"1073","2061-2080",13,85,"bc",2070.5,107,96,0.897196261682243
"1074","2061-2080",14,26,"bc",2070.5,114,101,0.885964912280702
"1075","2061-2080",14,26,"wc",2070.5,109,98,0.899082568807339
"1076","2061-2080",14,85,"bc",2070.5,86,76,0.883720930232558
"1077","2061-2080",14,85,"goa",2070.5,116,84,0.724137931034483
"1078","2061-2080",14,85,"wc",2070.5,93,86,0.924731182795699
"1079","2061-2080",15,26,"bc",2070.5,131,122,0.931297709923664
"1080","2061-2080",15,26,"wc",2070.5,121,115,0.950413223140496
"1081","2061-2080",15,85,"bc",2070.5,124,114,0.919354838709677
"1082","2061-2080",15,85,"wc",2070.5,109,103,0.944954128440367
"1083","2061-2080",16,26,"bc",2070.5,120,110,0.916666666666667
"1084","2061-2080",16,26,"wc",2070.5,116,110,0.948275862068966
"1085","2061-2080",16,85,"bc",2070.5,129,121,0.937984496124031
"1086","2061-2080",16,85,"goa",2070.5,122,105,0.860655737704918
"1087","2061-2080",16,85,"wc",2070.5,120,115,0.958333333333333
"1088","2061-2080",1,26,"maritime",2070.5,75,55,0.733333333333333
"1089","2061-2080",1,26,"neus",2070.5,70,59,0.842857142857143
"1090","2061-2080",1,85,"maritime",2070.5,67,46,0.686567164179104
"1091","2061-2080",1,85,"neus",2070.5,67,50,0.746268656716418
"1092","2061-2080",2,26,"maritime",2070.5,75,51,0.68
"1093","2061-2080",2,26,"neus",2070.5,70,59,0.842857142857143
"1094","2061-2080",2,85,"maritime",2070.5,64,44,0.6875
"1095","2061-2080",2,85,"neus",2070.5,61,52,0.852459016393443
"1096","2061-2080",3,26,"maritime",2070.5,61,27,0.442622950819672
"1097","2061-2080",3,26,"neus",2070.5,60,46,0.766666666666667
"1098","2061-2080",3,85,"maritime",2070.5,54,28,0.518518518518518
"1099","2061-2080",4,26,"maritime",2070.5,74,58,0.783783783783784
"1100","2061-2080",4,26,"neus",2070.5,72,55,0.763888888888889
"1101","2061-2080",4,85,"maritime",2070.5,69,40,0.579710144927536
"1102","2061-2080",4,85,"neus",2070.5,68,52,0.764705882352941
"1103","2061-2080",5,26,"maritime",2070.5,72,44,0.611111111111111
"1104","2061-2080",5,26,"neus",2070.5,71,63,0.887323943661972
"1105","2061-2080",5,85,"maritime",2070.5,67,30,0.447761194029851
"1106","2061-2080",5,85,"neus",2070.5,62,48,0.774193548387097
"1107","2061-2080",6,26,"maritime",2070.5,74,42,0.567567567567568
"1108","2061-2080",6,26,"neus",2070.5,70,46,0.657142857142857
"1109","2061-2080",6,85,"maritime",2070.5,64,35,0.546875
"1110","2061-2080",6,85,"neus",2070.5,58,32,0.551724137931034
"1111","2061-2080",7,26,"maritime",2070.5,73,47,0.643835616438356
"1112","2061-2080",7,26,"neus",2070.5,73,56,0.767123287671233
"1113","2061-2080",7,85,"maritime",2070.5,63,43,0.682539682539683
"1114","2061-2080",7,85,"neus",2070.5,65,47,0.723076923076923
"1115","2061-2080",8,26,"maritime",2070.5,76,52,0.684210526315789
"1116","2061-2080",8,26,"neus",2070.5,71,56,0.788732394366197
"1117","2061-2080",8,85,"maritime",2070.5,75,53,0.706666666666667
"1118","2061-2080",8,85,"neus",2070.5,71,52,0.732394366197183
"1119","2061-2080",9,26,"maritime",2070.5,77,54,0.701298701298701
"1120","2061-2080",9,26,"neus",2070.5,73,54,0.73972602739726
"1121","2061-2080",9,85,"maritime",2070.5,65,43,0.661538461538462
"1122","2061-2080",9,85,"neus",2070.5,67,46,0.686567164179104
"1123","2061-2080",10,26,"maritime",2070.5,79,52,0.658227848101266
"1124","2061-2080",10,26,"neus",2070.5,69,51,0.739130434782609
"1125","2061-2080",10,85,"maritime",2070.5,78,57,0.730769230769231
"1126","2061-2080",10,85,"neus",2070.5,70,48,0.685714285714286
"1127","2061-2080",11,26,"maritime",2070.5,72,40,0.555555555555556
"1128","2061-2080",11,26,"neus",2070.5,64,50,0.78125
"1129","2061-2080",11,85,"maritime",2070.5,72,41,0.569444444444444
"1130","2061-2080",11,85,"neus",2070.5,66,55,0.833333333333333
"1131","2061-2080",12,26,"maritime",2070.5,61,45,0.737704918032787
"1132","2061-2080",12,26,"neus",2070.5,59,37,0.627118644067797
"1133","2061-2080",12,85,"maritime",2070.5,51,34,0.666666666666667
"1134","2061-2080",13,26,"maritime",2070.5,65,48,0.738461538461539
"1135","2061-2080",13,26,"neus",2070.5,60,35,0.583333333333333
"1136","2061-2080",13,85,"maritime",2070.5,55,33,0.6
"1137","2061-2080",14,26,"maritime",2070.5,64,35,0.546875
"1138","2061-2080",14,26,"neus",2070.5,58,45,0.775862068965517
"1139","2061-2080",14,85,"maritime",2070.5,54,33,0.611111111111111
"1140","2061-2080",15,26,"maritime",2070.5,74,52,0.702702702702703
"1141","2061-2080",15,26,"neus",2070.5,72,51,0.708333333333333
"1142","2061-2080",15,85,"maritime",2070.5,62,34,0.548387096774194
"1143","2061-2080",16,26,"maritime",2070.5,76,51,0.671052631578947
"1144","2061-2080",16,26,"neus",2070.5,71,57,0.802816901408451
"1145","2061-2080",16,85,"maritime",2070.5,66,41,0.621212121212121
"1146","2061-2080",16,85,"neus",2070.5,59,42,0.711864406779661
"1147","2061-2080",13,85,"wc",2070.5,95,88,0.926315789473684
"1148","2061-2080",3,85,"neus",2070.5,48,39,0.8125
"1149","2061-2080",12,85,"neus",2070.5,39,23,0.58974358974359
"1150","2061-2080",13,85,"neus",2070.5,43,27,0.627906976744186
"1151","2061-2080",14,85,"neus",2070.5,39,30,0.769230769230769
"1152","2061-2080",15,85,"neus",2070.5,60,41,0.683333333333333
"1153","2081-2100",1,26,"newf",2090.5,105,97,0.923809523809524
"1154","2081-2100",1,85,"newf",2090.5,102,77,0.754901960784314
"1155","2081-2100",2,26,"newf",2090.5,105,87,0.828571428571429
"1156","2081-2100",2,85,"newf",2090.5,102,80,0.784313725490196
"1157","2081-2100",3,26,"newf",2090.5,98,68,0.693877551020408
"1158","2081-2100",3,85,"newf",2090.5,74,30,0.405405405405405
"1159","2081-2100",4,26,"newf",2090.5,103,84,0.815533980582524
"1160","2081-2100",4,85,"newf",2090.5,103,82,0.796116504854369
"1161","2081-2100",5,26,"newf",2090.5,102,81,0.794117647058823
"1162","2081-2100",5,85,"newf",2090.5,101,81,0.801980198019802
"1163","2081-2100",6,26,"newf",2090.5,100,79,0.79
"1164","2081-2100",6,85,"newf",2090.5,96,64,0.666666666666667
"1165","2081-2100",7,26,"newf",2090.5,101,80,0.792079207920792
"1166","2081-2100",7,85,"newf",2090.5,84,44,0.523809523809524
"1167","2081-2100",8,26,"newf",2090.5,103,80,0.776699029126214
"1168","2081-2100",8,85,"newf",2090.5,103,76,0.737864077669903
"1169","2081-2100",9,26,"newf",2090.5,103,78,0.757281553398058
"1170","2081-2100",9,85,"newf",2090.5,97,73,0.752577319587629
"1171","2081-2100",10,26,"newf",2090.5,95,53,0.557894736842105
"1172","2081-2100",10,85,"newf",2090.5,94,52,0.553191489361702
"1173","2081-2100",11,26,"newf",2090.5,100,80,0.8
"1174","2081-2100",11,85,"newf",2090.5,104,81,0.778846153846154
"1175","2081-2100",12,26,"newf",2090.5,101,74,0.732673267326733
"1176","2081-2100",12,85,"newf",2090.5,88,52,0.590909090909091
"1177","2081-2100",13,26,"newf",2090.5,100,75,0.75
"1178","2081-2100",13,85,"newf",2090.5,93,57,0.612903225806452
"1179","2081-2100",14,26,"newf",2090.5,100,74,0.74
"1180","2081-2100",14,85,"newf",2090.5,85,52,0.611764705882353
"1181","2081-2100",15,26,"newf",2090.5,102,80,0.784313725490196
"1182","2081-2100",15,85,"newf",2090.5,87,55,0.632183908045977
"1183","2081-2100",16,26,"newf",2090.5,104,84,0.807692307692308
"1184","2081-2100",16,85,"newf",2090.5,102,78,0.764705882352941
"1185","2081-2100",1,26,"gmex",2090.5,196,175,0.892857142857143
"1186","2081-2100",1,85,"gmex",2090.5,188,167,0.888297872340426
"1187","2081-2100",2,26,"gmex",2090.5,198,186,0.939393939393939
"1188","2081-2100",2,85,"gmex",2090.5,187,170,0.909090909090909
"1189","2081-2100",3,26,"gmex",2090.5,175,159,0.908571428571429
"1190","2081-2100",3,85,"gmex",2090.5,176,154,0.875
"1191","2081-2100",4,26,"gmex",2090.5,200,180,0.9
"1192","2081-2100",4,85,"gmex",2090.5,196,170,0.86734693877551
"1193","2081-2100",5,26,"gmex",2090.5,201,183,0.91044776119403
"1194","2081-2100",5,85,"gmex",2090.5,190,168,0.884210526315789
"1195","2081-2100",6,26,"gmex",2090.5,201,174,0.865671641791045
"1196","2081-2100",6,85,"gmex",2090.5,191,165,0.863874345549738
"1197","2081-2100",7,26,"gmex",2090.5,188,173,0.920212765957447
"1198","2081-2100",7,85,"gmex",2090.5,172,144,0.837209302325581
"1199","2081-2100",8,26,"gmex",2090.5,195,164,0.841025641025641
"1200","2081-2100",8,85,"gmex",2090.5,187,154,0.823529411764706
"1201","2081-2100",9,26,"gmex",2090.5,200,174,0.87
"1202","2081-2100",9,85,"gmex",2090.5,186,164,0.881720430107527
"1203","2081-2100",10,26,"gmex",2090.5,200,174,0.87
"1204","2081-2100",10,85,"gmex",2090.5,199,165,0.829145728643216
"1205","2081-2100",11,26,"gmex",2090.5,199,170,0.85427135678392
"1206","2081-2100",11,85,"gmex",2090.5,199,165,0.829145728643216
"1207","2081-2100",12,26,"gmex",2090.5,199,174,0.874371859296482
"1208","2081-2100",12,85,"gmex",2090.5,184,154,0.83695652173913
"1209","2081-2100",13,26,"gmex",2090.5,200,175,0.875
"1210","2081-2100",13,85,"gmex",2090.5,183,153,0.836065573770492
"1211","2081-2100",14,26,"gmex",2090.5,195,172,0.882051282051282
"1212","2081-2100",14,85,"gmex",2090.5,185,159,0.859459459459459
"1213","2081-2100",15,26,"gmex",2090.5,200,167,0.835
"1214","2081-2100",15,85,"gmex",2090.5,187,161,0.86096256684492
"1215","2081-2100",16,26,"gmex",2090.5,200,176,0.88
"1216","2081-2100",16,85,"gmex",2090.5,199,174,0.874371859296482
"1217","2081-2100",1,26,"seus",2090.5,126,116,0.920634920634921
"1218","2081-2100",1,85,"seus",2090.5,122,111,0.909836065573771
"1219","2081-2100",2,26,"seus",2090.5,126,117,0.928571428571429
"1220","2081-2100",2,85,"seus",2090.5,118,107,0.906779661016949
"1221","2081-2100",3,26,"seus",2090.5,120,110,0.916666666666667
"1222","2081-2100",3,85,"seus",2090.5,107,99,0.925233644859813
"1223","2081-2100",4,26,"seus",2090.5,123,110,0.894308943089431
"1224","2081-2100",4,85,"seus",2090.5,126,113,0.896825396825397
"1225","2081-2100",5,26,"seus",2090.5,130,114,0.876923076923077
"1226","2081-2100",5,85,"seus",2090.5,122,109,0.89344262295082
"1227","2081-2100",6,26,"seus",2090.5,130,114,0.876923076923077
"1228","2081-2100",6,85,"seus",2090.5,117,105,0.897435897435897
"1229","2081-2100",7,26,"seus",2090.5,123,114,0.926829268292683
"1230","2081-2100",7,85,"seus",2090.5,110,101,0.918181818181818
"1231","2081-2100",8,26,"seus",2090.5,128,116,0.90625
"1232","2081-2100",8,85,"seus",2090.5,117,108,0.923076923076923
"1233","2081-2100",9,26,"seus",2090.5,129,118,0.914728682170543
"1234","2081-2100",9,85,"seus",2090.5,117,108,0.923076923076923
"1235","2081-2100",10,26,"seus",2090.5,115,97,0.843478260869565
"1236","2081-2100",10,85,"seus",2090.5,125,110,0.88
"1237","2081-2100",11,26,"seus",2090.5,108,96,0.888888888888889
"1238","2081-2100",11,85,"seus",2090.5,121,100,0.826446280991736
"1239","2081-2100",12,26,"seus",2090.5,115,100,0.869565217391304
"1240","2081-2100",12,85,"seus",2090.5,109,97,0.889908256880734
"1241","2081-2100",13,26,"seus",2090.5,117,97,0.829059829059829
"1242","2081-2100",13,85,"seus",2090.5,109,101,0.926605504587156
"1243","2081-2100",14,26,"seus",2090.5,114,103,0.903508771929825
"1244","2081-2100",14,85,"seus",2090.5,110,100,0.909090909090909
"1245","2081-2100",15,26,"seus",2090.5,134,119,0.888059701492537
"1246","2081-2100",15,85,"seus",2090.5,121,111,0.917355371900826
"1247","2081-2100",16,26,"seus",2090.5,119,103,0.865546218487395
"1248","2081-2100",16,85,"seus",2090.5,124,107,0.862903225806452
"1249","2081-2100",1,26,"ebs",2090.5,142,98,0.690140845070423
"1250","2081-2100",1,85,"ebs",2090.5,107,78,0.728971962616822
"1251","2081-2100",2,26,"ebs",2090.5,135,93,0.688888888888889
"1252","2081-2100",2,85,"ebs",2090.5,113,86,0.761061946902655
"1253","2081-2100",3,26,"ebs",2090.5,97,60,0.618556701030928
"1254","2081-2100",4,26,"ebs",2090.5,135,91,0.674074074074074
"1255","2081-2100",6,26,"ebs",2090.5,129,86,0.666666666666667
"1256","2081-2100",7,26,"ebs",2090.5,109,84,0.770642201834862
"1257","2081-2100",8,26,"ebs",2090.5,143,102,0.713286713286713
"1258","2081-2100",8,85,"ebs",2090.5,133,83,0.62406015037594
"1259","2081-2100",9,26,"ebs",2090.5,142,102,0.71830985915493
"1260","2081-2100",9,85,"ebs",2090.5,116,84,0.724137931034483
"1261","2081-2100",11,26,"ebs",2090.5,126,83,0.658730158730159
"1262","2081-2100",13,26,"ebs",2090.5,133,94,0.706766917293233
"1263","2081-2100",14,26,"ebs",2090.5,110,79,0.718181818181818
"1264","2081-2100",15,26,"ebs",2090.5,140,96,0.685714285714286
"1265","2081-2100",16,26,"ebs",2090.5,144,95,0.659722222222222
"1266","2081-2100",16,85,"ebs",2090.5,101,74,0.732673267326733
"1267","2081-2100",3,85,"ebs",2090.5,63,46,0.73015873015873
"1268","2081-2100",4,85,"ebs",2090.5,78,54,0.692307692307692
"1269","2081-2100",5,26,"ebs",2090.5,105,69,0.657142857142857
"1270","2081-2100",5,85,"ebs",2090.5,79,56,0.708860759493671
"1271","2081-2100",6,85,"ebs",2090.5,80,48,0.6
"1272","2081-2100",7,85,"ebs",2090.5,68,44,0.647058823529412
"1273","2081-2100",10,26,"ebs",2090.5,98,59,0.602040816326531
"1274","2081-2100",10,85,"ebs",2090.5,84,44,0.523809523809524
"1275","2081-2100",11,85,"ebs",2090.5,81,55,0.679012345679012
"1276","2081-2100",12,26,"ebs",2090.5,94,65,0.691489361702128
"1277","2081-2100",12,85,"ebs",2090.5,72,49,0.680555555555556
"1278","2081-2100",13,85,"ebs",2090.5,78,54,0.692307692307692
"1279","2081-2100",14,85,"ebs",2090.5,64,33,0.515625
"1280","2081-2100",15,85,"ebs",2090.5,91,74,0.813186813186813
"1281","2081-2100",1,26,"goa",2090.5,131,113,0.862595419847328
"1282","2081-2100",3,85,"goa",2090.5,107,80,0.747663551401869
"1283","2081-2100",4,26,"goa",2090.5,125,109,0.872
"1284","2081-2100",5,26,"goa",2090.5,126,103,0.817460317460317
"1285","2081-2100",5,85,"goa",2090.5,118,94,0.796610169491525
"1286","2081-2100",6,26,"goa",2090.5,126,109,0.865079365079365
"1287","2081-2100",6,85,"goa",2090.5,118,93,0.788135593220339
"1288","2081-2100",7,26,"goa",2090.5,124,93,0.75
"1289","2081-2100",7,85,"goa",2090.5,112,95,0.848214285714286
"1290","2081-2100",8,26,"goa",2090.5,132,115,0.871212121212121
"1291","2081-2100",8,85,"goa",2090.5,125,98,0.784
"1292","2081-2100",9,26,"goa",2090.5,133,114,0.857142857142857
"1293","2081-2100",10,26,"goa",2090.5,122,103,0.844262295081967
"1294","2081-2100",10,85,"goa",2090.5,118,101,0.855932203389831
"1295","2081-2100",11,26,"goa",2090.5,86,58,0.674418604651163
"1296","2081-2100",12,26,"goa",2090.5,123,106,0.861788617886179
"1297","2081-2100",12,85,"goa",2090.5,108,89,0.824074074074074
"1298","2081-2100",13,26,"goa",2090.5,126,100,0.793650793650794
"1299","2081-2100",13,85,"goa",2090.5,117,98,0.837606837606838
"1300","2081-2100",14,26,"goa",2090.5,121,86,0.710743801652893
"1301","2081-2100",15,26,"goa",2090.5,130,109,0.838461538461538
"1302","2081-2100",15,85,"goa",2090.5,124,108,0.870967741935484
"1303","2081-2100",16,26,"goa",2090.5,118,107,0.906779661016949
"1304","2081-2100",1,26,"bc",2090.5,133,125,0.93984962406015
"1305","2081-2100",1,26,"wc",2090.5,127,124,0.976377952755906
"1306","2081-2100",1,85,"bc",2090.5,119,111,0.932773109243697
"1307","2081-2100",1,85,"goa",2090.5,119,87,0.73109243697479
"1308","2081-2100",1,85,"wc",2090.5,105,101,0.961904761904762
"1309","2081-2100",2,26,"bc",2090.5,134,127,0.947761194029851
"1310","2081-2100",2,26,"goa",2090.5,127,109,0.858267716535433
"1311","2081-2100",2,26,"wc",2090.5,117,114,0.974358974358974
"1312","2081-2100",2,85,"bc",2090.5,114,105,0.921052631578947
"1313","2081-2100",2,85,"goa",2090.5,123,99,0.804878048780488
"1314","2081-2100",2,85,"wc",2090.5,92,86,0.934782608695652
"1315","2081-2100",3,26,"bc",2090.5,127,107,0.84251968503937
"1316","2081-2100",3,26,"goa",2090.5,118,99,0.838983050847458
"1317","2081-2100",3,26,"wc",2090.5,118,112,0.949152542372881
"1318","2081-2100",4,26,"bc",2090.5,123,117,0.951219512195122
"1319","2081-2100",4,26,"wc",2090.5,123,117,0.951219512195122
"1320","2081-2100",4,85,"bc",2090.5,121,113,0.933884297520661
"1321","2081-2100",4,85,"goa",2090.5,118,86,0.728813559322034
"1322","2081-2100",4,85,"wc",2090.5,118,107,0.906779661016949
"1323","2081-2100",5,26,"bc",2090.5,129,122,0.945736434108527
"1324","2081-2100",5,26,"wc",2090.5,123,117,0.951219512195122
"1325","2081-2100",5,85,"bc",2090.5,121,113,0.933884297520661
"1326","2081-2100",5,85,"wc",2090.5,111,104,0.936936936936937
"1327","2081-2100",6,26,"bc",2090.5,132,122,0.924242424242424
"1328","2081-2100",6,26,"wc",2090.5,121,115,0.950413223140496
"1329","2081-2100",6,85,"bc",2090.5,114,97,0.850877192982456
"1330","2081-2100",6,85,"wc",2090.5,109,104,0.954128440366973
"1331","2081-2100",7,26,"bc",2090.5,125,111,0.888
"1332","2081-2100",7,26,"wc",2090.5,112,111,0.991071428571429
"1333","2081-2100",7,85,"bc",2090.5,95,84,0.884210526315789
"1334","2081-2100",7,85,"wc",2090.5,97,93,0.958762886597938
"1335","2081-2100",8,26,"bc",2090.5,130,121,0.930769230769231
"1336","2081-2100",8,26,"wc",2090.5,121,121,1
"1337","2081-2100",8,85,"bc",2090.5,127,120,0.94488188976378
"1338","2081-2100",8,85,"wc",2090.5,101,95,0.940594059405941
"1339","2081-2100",9,26,"bc",2090.5,133,123,0.924812030075188
"1340","2081-2100",9,26,"wc",2090.5,122,120,0.983606557377049
"1341","2081-2100",9,85,"bc",2090.5,108,96,0.888888888888889
"1342","2081-2100",9,85,"goa",2090.5,120,94,0.783333333333333
"1343","2081-2100",9,85,"wc",2090.5,102,95,0.931372549019608
"1344","2081-2100",10,26,"bc",2090.5,130,113,0.869230769230769
"1345","2081-2100",10,26,"wc",2090.5,119,111,0.932773109243697
"1346","2081-2100",10,85,"bc",2090.5,120,109,0.908333333333333
"1347","2081-2100",10,85,"wc",2090.5,100,94,0.94
"1348","2081-2100",11,26,"bc",2090.5,110,89,0.809090909090909
"1349","2081-2100",11,26,"wc",2090.5,115,111,0.965217391304348
"1350","2081-2100",11,85,"bc",2090.5,110,87,0.790909090909091
"1351","2081-2100",11,85,"goa",2090.5,95,56,0.589473684210526
"1352","2081-2100",11,85,"wc",2090.5,99,87,0.878787878787879
"1353","2081-2100",12,26,"bc",2090.5,127,111,0.874015748031496
"1354","2081-2100",12,26,"wc",2090.5,109,98,0.899082568807339
"1355","2081-2100",13,26,"bc",2090.5,130,123,0.946153846153846
"1356","2081-2100",13,26,"wc",2090.5,118,112,0.949152542372881
"1357","2081-2100",13,85,"bc",2090.5,100,87,0.87
"1358","2081-2100",14,26,"bc",2090.5,111,98,0.882882882882883
"1359","2081-2100",14,26,"wc",2090.5,106,97,0.915094339622642
"1360","2081-2100",14,85,"goa",2090.5,114,84,0.736842105263158
"1361","2081-2100",15,26,"bc",2090.5,131,120,0.916030534351145
"1362","2081-2100",15,26,"wc",2090.5,121,115,0.950413223140496
"1363","2081-2100",15,85,"bc",2090.5,124,115,0.92741935483871
"1364","2081-2100",15,85,"wc",2090.5,97,92,0.948453608247423
"1365","2081-2100",16,26,"bc",2090.5,117,107,0.914529914529915
"1366","2081-2100",16,26,"wc",2090.5,117,109,0.931623931623932
"1367","2081-2100",16,85,"bc",2090.5,130,119,0.915384615384615
"1368","2081-2100",16,85,"goa",2090.5,121,100,0.826446280991736
"1369","2081-2100",16,85,"wc",2090.5,115,108,0.939130434782609
"1370","2081-2100",1,26,"maritime",2090.5,74,54,0.72972972972973
"1371","2081-2100",1,26,"neus",2090.5,70,58,0.828571428571429
"1372","2081-2100",1,85,"maritime",2090.5,63,43,0.682539682539683
"1373","2081-2100",1,85,"neus",2090.5,56,47,0.839285714285714
"1374","2081-2100",2,26,"maritime",2090.5,77,57,0.74025974025974
"1375","2081-2100",2,26,"neus",2090.5,70,56,0.8
"1376","2081-2100",2,85,"maritime",2090.5,62,41,0.661290322580645
"1377","2081-2100",2,85,"neus",2090.5,50,38,0.76
"1378","2081-2100",3,26,"maritime",2090.5,62,30,0.483870967741935
"1379","2081-2100",3,26,"neus",2090.5,60,51,0.85
"1380","2081-2100",3,85,"maritime",2090.5,51,33,0.647058823529412
"1381","2081-2100",4,26,"maritime",2090.5,72,51,0.708333333333333
"1382","2081-2100",4,26,"neus",2090.5,72,55,0.763888888888889
"1383","2081-2100",4,85,"maritime",2090.5,65,34,0.523076923076923
"1384","2081-2100",4,85,"neus",2090.5,60,44,0.733333333333333
"1385","2081-2100",5,26,"maritime",2090.5,73,40,0.547945205479452
"1386","2081-2100",5,26,"neus",2090.5,71,64,0.901408450704225
"1387","2081-2100",5,85,"maritime",2090.5,65,23,0.353846153846154
"1388","2081-2100",5,85,"neus",2090.5,52,35,0.673076923076923
"1389","2081-2100",6,26,"maritime",2090.5,75,40,0.533333333333333
"1390","2081-2100",6,26,"neus",2090.5,70,42,0.6
"1391","2081-2100",6,85,"maritime",2090.5,59,36,0.610169491525424
"1392","2081-2100",7,26,"maritime",2090.5,71,43,0.605633802816901
"1393","2081-2100",7,26,"neus",2090.5,72,56,0.777777777777778
"1394","2081-2100",7,85,"maritime",2090.5,60,45,0.75
"1395","2081-2100",8,26,"maritime",2090.5,76,50,0.657894736842105
"1396","2081-2100",8,26,"neus",2090.5,70,59,0.842857142857143
"1397","2081-2100",8,85,"maritime",2090.5,67,47,0.701492537313433
"1398","2081-2100",8,85,"neus",2090.5,70,52,0.742857142857143
"1399","2081-2100",9,26,"maritime",2090.5,74,55,0.743243243243243
"1400","2081-2100",9,26,"neus",2090.5,73,53,0.726027397260274
"1401","2081-2100",9,85,"maritime",2090.5,61,34,0.557377049180328
"1402","2081-2100",9,85,"neus",2090.5,53,41,0.773584905660377
"1403","2081-2100",10,26,"maritime",2090.5,79,56,0.708860759493671
"1404","2081-2100",10,26,"neus",2090.5,69,48,0.695652173913043
"1405","2081-2100",10,85,"maritime",2090.5,78,50,0.641025641025641
"1406","2081-2100",10,85,"neus",2090.5,70,42,0.6
"1407","2081-2100",11,26,"maritime",2090.5,69,42,0.608695652173913
"1408","2081-2100",11,26,"neus",2090.5,64,50,0.78125
"1409","2081-2100",11,85,"maritime",2090.5,70,37,0.528571428571429
"1410","2081-2100",11,85,"neus",2090.5,62,45,0.725806451612903
"1411","2081-2100",12,26,"maritime",2090.5,63,48,0.761904761904762
"1412","2081-2100",12,26,"neus",2090.5,60,39,0.65
"1413","2081-2100",12,85,"maritime",2090.5,44,19,0.431818181818182
"1414","2081-2100",13,26,"maritime",2090.5,65,46,0.707692307692308
"1415","2081-2100",13,26,"neus",2090.5,59,36,0.610169491525424
"1416","2081-2100",13,85,"maritime",2090.5,49,32,0.653061224489796
"1417","2081-2100",14,26,"maritime",2090.5,64,42,0.65625
"1418","2081-2100",14,26,"neus",2090.5,59,44,0.745762711864407
"1419","2081-2100",14,85,"maritime",2090.5,42,21,0.5
"1420","2081-2100",15,26,"maritime",2090.5,72,56,0.777777777777778
"1421","2081-2100",15,26,"neus",2090.5,71,54,0.76056338028169
"1422","2081-2100",15,85,"maritime",2090.5,54,27,0.5
"1423","2081-2100",16,26,"maritime",2090.5,72,48,0.666666666666667
"1424","2081-2100",16,26,"neus",2090.5,71,54,0.76056338028169
"1425","2081-2100",16,85,"maritime",2090.5,61,39,0.639344262295082
"1426","2081-2100",16,85,"neus",2090.5,54,41,0.759259259259259
"1427","2081-2100",3,85,"bc",2090.5,95,84,0.884210526315789
"1428","2081-2100",12,85,"bc",2090.5,87,75,0.862068965517241
"1429","2081-2100",14,85,"bc",2090.5,75,65,0.866666666666667
"1430","2081-2100",3,85,"wc",2090.5,90,85,0.944444444444444
"1431","2081-2100",12,85,"wc",2090.5,85,78,0.917647058823529
"1432","2081-2100",13,85,"wc",2090.5,90,82,0.911111111111111
"1433","2081-2100",14,85,"wc",2090.5,82,72,0.878048780487805
"1434","2081-2100",3,85,"neus",2090.5,37,23,0.621621621621622
"1435","2081-2100",6,85,"neus",2090.5,51,19,0.372549019607843
"1436","2081-2100",7,85,"neus",2090.5,50,34,0.68
"1437","2081-2100",12,85,"neus",2090.5,36,18,0.5
"1438","2081-2100",13,85,"neus",2090.5,38,21,0.552631578947368
"1439","2081-2100",14,85,"neus",2090.5,35,19,0.542857142857143
"1440","2081-2100",15,85,"neus",2090.5,41,28,0.682926829268293
