"","lat","lon","wind_npv"
"1",53.125,170.875,8124.201171875
"2",53.125,171.125,8144.126953125
"3",52.875,172.125,10024.3658854167
"4",52.875,172.375,9975.23203125
"5",52.875,172.625,9799.10234375
"6",53.125,172.625,9666.5078125
"7",52.625,172.875,9746.64214409722
"9",53.125,172.875,9514.169921875
"11",52.875,173.125,9775.83046875
"12",52.375,173.375,10419.6079101562
"13",52.625,173.375,10091.5142299107
"15",52.125,173.625,10523.8959960938
"16",52.375,173.625,10481.4046474359
"17",52.875,173.625,10184.3786272321
"18",52.125,173.875,10546.6751302083
"19",52.375,173.875,10516.169653799
"20",52.625,173.875,10485.4091796875
"21",52.875,173.875,10520.701171875
"22",52.625,174.125,10574.4436677632
"23",52.875,174.125,10552.880859375
"24",51.875,175.875,9222.91827713816
"25",52.375,175.875,11032.275390625
"26",51.875,176.125,10939.9213867188
"27",52.375,176.125,11025.98046875
"28",52.125,176.625,10873.0107421875
"29",51.875,177.375,10912.8850911458
"30",51.875,177.625,10911.4860026042
"31",52.125,177.625,10943.2392578125
"32",51.875,177.875,10909.4337332589
"33",51.625,178.125,10865.2581380208
"34",51.875,178.125,10885.4497070312
"35",52.125,178.125,10942.4397786458
"36",51.625,178.375,10841.3229980469
"37",51.875,178.375,10892.777578125
"38",52.125,178.375,10930.9596354167
"39",51.625,178.625,10769.4713076637
"40",51.875,178.625,10899.7112165179
"41",51.375,178.875,10721.4765625
"42",51.625,178.875,10745.1819852941
"43",51.375,179.125,10755.3920200893
"45",51.375,179.375,10785.99609375
"47",52.125,179.375,11165.7095703125
"49",52.125,179.625,11171.2786458333
"50",52.375,179.625,11240.978515625
"51",51.125,180.875,11025.5478515625
"53",51.375,181.125,10967.767578125
"54",51.625,181.125,10907.2085336538
"56",51.625,181.375,10870.5837673611
"57",51.375,181.625,10754.431640625
"58",51.625,181.625,10863.103515625
"59",51.625,181.875,10530.3592722039
"60",51.875,181.875,10548.8525390625
"61",51.625,182.125,10058.3321161685
"62",51.875,182.125,10141.6494140625
"63",51.625,182.375,9550.7333984375
"64",51.875,182.375,9453.87095424107
"65",51.625,182.625,8692.60493607955
"66",51.875,182.625,8494.18315972222
"67",51.625,182.875,7619.23120117188
"68",51.875,182.875,7064.22119140625
"69",51.625,183.125,7309.27083333333
"70",51.875,183.125,6807.97688802083
"71",51.625,183.375,7210.99609375
"72",51.875,183.375,6823.333984375
"73",51.625,183.625,7802.8419921875
"74",51.875,183.625,6763.603515625
"75",51.625,183.875,8239.47026909722
"79",52.125,184.125,9348.29351963141
"80",51.875,184.375,9930.373046875
"81",52.125,184.375,9955.28232421875
"82",51.875,184.625,10476.8274739583
"83",52.125,184.625,10469.3419921875
"84",51.875,184.875,10809.5713378906
"85",52.125,184.875,11060.7543174342
"86",51.875,185.125,10999.0744108607
"87",52.125,185.125,11102.4373046875
"88",51.875,185.375,11028.0242442255
"90",51.875,185.625,11048.143125
"92",52.375,185.625,11354.8978794643
"93",59.375,185.625,7187.17626953125
"94",59.625,185.625,7079.7021484375
"95",52.125,185.875,11365.2210286458
"99",59.875,185.875,6973.92317708333
"100",60.125,185.875,6670.55601917614
"101",52.125,186.125,11481.6427951389
"102",52.375,186.125,11578.078125
"103",59.625,186.125,7058.97916666667
"104",59.875,186.125,6990.62660845588
"105",60.125,186.125,6955.88984375
"107",58.875,186.375,7210.79092478198
"108",59.125,186.375,7177.345703125
"109",59.375,186.375,7114.48792613636
"110",59.625,186.375,7070.046875
"111",59.875,186.375,6993.76577758789
"112",51.875,186.625,11964.3897372159
"113",52.125,186.625,12041.5958693484
"114",57.125,186.625,8720.65457589286
"117",59.375,186.625,7070.16251627604
"118",59.625,186.625,7038.80045572917
"119",59.875,186.625,6996.1828125
"120",60.375,186.625,6913.23027663934
"121",60.625,186.625,6273.87174479167
"122",51.875,186.875,12062.6985426683
"123",52.125,186.875,12124.653671875
"124",57.125,186.875,8716.171875
"125",59.125,186.875,7077.59342447917
"126",59.375,186.875,7055.96154203869
"127",59.625,186.875,7013.29330679087
"128",60.125,186.875,7466.55064174107
"131",51.875,187.125,12100.20546875
"132",52.125,187.125,12158.5489651864
"134",57.625,187.125,8078.93505859375
"136",59.375,187.125,7031.9123149671
"137",60.125,187.125,7995.54144597458
"139",60.625,187.125,6176.75569661458
"140",52.125,187.375,12232.55859375
"141",52.375,187.375,12304.955078125
"142",56.625,187.375,8935.93096127717
"143",56.875,187.375,8765.21011389307
"144",58.875,187.375,7062.58203125
"146",59.375,187.375,7002.50462239583
"147",59.625,187.375,6885.98046875
"148",59.875,187.375,8873.72428385417
"149",60.125,187.375,8171.91493803879
"151",60.625,187.375,6253.309765625
"152",52.125,187.625,12241.3747558594
"153",52.375,187.625,12286.28046875
"159",58.875,187.625,7037.98549564549
"160",59.125,187.625,6984.46175130208
"162",59.875,187.625,8689.57948369565
"163",60.125,187.625,8187.09136284722
"166",52.375,187.875,12290.3203125
"167",56.625,187.875,8685.69213867188
"168",56.875,187.875,8492.20316527062
"169",57.125,187.875,8379.255859375
"170",57.375,187.875,7874.22884114583
"171",57.625,187.875,7851.82829733456
"176",59.875,187.875,8210.87202785326
"177",60.125,187.875,8203.85227098652
"178",60.375,187.875,6236.0980623453
"179",60.625,187.875,6180.73868189103
"180",56.875,188.125,8443.82384672619
"181",57.125,188.125,7949.93872070312
"185",58.625,188.125,7020.43674879808
"186",58.875,188.125,6950.465625
"187",59.125,188.125,6889.86432291667
"188",59.375,188.125,6839.0126953125
"189",59.625,188.125,6792.35900878906
"190",59.875,188.125,7566.74847005208
"191",60.125,188.125,7855.26875
"193",60.625,188.125,6134.96097905585
"196",57.625,188.375,7667.33046875
"197",57.875,188.375,7424.10308159722
"205",52.375,188.625,12419.951171875
"206",52.875,188.625,12341.1741286058
"208",56.625,188.625,8182.66015625
"209",56.875,188.625,8142.4541015625
"210",57.125,188.625,8051.99293870192
"211",57.375,188.625,8021.3375
"212",57.625,188.625,7455.75065104167
"219",59.875,188.625,6575.7431640625
"220",60.125,188.625,6401.93994140625
"221",60.375,188.625,4987.22788915094
"222",60.625,188.625,4275.03635553728
"223",52.375,188.875,12445.5113932292
"231",58.125,188.875,7266.23649088542
"232",58.375,188.875,7042.48595861487
"233",58.625,188.875,6990.67122395833
"234",58.875,188.875,6800.5390625
"240",57.125,189.125,9522.77265625
"241",57.375,189.125,9698.17720170455
"242",57.625,189.125,8928.64034598214
"243",57.875,189.125,7367.27425130208
"244",58.125,189.125,7115.76635742188
"251",52.625,189.375,12586.3342013889
"252",56.375,189.375,8826.35356702303
"253",57.125,189.375,9546.99576130319
"254",57.375,189.375,9756.92442602041
"255",57.875,189.375,7339.86221590909
"258",59.375,189.375,6521.88151041667
"259",59.625,189.375,6499.84104742006
"260",59.875,189.375,6435.9645948223
"261",60.125,189.375,6156.08819110577
"262",60.375,189.375,3044.18390213816
"266",56.875,189.625,9422.75510817308
"267",57.125,189.625,9470.2184516059
"268",57.375,189.625,9660.82788825758
"269",58.125,189.625,7124.01456839139
"270",58.375,189.625,7050.142578125
"271",58.875,189.625,6609.34905133929
"278",52.625,189.875,12677.572265625
"279",52.875,189.875,12682.8055752841
"280",56.875,189.875,9334.65625
"281",57.125,189.875,9439.52919921875
"282",57.375,189.875,9630.87130089962
"283",57.625,189.875,7300.8953125
"284",57.875,189.875,7286.08372395833
"291",60.125,189.875,5529.94669921875
"292",60.375,189.875,2773.10026041667
"294",52.625,190.125,12664.36328125
"295",52.875,190.125,12647.6779513889
"298",56.875,190.125,9427.07042738971
"299",57.125,190.125,9466.89415640783
"300",57.375,190.125,9492.271875
"301",57.625,190.125,9102.1997153072
"302",57.875,190.125,7257.78247070312
"304",59.125,190.125,6457.60068982713
"305",59.375,190.125,6407.69454200115
"306",59.625,190.125,6331.5368359375
"307",59.875,190.125,6251.11575520833
"308",60.125,190.125,5419.41818359375
"309",60.375,190.125,2594.8056547619
"311",52.625,190.375,12522.7927389706
"312",52.875,190.375,12353.2169744318
"313",53.125,190.375,12303.8977864583
"314",56.375,190.375,10174.7674278846
"315",56.625,190.375,9802.36116536458
"316",56.875,190.375,9210.05231584821
"317",57.125,190.375,9463.70521599265
"318",57.375,190.375,9443.59358016304
"319",57.625,190.375,8700.09697265625
"320",58.125,190.375,7004.28515625
"328",52.625,190.625,12108.009765625
"329",56.625,190.625,9924.60221354167
"330",56.875,190.625,9198.435546875
"331",57.125,190.625,9445.1953125
"334",59.375,190.625,6368.70025390625
"335",59.625,190.625,6293.61454074182
"336",59.875,190.625,6215.28681024775
"337",60.125,190.625,5325.58509056969
"338",60.375,190.625,2306.93048828125
"340",52.625,190.875,11976.7010323661
"341",52.875,190.875,11548.527271412
"343",56.875,190.875,9230.529296875
"344",57.125,190.875,7941.46732954545
"345",58.875,190.875,6442.8642578125
"346",59.125,190.875,6414.63914646612
"347",59.375,190.875,6349.7109205163
"348",59.625,190.875,6277.40105430825
"354",52.875,191.125,10899.2215073529
"355",56.875,191.125,7489.20241477273
"356",57.125,191.125,7246.36376953125
"366",52.875,191.375,10157.686981824
"367",53.375,191.375,9900.73453776042
"369",56.875,191.375,7344.92065429688
"370",57.125,191.375,7291.966796875
"371",57.625,191.375,6944.0439453125
"372",57.875,191.375,6924.93059895833
"373",58.625,191.375,6461.3203601372
"374",58.875,191.375,6424.56123934659
"375",59.125,191.375,6365.75837787829
"376",59.375,191.375,6306.18703497024
"377",59.625,191.375,6240.3316796875
"378",59.875,191.375,6166.04240234375
"379",60.125,191.375,5108.69047619048
"380",60.375,191.375,1943.94109375
"383",52.875,191.625,9926.58377511161
"384",53.125,191.625,9888.12381628788
"385",53.375,191.625,9879.91096047794
"386",56.875,191.625,7364.80133928571
"387",57.125,191.625,7180.359375
"388",57.625,191.625,6914.53743489583
"389",57.875,191.625,6912.578125
"390",58.375,191.625,6528.49609375
"391",58.625,191.625,6438.7721875
"401",53.125,191.875,10160.6389973958
"402",53.375,191.875,9791.017578125
"412",59.875,191.875,7422.00880714699
"413",60.125,191.875,6931.29937065972
"414",60.375,191.875,3685.97631110767
"417",53.125,192.125,9417.76484375
"420",58.125,192.125,6562.77569901316
"421",58.375,192.125,6474.23673930921
"422",58.625,192.125,6391.45479910714
"423",58.875,192.125,6336.84219508495
"424",59.125,192.125,6283.74234444754
"425",59.375,192.125,6230.44101931014
"426",59.625,192.125,6552.28109375
"427",59.875,192.125,8114.98249627976
"428",60.125,192.125,6804.88359757966
"429",60.375,192.125,3618.67235880161
"432",53.125,192.375,9672.35230334052
"433",53.375,192.375,8453.162109375
"434",57.125,192.375,6966.58336759868
"448",53.125,192.625,9654.7236328125
"449",53.375,192.625,8251.42794363839
"450",53.625,192.625,7279.51162997159
"457",59.125,192.625,6225.5535120081
"458",59.375,192.625,6171.49177734375
"459",59.625,192.625,7823.30125144676
"462",60.375,192.625,3353.77922386098
"465",53.375,192.875,7955.71832126524
"466",53.625,192.875,6374.6908203125
"467",53.875,192.875,6398.45172991071
"468",58.125,192.875,6380.18038767689
"469",58.375,192.875,6345.60591352104
"470",58.625,192.875,6295.7439453125
"471",58.875,192.875,6245.26898134102
"472",59.125,192.875,6193.7829541973
"473",59.375,192.875,6436.23267273509
"474",59.625,192.875,8094.74649195995
"477",60.375,192.875,3147.08259765625
"480",53.125,193.125,8000.3046875
"481",53.375,193.125,6315.63046875
"482",53.625,193.125,5496.099609375
"495",53.375,193.375,4996.19441511824
"496",53.625,193.375,3719.23177083333
"497",53.875,193.375,4590.30681818182
"498",54.125,193.375,4877.302734375
"499",58.125,193.375,6311.99994791667
"500",58.375,193.375,6273.65365215413
"501",58.625,193.375,6226.52540870949
"502",58.875,193.375,6179.41564002404
"503",59.125,193.375,6129.465625
"504",59.375,193.375,7365.71196240718
"505",59.625,193.375,8045.86843377976
"510",53.375,193.625,5490.21435546875
"511",53.625,193.625,4594.79715401786
"512",53.875,193.625,5155.34946986607
"524",53.625,193.875,6590.58236369681
"525",53.875,193.875,6420.38420758929
"532",59.625,193.875,7989.98985180412
"537",53.875,194.125,7256.55322265625
"538",54.125,194.125,8509.13509114583
"539",58.125,194.125,6184.86875
"540",58.375,194.125,6144.88351934524
"541",58.625,194.125,6100.16889790655
"542",58.875,194.125,6054.51595356308
"543",59.125,194.125,6006.62214265046
"544",59.375,194.125,7553.59665124393
"545",59.625,194.125,7929.73234675481
"550",53.875,194.375,9151.330078125
"551",54.125,194.375,9322.4650297619
"552",54.375,194.375,9868.607421875
"565",53.875,194.625,9829.115234375
"566",54.125,194.625,9750.68040364583
"567",54.375,194.625,9722.8623046875
"568",58.125,194.625,6085.40654592803
"569",58.375,194.625,6046.91201636905
"570",58.625,194.625,6000.15303861178
"571",58.875,194.625,5952.39066150701
"572",59.125,194.625,5900.34466267523
"573",59.375,194.625,6349.54417348131
"580",53.875,194.875,10465.390625
"581",54.125,194.875,10187.0522460938
"582",57.875,194.875,6104.88155691964
"583",58.125,194.875,6056.78967696629
"584",58.375,194.875,6004.46696115654
"585",58.625,194.875,5953.74353825935
"588",59.375,194.875,5851.29073118932
"593",53.875,195.125,11214.6743164062
"594",54.125,195.125,9437.20594262295
"595",54.375,195.125,7367.13065732759
"610",53.625,195.375,11436.494921875
"611",53.875,195.375,11267.2347005208
"612",54.125,195.375,9250.8017578125
"613",54.375,195.375,5687.10501802885
"615",54.875,195.375,2461.09928385417
"616",55.125,195.375,1423.740234375
"617",57.625,195.375,6150.51580028045
"618",57.875,195.375,6092.61853825935
"619",58.125,195.375,6020.8237212559
"620",58.375,195.375,5943.18364902712
"621",58.625,195.375,5886.44637276786
"622",58.875,195.375,5838.73979629089
"623",59.125,195.375,5788.72346698113
"624",59.375,195.375,7046.49694940476
"629",53.875,195.625,11379.7809709821
"630",54.375,195.625,2838.62902113971
"631",54.625,195.625,1066.556640625
"646",53.875,195.875,9277.64518229167
"647",54.375,195.875,889.3447265625
"648",54.625,195.875,365.802873883929
"651",57.125,195.875,6327.2615234375
"652",57.375,195.875,6181.82410871479
"653",57.625,195.875,6115.36490885417
"654",57.875,195.875,6046.51954967571
"655",58.125,195.875,5979.62050963785
"656",58.375,195.875,5904.0385834316
"657",58.625,195.875,5820.18845813679
"658",58.875,195.875,5764.09284714033
"659",59.125,195.875,6017.61862952687
"660",59.375,195.875,7682.73094280947
"664",53.875,196.125,9094.4716796875
"665",54.625,196.125,-476.7978515625
"667",55.375,196.125,5138.037109375
"668",57.125,196.125,6241.58303571429
"669",57.375,196.125,6167.89503088663
"670",57.625,196.125,6091.51243735259
"671",57.875,196.125,6022.54322193287
"672",58.125,196.125,5958.57429245283
"673",58.375,196.125,5885.44958726415
"674",58.625,196.125,5799.61492113797
"675",58.875,196.125,5723.81592261905
"676",59.125,196.125,6111.57423717571
"677",59.375,196.125,7645.89591851635
"680",54.625,196.375,242.220703125
"695",54.375,196.625,3939.3
"696",54.625,196.625,1633.58288043478
"697",54.875,196.625,766.16943359375
"699",55.375,196.625,5917.06577280405
"700",56.875,196.625,6415.025390625
"701",57.125,196.625,6253.12377025463
"702",57.375,196.625,6098.18969726562
"703",57.625,196.625,6038.83830275229
"704",57.875,196.625,5969.6808739778
"705",58.125,196.625,5911.53143425708
"706",58.375,196.625,5845.35329451651
"707",58.625,196.625,5763.53712780071
"708",58.875,196.625,5662.00416179907
"709",59.125,196.625,5618.48658608491
"713",54.125,196.875,7418.65950520833
"714",54.375,196.875,5862.47086256378
"715",54.625,196.875,3786.9798828125
"716",54.875,196.875,1656.76859375
"717",55.125,196.875,2891.13463541667
"724",57.875,196.875,5942.39232257593
"733",54.125,197.125,10447.751953125
"734",54.375,197.125,6928.88664772727
"735",54.625,197.125,4532.76700599747
"736",54.875,197.125,2387.31681743421
"739",55.625,197.125,6114.85333806818
"740",56.875,197.125,6546.06882642663
"741",57.125,197.125,6143.89771943934
"742",57.375,197.125,6047.84039135514
"743",57.625,197.125,5980.44516509434
"744",57.875,197.125,5912.15152994792
"745",58.125,197.125,5858.12918005257
"747",58.625,197.125,7729.79353460865
"753",54.125,197.375,9382.75390625
"754",54.375,197.375,8203.07239163306
"755",54.625,197.375,4650.20720653045
"756",54.875,197.375,2117.9814897017
"757",55.125,197.375,1974.1763599537
"764",57.625,197.375,5945.9310672305
"765",57.875,197.375,5879.05715172313
"766",58.125,197.375,5977.21858416863
"767",58.375,197.375,7760.70623553241
"768",58.625,197.375,7723.66781850962
"774",54.375,197.625,8563.0158305921
"776",54.875,197.625,2504.59141390931
"777",55.125,197.625,587.145089285714
"779",55.875,197.625,5375.53571428571
"787",58.625,197.625,7714.76830826519
"793",54.125,197.875,9264.58463541667
"794",54.375,197.875,8928.84677734375
"795",54.625,197.875,5962.58412905093
"796",54.875,197.875,2891.69147727273
"797",55.125,197.875,871.276884191176
"799",55.875,197.875,4997.13071469907
"800",56.875,197.875,6401.86143867925
"801",57.125,197.875,6055.90046432783
"802",57.375,197.875,5939.50373558859
"803",57.625,197.875,5876.12933004127
"804",57.875,197.875,5810.72402526285
"805",58.125,197.875,6764.20146949405
"806",58.375,197.875,7726.68804760514
"813",54.125,198.125,9975.298828125
"814",54.375,198.125,9270.814453125
"815",54.625,198.125,5840.86192491319
"816",54.875,198.125,3007.91526227679
"817",55.125,198.125,1349.88175223214
"818",55.375,198.125,1514.88046875
"827",58.375,198.125,7695.74691220238
"834",54.375,198.375,8921.949609375
"835",54.625,198.375,6143.4894921875
"836",54.875,198.375,4161.25578278186
"837",55.125,198.375,2874.80826208726
"838",55.375,198.375,2306.19819335938
"839",55.625,198.375,2410.15141858553
"842",56.875,198.375,6425.48953125
"843",57.125,198.375,5934.36273871528
"844",57.375,198.375,5854.79924172794
"845",57.625,198.375,5793.89927716121
"846",57.875,198.375,5729.58004127359
"847",58.125,198.375,7037.20493209696
"852",54.375,198.625,9229.650390625
"853",54.625,198.625,6861.63547585227
"854",54.875,198.625,4778.08948396382
"855",55.125,198.625,4088.54852764423
"856",55.375,198.625,3776.71396998355
"857",55.625,198.625,2913.29311899038
"860",56.375,198.625,5089.40280877976
"865",57.625,198.625,5748.46916983061
"866",57.875,198.625,5684.1570276331
"867",58.125,198.625,6880.09841889881
"868",58.375,198.625,7595.22551223467
"870",54.375,198.875,7569.14453125
"871",54.625,198.875,8502.56789434524
"872",55.125,198.875,5062.28302951389
"873",55.375,198.875,4378.55280949519
"875",56.375,198.875,3413.4166533801
"885",54.375,199.125,7807.466796875
"886",54.625,199.125,8397.90603298611
"887",55.125,199.125,4665.61573304521
"888",55.375,199.125,2798.93550857843
"892",56.375,199.125,2453.73455255682
"893",56.625,199.125,5204.5673828125
"894",56.875,199.125,4061.0390625
"895",57.125,199.125,5890.5498046875
"896",57.375,199.125,5739.98642578125
"897",57.625,199.125,5660.98252938647
"898",57.875,199.125,5597.55863025701
"899",58.125,199.125,6908.18869047619
"900",58.375,199.125,7513.75891804245
"903",54.625,199.375,9769.54711914062
"904",54.875,199.375,7793.701171875
"905",55.125,199.375,4535.17278645833
"906",55.375,199.375,1326.02065805288
"907",55.625,199.375,525.515625
"917",58.125,199.375,6615.09615523727
"918",58.375,199.375,7451.94410776869
"921",54.625,199.625,9021.80078125
"922",54.875,199.625,8512.98388671875
"923",55.125,199.625,4071.75638020833
"924",55.375,199.625,810.576135023585
"925",55.625,199.625,-714.861582880435
"929",56.625,199.625,2177.32074652778
"930",56.875,199.625,5570.16295855978
"931",57.125,199.625,5046.58878152412
"932",57.375,199.625,5656.17420014881
"933",57.625,199.625,5567.84668916869
"934",57.875,199.625,5502.50812573703
"935",58.125,199.625,6477.52340064859
"940",54.625,199.875,9192.72564338235
"941",54.875,199.875,8885.11528087798
"942",55.125,199.875,4856.38244628906
"943",55.375,199.875,497.269058719758
"944",55.625,199.875,-1113.47933321221
"949",57.375,199.875,5676.45625
"950",57.625,199.875,5507.73701746324
"951",57.875,199.875,5457.14350905374
"952",58.125,199.875,6412.23091096698
"953",58.375,199.875,7360.85961229556
"956",54.875,200.125,8811.26450892857
"957",55.125,200.125,6429.73708417339
"958",55.375,200.125,1410.25826671512
"959",55.625,200.125,-685.252750318878
"960",55.875,200.125,251.4091796875
"962",56.625,200.125,3034.27526255123
"963",56.875,200.125,5770.91585286458
"969",58.375,200.125,7312.08465975467
"972",54.625,200.375,9951.39973958333
"973",54.875,200.375,9125.08259465144
"974",55.125,200.375,6599.06468023256
"975",55.375,200.375,4206.90290178571
"976",55.625,200.375,592.453391335227
"977",55.875,200.375,1503.970703125
"978",56.625,200.375,3731.86201985677
"979",56.875,200.375,5465.397265625
"980",57.125,200.375,5890.06670346467
"981",57.375,200.375,4147.63482666016
"982",57.875,200.375,5378.87294921875
"983",58.125,200.375,6862.35016214623
"984",58.375,200.375,7256.1220703125
"987",54.625,200.625,10049.6106770833
"989",55.125,200.625,6739.8982514881
"990",55.375,200.625,4708.20703125
"991",55.625,200.625,1482.47489872685
"992",55.875,200.625,1883.45479910714
"1000",58.375,200.625,7238.39987864078
"1003",54.375,200.875,10365.6751302083
"1004",54.625,200.875,10058.2289311835
"1005",54.875,200.875,9102.55167505297
"1006",55.125,200.875,7873.92156862745
"1007",55.625,200.875,1967.30628551136
"1008",55.875,200.875,2241.13471137153
"1009",56.875,200.875,4581.56864519817
"1010",57.125,200.875,5311.99560546875
"1011",57.375,200.875,4861.61306423611
"1012",57.625,200.875,5787.28945806962
"1017",54.625,201.125,10078.7734375
"1018",54.875,201.125,8895.6654296875
"1019",55.125,201.125,8179.87452256944
"1020",55.625,201.125,2517.505859375
"1021",55.875,201.125,2750.85219029018
"1025",57.625,201.125,6347.13670049649
"1026",57.875,201.125,5314.79340277778
"1027",58.125,201.125,7221.70874865302
"1031",54.875,201.375,8766.91685267857
"1032",55.875,201.375,3227.75655241935
"1033",56.125,201.375,3599.5625
"1043",55.625,201.625,4951.07921006944
"1044",55.875,201.625,3919.36497738487
"1045",56.125,201.625,3870.134765625
"1046",56.375,201.625,2380.12866210938
"1048",57.375,201.625,3468.35105911727
"1049",57.625,201.625,5195.54560908565
"1050",57.875,201.625,7222.07791037088
"1051",58.125,201.625,7114.16792629076
"1054",55.625,201.875,5345.74114583333
"1055",55.875,201.875,4931.17459542411
"1056",56.125,201.875,3678.13159179688
"1057",56.375,201.875,2464.55282182836
"1065",55.375,202.125,5764.56190814394
"1066",55.875,202.125,5528.51405164931
"1067",56.125,202.125,3424.76715959821
"1068",56.375,202.125,2357.276953125
"1069",56.625,202.125,2043.55598958333
"1076",55.375,202.375,6227.38375651042
"1077",55.625,202.375,5696.71763392857
"1078",55.875,202.375,6784.8165416151
"1079",56.125,202.375,5966.75730613426
"1080",56.375,202.375,2108.29947916667
"1081",56.625,202.375,1686.9271484375
"1087",55.375,202.625,6568.12426757812
"1088",55.625,202.625,6437.45802696078
"1089",55.875,202.625,8012.91788956926
"1090",56.125,202.625,7302.919140625
"1091",56.375,202.625,2854.84939236111
"1092",56.625,202.625,1225.02533401268
"1093",56.875,202.625,994.974431818182
"1096",55.375,202.875,7041.45182291667
"1097",55.625,202.875,7399.15859375
"1098",55.875,202.875,8424.22135416667
"1099",56.375,202.875,4220.96440972222
"1100",56.625,202.875,1421.3934839221
"1101",56.875,202.875,652.5361328125
"1104",55.375,203.125,7622.5955078125
"1105",55.625,203.125,9306.17116477273
"1106",55.875,203.125,9270.10546875
"1107",56.125,203.125,9049.28515625
"1108",56.375,203.125,5420.65234375
"1109",56.625,203.125,2501.57027264031
"1110",56.875,203.125,282.878860828488
"1111",55.375,203.375,7801.61642020089
"1112",55.875,203.375,9415.9048828125
"1113",56.125,203.375,8984.85294117647
"1114",56.875,203.375,290.431219362745
"1115",56.875,203.625,291.482747395833
"1117",57.375,203.625,1943.04809570312
"1118",57.125,203.875,379.357421875
"1119",57.375,203.875,1491.49586588542
"1120",55.875,204.125,9983.46701388889
"1121",56.125,204.125,9735.02278645833
"1122",57.375,204.125,1901.61168791118
"1124",55.625,204.375,10240.5952690972
"1126",56.125,204.375,9805.96989143669
"1127",56.375,204.375,9750.895703125
"1128",57.375,204.375,1917.28857421875
"1129",57.625,204.375,188.270757630814
"1130",55.625,204.625,10313.9204101562
"1131",55.875,204.625,10129.5388159891
"1132",56.125,204.625,9918.20713778409
"1133",56.375,204.625,9833.51872702206
"1134",57.625,204.625,-770.7650390625
"1135",57.875,204.625,-2560.3974609375
"1136",55.875,204.875,10195.4385710685
"1137",56.125,204.875,10048.5319260817
"1138",56.375,204.875,9836.26096329599
"1139",56.625,204.875,9055.48038736979
"1140",57.625,204.875,-1622.60498046875
"1141",57.875,204.875,-2782.07301682692
"1142",55.875,205.125,10218.009765625
"1143",56.125,205.125,9928.67016601562
"1146",57.125,205.125,2900.8564453125
"1147",57.375,205.125,1545.7236328125
"1148",57.875,205.125,-4527.94939108456
"1149",56.125,205.375,9784.2265625
"1150",56.375,205.375,9404.89002913136
"1151",56.625,205.375,7772.02721354167
"1152",56.875,205.375,4307.74869791667
"1153",57.125,205.375,2287.43134469697
"1154",57.375,205.375,590.353515625
"1155",57.875,205.375,-5243.64496527778
"1156",58.125,205.375,-5431.22265625
"1157",56.375,205.625,9316.50709443934
"1158",56.625,205.625,5873.75076293945
"1159",56.875,205.625,3858.14699519231
"1161",57.875,205.625,-5524.0771484375
"1162",58.125,205.625,-5661.32763671875
"1163",56.375,205.875,9101.87318313953
"1164",56.625,205.875,4834.90973772321
"1165",56.875,205.875,1541.61239769345
"1166",57.625,205.875,-4315.55078125
"1167",58.125,205.875,-5653.71138139205
"1168",58.375,205.875,-5344.52998046875
"1171",56.375,206.125,8959.78013392857
"1172",56.625,206.125,5411.48212756849
"1173",56.875,206.125,917.6806640625
"1174",57.125,206.125,-1757.580078125
"1175",57.625,206.125,-5514.51729910714
"1176",58.375,206.125,-4777.71323242187
"1178",59.125,206.125,5788.89539930556
"1179",59.375,206.125,2943.36188616071
"1180",56.625,206.375,4656.80881911058
"1181",56.875,206.375,-359.361877441406
"1182",57.125,206.375,-4754.1962890625
"1183",57.875,206.375,-5941.24214099702
"1184",58.625,206.375,-1549.0283203125
"1185",59.125,206.375,5882.185546875
"1186",59.375,206.375,1494.3425611413
"1188",56.375,206.625,9193.13799838362
"1189",56.875,206.625,-2270.95628551136
"1190",57.125,206.625,-4692.19398082386
"1191",57.875,206.625,-6274.150390625
"1192",58.125,206.625,-6459.57340494792
"1193",58.625,206.625,779.039713541667
"1194",58.875,206.625,5169.90727306548
"1195",59.125,206.625,5587.21110983456
"1196",59.375,206.625,536.886222192797
"1197",59.625,206.625,-1833.42299804687
"1198",56.375,206.875,8692.17421875
"1199",56.875,206.875,-2156.92755126953
"1200",57.125,206.875,-2367.2370923913
"1201",57.375,206.875,-3101.0048828125
"1202",57.875,206.875,-6289.6810546875
"1203",58.125,206.875,-6281.32845052083
"1204",58.375,206.875,-5230.3447265625
"1205",58.625,206.875,1754.599609375
"1206",58.875,206.875,5067.08077566964
"1207",59.125,206.875,4109.52414772727
"1208",59.375,206.875,624.844350961538
"1209",59.625,206.875,-2470.12487792969
"1210",56.375,207.125,6982.21506485849
"1211",56.875,207.125,2596.97005208333
"1212",57.125,207.125,-2137.53663429054
"1213",57.375,207.125,-2784.22379557292
"1214",57.875,207.125,-5812.73681640625
"1215",58.375,207.125,-3318.8638671875
"1216",59.375,207.125,-456.803932883523
"1217",59.625,207.125,-3029.20047883065
"1218",59.875,207.125,-5951.2216796875
"1219",56.375,207.375,6713.380859375
"1220",56.875,207.375,3103.796875
"1221",57.125,207.375,-1744.47275390625
"1222",57.375,207.375,-2168.12931315104
"1223",57.875,207.375,-6097.79211425781
"1224",58.125,207.375,-6070.60475260417
"1225",58.375,207.375,377.1220703125
"1226",58.625,207.375,2224.298828125
"1227",59.125,207.375,2056.07873535156
"1228",59.375,207.375,26.1613384046053
"1229",59.625,207.375,-4094.26806640625
"1230",59.875,207.375,-5177.89020996094
"1232",56.625,207.625,5347.69775390625
"1233",57.375,207.625,-1146.51884501689
"1234",57.625,207.625,-3596.38168569712
"1235",57.875,207.625,-4170.91157384073
"1236",58.125,207.625,-4116.52648628049
"1237",58.375,207.625,2390.32009548611
"1238",58.625,207.625,4089.02680121528
"1239",58.875,207.625,5803.1494140625
"1240",59.125,207.625,1980.877734375
"1241",59.625,207.625,-5146.98504638672
"1242",59.875,207.625,-5137.33188580452
"1245",56.625,207.875,5075.20723902926
"1246",57.375,207.875,-670.418447818396
"1247",57.625,207.875,-2032.00174967448
"1248",57.875,207.875,-2696.26904296875
"1249",58.125,207.875,-187.494219805743
"1250",58.375,207.875,4090.30515252976
"1251",58.625,207.875,4994.93257068452
"1252",58.875,207.875,5647.23156738281
"1253",59.375,207.875,-1402.383203125
"1254",59.625,207.875,-6004.22192826705
"1255",59.875,207.875,-6106.57993861607
"1259",56.625,208.125,4600.73700161638
"1260",56.875,208.125,4090.3544921875
"1261",57.125,208.125,3994.64453125
"1262",57.375,208.125,1646.18391927083
"1263",57.625,208.125,1673.08615451389
"1264",57.875,208.125,1975.5888671875
"1265",58.125,208.125,3647.84765625
"1266",58.375,208.125,5265.55876608456
"1267",58.875,208.125,5621.984375
"1268",59.125,208.125,1975.58935546875
"1270",59.625,208.125,-6531.20770733173
"1271",59.875,208.125,-5044.98690257353
"1275",57.125,208.375,4474.80211759868
"1276",57.375,208.375,4326.38367417279
"1277",57.625,208.375,3146.57369290865
"1278",57.875,208.375,3221.56946790541
"1279",58.125,208.375,5583.80495143581
"1280",58.375,208.375,5926.13529829545
"1281",59.125,208.375,2595.47288161058
"1282",59.625,208.375,-6336.07338169643
"1286",57.375,208.625,4694.81315104167
"1287",57.625,208.625,4634.57884114583
"1288",57.875,208.625,4774.09224076705
"1289",58.125,208.625,6189.90625
"1290",59.125,208.625,1735.96779119318
"1291",59.625,208.625,-6358.79036458333
"1295",57.375,208.875,3387.5078125
"1296",57.625,208.875,4401.6318359375
"1297",59.125,208.875,727.605143229167
"1299",57.875,209.125,4154.3916015625
"1300",59.125,209.125,-754.397521972656
"1302",59.125,209.375,-1766.59849330357
"1303",59.375,209.375,-3399.6715234375
"1304",58.125,209.625,4475.9677734375
"1305",58.375,209.625,4497.76501464844
"1306",59.375,209.625,-5083.16524832589
"1307",58.375,209.875,4177.27430555556
"1308",59.375,209.875,-6516.73795572917
"1310",58.375,210.125,3889.88330078125
"1311",59.625,210.125,-7026.64497884115
"1312",58.125,210.375,3637.8875
"1313",59.375,210.375,-5207.0439453125
"1314",59.625,210.375,-6680.41050277218
"1315",59.875,210.375,-4998.95836292614
"1316",59.625,210.625,-5879.54622395833
"1317",59.875,210.625,-4665.15053013393
"1318",60.125,210.625,-2475.9716796875
"1319",59.875,210.875,-3802.73413085938
"1321",59.875,211.125,-3564.08984375
"1322",59.875,211.375,-3773.53160511364
"1323",59.875,211.625,-3349.70317150298
"1327",59.625,211.875,-1971.43157552083
"1328",59.875,211.875,-3721.58826864919
"1331",59.625,212.125,-1842.16474313447
"1336",59.625,212.375,-1638.88704427083
"1340",59.625,212.625,-1469.421875
"1341",59.875,212.625,-2076.2768031529
"1342",60.125,212.625,-3909.81594669118
"1344",59.875,212.875,-2190.06487165179
"1345",60.125,212.875,-3624.82781110491
"1347",59.875,213.125,-603.662841796875
"1348",60.125,213.125,-5576.6797265625
"1350",59.875,213.375,-200.768643465909
"1351",60.125,213.375,-6056.01025390625
"1353",59.375,213.625,1952.19618055556
"1354",59.625,213.625,1923.8515625
"1355",59.875,213.625,650.585797991071
"1356",60.125,213.625,-6829.20247395833
"1358",59.375,213.875,2085.61019736842
"1359",59.625,213.875,2013.40234375
"1360",60.125,213.875,-6933.28608630952
"1361",60.375,213.875,-9383.75372456395
"1362",60.125,214.125,-8980.1435546875
"1363",60.375,214.125,-9971.07444411058
"1364",60.125,214.375,-9006.28645833333
"1365",60.375,214.375,-10105.1897063079
"1366",60.125,214.625,-9213.04585193452
"1368",60.125,214.875,-9141.68119884673
"1370",59.625,215.125,-1805.013671875
"1371",59.875,215.125,-1793.29622395833
"1374",59.625,215.375,-1866.244140625
"1375",59.875,215.375,-2798.78571428571
"1376",60.125,215.375,-9511.61360677083
"1377",59.875,215.625,-4890.76810047238
"1379",59.875,215.875,-7693.4426223467
"1381",59.875,216.125,-9044.76583214962
"1382",59.875,216.375,-10217.5240234375
"1384",59.875,216.625,-11023.4236653646
"1385",60.125,216.625,-9955.31912667411
"1386",59.875,216.875,-11524.1936035156
"1388",60.125,217.125,-12028.6552734375
"1390",59.875,217.875,-10147.1735839844
"1391",59.875,218.125,-10097.7624733665
"1392",59.625,218.375,-7379.03111049107
"1393",59.875,218.375,-9775.353515625
"1394",59.625,218.625,-8066.388671875
"1395",59.875,218.625,-10539.9858669705
"1396",59.625,218.875,-9111.25251850329
"1398",59.625,219.125,-10019.9166771673
"1399",59.625,219.375,-11151.5435546875
"1400",58.375,220.875,822.23193359375
"1401",59.125,220.875,-11668.6159057617
"1402",59.125,221.125,-11543.833203125
"1403",58.125,221.375,1413.955078125
"1404",58.875,221.875,-11121.7104492188
"1407",57.375,223.875,-1646.0107421875
"1409",56.875,224.125,-1141.27473958333
"1410",57.125,224.125,116.80908203125
"1411",57.375,224.125,-1468.60030691964
"1412",56.875,224.375,537.461189516129
"1413",57.125,224.375,4.07018229166667
"1414",56.625,224.625,1142.08528645833
"1416",57.125,224.625,-194.949544270833
"1417",56.625,224.875,1950.03348214286
"1418",56.125,225.125,2610.7490234375
"1419",56.375,225.125,2221.65844726562
"1420",55.875,225.375,5221.20361328125
"1421",56.125,225.375,3251.86953125
"1424",55.625,225.625,4829.99609375
"1425",55.875,225.625,4478.13388671875
"1426",56.125,225.625,3474.501953125
"1427",55.625,225.875,4663.775390625
"1428",55.875,225.875,3914.41486467634
"1430",55.375,226.125,5062.84933035714
"1431",55.625,226.125,4518.50362042683
"1432",55.875,226.125,3234.13582589286
"1434",54.875,226.375,4689.07760416667
"1435",55.125,226.375,4376.081484375
"1436",55.375,226.375,5032.55451766304
"1437",55.625,226.375,4117.47790527344
"1438",55.875,226.375,2773.94717261905
"1440",54.625,226.625,4605.41796875
"1441",54.875,226.625,3947.22650669643
"1442",55.125,226.625,4327.70668143657
"1445",55.875,226.625,1931.34619140625
"1449",54.875,226.875,3616.3865234375
"1455",54.625,227.125,2799.2822265625
"1478",49.625,233.125,-8234.18278645833
"1481",49.125,233.625,-8759.00542534722
"1482",49.375,233.625,-8756.73705700861
"1483",49.125,233.875,-9047.2896355726
"1485",48.875,234.125,-8922.00989362106
"1487",48.875,234.375,-9438.07240403543
"1488",47.875,235.125,-10034.0555175781
"1489",48.125,235.125,-10672.4572598072
"1490",42.875,235.375,-8181.13621363147
"1491",47.125,235.375,-6983.0037109375
"1492",47.375,235.375,-9601.24078776042
"1493",47.625,235.375,-10720.3021282328
"1494",47.875,235.375,-10942.1723848519
"1496",40.625,235.625,-4394.13867673352
"1497",40.875,235.625,-5654.53888113839
"1498",41.125,235.625,-5433.4423828125
"1499",41.625,235.625,-6844.7115234375
"1500",41.875,235.625,-7066.58449030497
"1501",42.125,235.625,-7259.5439453125
"1502",42.375,235.625,-6961.59270833333
"1503",42.625,235.625,-7925.61307779948
"1505",43.375,235.625,-10426.8992838542
"1506",44.625,235.625,-4525.28212890625
"1507",45.875,235.625,-4433.47860440341
"1508",46.125,235.625,-4771.734375
"1509",46.625,235.625,-9976.74365234375
"1510",46.875,235.625,-10690.677687872
"1511",47.125,235.625,-10921.9310773983
"1514",39.875,235.875,-6804.64225260417
"1515",40.125,235.875,-6669.10717773438
"1516",40.875,235.875,-5612.91202011929
"1517",41.125,235.875,-5516.82759158351
"1518",41.375,235.875,-7445.45232599432
"1521",43.875,235.875,-9981.79245174632
"1522",44.125,235.875,-9843.29649697581
"1523",44.375,235.875,-9582.55414663461
"1524",44.625,235.875,-9406.61613965557
"1525",44.875,235.875,-9162.93268694196
"1526",45.125,235.875,-8928.46865234375
"1527",45.375,235.875,-8762.28792317708
"1528",46.125,235.875,-9388.04059222028
"1529",46.375,235.875,-9982.40822299691
"1530",46.625,235.875,-11004.6187324083
"1534",39.375,236.125,-5675.56208147321
"1535",39.625,236.125,-5220.01041666667
"1536",39.875,236.125,-5911.9304517663
"1543",38.875,236.375,-6248.34521484375
"1547",38.625,236.625,-5926.1142578125
"1548",37.625,236.875,-6534.96500651042
"1549",37.875,236.875,-6900.60887480945
"1550",38.125,236.875,-9470.35652977196
"1551",38.375,236.875,-9640.75301408179
"1552",37.625,237.125,-9801.53941503501
"1553",37.875,237.125,-11448.6704915365
"1556",37.375,237.375,-13846.027524291
"1557",37.625,237.375,-13625.6929168409
"1559",37.125,237.625,-15629.0078507966
"1564",36.875,237.875,-17247.0094140625
"1568",36.625,238.125,-17784.1920572917
"1569",36.875,238.125,-17279.0312042236
"1570",35.875,238.625,-16458.078125
"1571",35.125,239.125,-15141.411328125
"1572",35.375,239.125,-16742.109296875
"1573",34.375,239.375,-8256.93033854167
"1574",34.625,239.375,-9598.55887276786
"1575",34.875,239.375,-13257.5885636613
"1576",35.125,239.375,-15407.8276123047
"1577",33.875,239.625,-1023.175
"1578",34.125,239.625,-1938.26236185213
"1579",34.375,239.625,-9898.21693978659
"1580",33.875,239.875,-5009.18587979403
"1581",34.125,239.875,-4711.02112926136
"1582",34.375,239.875,-13972.4876163564
"1583",33.375,240.125,-6218.16569010417
"1584",33.625,240.125,-6527.18390213816
"1585",33.875,240.125,-7915.26854216747
"1586",34.125,240.125,-9604.23455255682
"1587",34.375,240.125,-16127.487948331
"1592",34.125,240.375,-14411.7622946715
"1593",34.375,240.375,-18096.83359375
"1597",34.125,240.625,-18605.1457901363
"1598",34.375,240.625,-19990.1892033067
"1601",34.125,240.875,-20240.1125710227
"1603",34.125,241.125,-21339.8052734375
"1604",32.875,241.375,-16151.1594587054
"1606",33.375,241.375,-18341.173828125
"1607",33.875,241.375,-21732.34375
"1610",33.375,241.625,-18942.6167279412
"1611",33.625,241.625,-22181.5654296875
"1612",33.875,241.625,-21750.1692708333
"1613",33.625,241.875,-22241.8088254767
"1614",33.625,242.125,-22181.1116071429
"1622",25.875,262.875,-2762.05102539062
"1623",26.125,262.875,-1510.17540015244
"1624",26.375,262.875,-597.078302556818
"1625",26.625,262.875,-232.165288880814
"1626",26.875,262.875,-86.7896925403226
"1627",27.125,262.875,4.49289772727273
"1628",27.375,262.875,-56.35546875
"1633",25.875,263.125,-2554.86706388449
"1634",26.125,263.125,-2198.28606499566
"1635",26.375,263.125,-711.470077123397
"1636",26.625,263.125,52.15400390625
"1637",26.875,263.125,369.735677083333
"1638",27.125,263.125,559.638301454741
"1639",27.375,263.125,441.943359375
"1640",27.625,263.125,-96.7661576704545
"1644",26.125,263.375,-1107.17627640845
"1645",26.375,263.375,-905.556041666667
"1646",26.625,263.375,-257.538248697917
"1647",27.125,263.375,-992.267578125
"1648",27.375,263.375,-407.601220703125
"1649",27.625,263.375,-135.865370008681
"1650",27.875,263.375,-804.079427083333
"1652",26.125,263.625,-1457.7212890625
"1653",26.375,263.625,-1134.32310267857
"1654",27.625,263.625,-1115.10538383152
"1655",27.875,263.625,-1060.74328446062
"1656",28.125,263.625,-2577.87796336207
"1657",27.875,263.875,-2232.33357945884
"1658",28.125,263.875,-3292.26220085047
"1659",28.375,263.875,-5722.15714518229
"1660",27.875,264.125,-4232.29296875
"1661",28.125,264.125,-4294.62651367187
"1662",28.375,264.125,-6331.01459341989
"1663",28.625,264.125,-7409.19225260417
"1664",27.875,264.375,-4808.0207824707
"1665",28.125,264.375,-5507.95411424513
"1666",28.375,264.375,-5320.45567491319
"1667",28.625,264.375,-6996.06357421875
"1668",28.875,264.375,-8442.6240234375
"1669",27.875,264.625,-5435.80428059896
"1670",28.125,264.625,-5904.29185655382
"1671",28.375,264.625,-4871.5748562283
"1672",28.625,264.625,-5970.41517469618
"1673",28.875,264.625,-7884.42514038086
"1674",28.125,264.875,-6335.48309004934
"1675",28.375,264.875,-5685.7057562934
"1676",28.625,264.875,-5402.42919921875
"1677",28.875,264.875,-7361.67184709821
"1678",29.125,264.875,-9138.384765625
"1679",28.125,265.125,-6354.53377859933
"1680",28.375,265.125,-6346.87760416667
"1681",28.625,265.125,-5258.16227213542
"1682",28.875,265.125,-6151.58152940538
"1683",29.125,265.125,-8572.60919596354
"1685",28.125,265.375,-6476.659375
"1686",28.375,265.375,-6554.54995184075
"1687",28.625,265.375,-6268.91887749566
"1688",28.875,265.375,-4715.04736328125
"1689",29.125,265.375,-7048.20256890191
"1690",29.375,265.375,-9943.54192405523
"1691",28.125,265.625,-6488.90045431386
"1692",28.375,265.625,-6632.04835304054
"1693",28.625,265.625,-6559.81172688802
"1694",28.875,265.625,-5673.93858506944
"1695",29.125,265.625,-5441.17651367188
"1696",29.375,265.625,-8829.40470377604
"1697",28.125,265.875,-6477.7246484375
"1698",28.375,265.875,-6707.29304793074
"1699",28.625,265.875,-6685.60133192274
"1700",28.875,265.875,-6402.63388400608
"1701",29.125,265.875,-5927.79907552083
"1702",29.375,265.875,-7495.53687183277
"1703",28.125,266.125,-6522.01025390625
"1704",28.375,266.125,-6726.66663953993
"1705",28.625,266.125,-6758.71446614583
"1706",28.875,266.125,-6484.83191560444
"1707",29.125,266.125,-6546.68731011285
"1708",29.375,266.125,-6922.91356065538
"1709",28.125,266.375,-6405.6162109375
"1710",28.375,266.375,-6641.66830842391
"1711",28.625,266.375,-6652.1920844184
"1712",28.875,266.375,-6436.6517062717
"1713",29.125,266.375,-6664.80348036024
"1714",29.375,266.375,-5272.69400583187
"1715",29.625,266.375,-10874.8049316406
"1716",28.125,266.625,-6371.50109863281
"1717",28.375,266.625,-6581.75844254032
"1718",28.625,266.625,-6586.62816026476
"1719",28.875,266.625,-6403.95366753472
"1720",29.125,266.625,-6518.69966634115
"1721",29.375,266.625,-4582.09471261161
"1722",29.625,266.625,-9699.58142089844
"1723",28.125,266.875,-6311.32549579327
"1724",28.375,266.875,-6548.06470070423
"1725",28.625,266.875,-6584.3111843533
"1726",28.875,266.875,-6445.41697862413
"1727",29.125,266.875,-6339.27296278212
"1728",29.375,266.875,-5082.14298270089
"1729",29.625,266.875,-8073.57926432292
"1730",28.375,267.125,-6591.83776137408
"1731",28.625,267.125,-6651.03297877956
"1732",28.875,267.125,-6519.56381510417
"1733",29.125,267.125,-5603.78330869932
"1734",29.375,267.125,-5241.14643012153
"1735",29.625,267.125,-9341.3330078125
"1736",28.375,267.375,-6730.07351262019
"1737",28.625,267.375,-6763.54886825771
"1738",28.875,267.375,-6626.17758517795
"1739",29.125,267.375,-5333.16111924913
"1740",29.375,267.375,-5585.45770089286
"1741",29.625,267.375,-8029.46943359375
"1742",28.125,267.625,-6673.478515625
"1743",28.375,267.625,-6947.09804350754
"1744",28.625,267.625,-6964.33017176798
"1745",28.875,267.625,-6825.01616753472
"1746",29.125,267.625,-5420.58989876761
"1747",29.375,267.625,-5908.61937120226
"1748",29.625,267.625,-4903.12316894531
"1749",28.125,267.875,-6892.08984375
"1750",28.375,267.875,-7241.04406738281
"1751",28.625,267.875,-7253.97764756944
"1752",28.875,267.875,-7077.74501161318
"1753",29.125,267.875,-5928.61020026408
"1754",29.375,267.875,-6114.70039326436
"1756",28.375,268.125,-7501.69480613426
"1757",28.625,268.125,-7665.03708298142
"1758",28.875,268.125,-7223.49500868056
"1759",29.125,268.125,-6407.25760904948
"1760",29.375,268.125,-6214.1677827381
"1761",28.125,268.375,-7472.83634440104
"1762",28.375,268.375,-7751.98502604167
"1763",28.625,268.375,-8048.13244628906
"1764",28.875,268.375,-6989.86101616754
"1765",29.125,268.375,-6897.40199988996
"1768",28.375,268.625,-7981.78868849734
"1769",28.625,268.625,-7945.87042071368
"1770",28.875,268.625,-6739.23050834037
"1771",29.125,268.625,-7231.57356770833
"1774",28.375,268.875,-8160.39154628538
"1775",28.625,268.875,-7030.84577001284
"1776",28.875,268.875,-7303.30912272135
"1777",29.125,268.875,-7531.97922207447
"1778",28.375,269.125,-8235.91451590402
"1779",28.625,269.125,-7115.06442599826
"1780",28.875,269.125,-7746.87698025174
"1781",29.125,269.125,-7758.0361328125
"1782",28.375,269.375,-8235.56045236895
"1783",28.625,269.375,-7236.68825221706
"1784",28.875,269.375,-7994.06072319879
"1785",29.125,269.375,-7861.68643465909
"1786",28.375,269.625,-8185.22866753472
"1787",28.625,269.625,-7210.52376302083
"1788",28.875,269.625,-7932.60679796007
"1789",29.125,269.625,-8174.68570963542
"1790",28.375,269.875,-8043.72510901163
"1791",28.625,269.875,-7452.05072798295
"1792",28.875,269.875,-7880.41560092038
"1793",29.125,269.875,-8010.40216936384
"1794",28.625,270.125,-7138.4716796875
"1795",28.875,270.125,-7680.71870691636
"1796",29.125,270.125,-7747.83409441021
"1797",29.375,270.125,-6891.81826171875
"1798",28.875,270.375,-7448.46863090701
"1799",29.125,270.375,-7495.67208533654
"1800",29.375,270.375,-6996.8134765625
"1801",28.875,270.625,-6811.94585503472
"1802",29.125,270.625,-7189.17358398438
"1805",28.875,270.875,-6373.41024925595
"1806",29.125,270.875,-6181.6376953125
"1807",29.375,270.875,-6243.2147606383
"1809",28.875,271.125,-6012.6455078125
"1810",29.125,271.125,-5921.32421875
"1811",29.375,271.125,-5838.68664722711
"1812",29.625,271.125,-6768.50282689145
"1813",29.375,271.375,-5112.18376358696
"1814",29.625,271.375,-6539.39147949219
"1815",29.375,271.625,-5552.55771484375
"1816",29.625,271.625,-7636.546875
"1817",29.375,271.875,-7188.51803385417
"1818",29.625,271.875,-8511.07475142045
"1819",29.375,272.125,-7162.57776988636
"1820",29.625,272.125,-8774.626171875
"1821",29.375,272.375,-7763.716796875
"1822",29.625,272.375,-8823.353515625
"1823",29.625,272.625,-9443.42578125
"1824",29.375,273.875,-8817.833984375
"1825",29.375,274.125,-8954.6892578125
"1826",28.875,279.125,-16045.7159090909
"1827",29.125,279.125,-15658.1543965242
"1828",29.375,279.125,-14816.9175889757
"1829",29.625,279.125,-13448.1567243304
"1830",29.875,279.125,-10565.6871266085
"1832",30.375,279.125,-8043.00814124381
"1835",31.125,279.125,-7147.41115234375
"1838",31.875,279.125,-10479.281198602
"1842",28.875,279.375,-13103.1667794709
"1843",29.125,279.375,-11928.0470106337
"1844",29.375,279.375,-9706.94203340023
"1845",29.625,279.375,-8486.48111074942
"1848",30.375,279.375,-5809.45342618283
"1849",30.625,279.375,-5323.33518910631
"1850",30.875,279.375,-4677.65208333333
"1851",31.125,279.375,-4408.08567708333
"1852",31.375,279.375,-4928.37029223172
"1853",31.625,279.375,-5982.39950796274
"1854",31.875,279.375,-9140.20101376488
"1855",32.125,279.375,-10290.8968641493
"1862",29.375,279.625,-7534.68064392719
"1863",29.625,279.625,-6352.90797776442
"1865",30.125,279.625,-5023.4956921729
"1866",30.375,279.625,-4646.26788504464
"1868",30.875,279.625,-3596.42624627976
"1869",31.125,279.625,-3344.75447744693
"1870",31.375,279.625,-3280.94247494104
"1873",32.125,279.625,-8936.46207369291
"1874",32.375,279.625,-9967.37757286659
"1879",28.875,279.875,-6716.43270596591
"1881",29.375,279.875,-8003.15075683594
"1883",30.375,279.875,-4810.29541015625
"1884",30.625,279.875,-4407.92362837358
"1885",30.875,279.875,-3907.7002694818
"1886",31.125,279.875,-3589.59949072722
"1887",31.375,279.875,-2835.11760066106
"1889",31.875,279.875,-2702.09311755952
"1890",32.125,279.875,-6027.86880553002
"1891",32.375,279.875,-9787.76597308168
"1892",32.625,279.875,-9486.16962139423
"1894",30.875,280.125,-3962.7775390625
"1896",31.375,280.125,-2535.22017415365
"1898",31.875,280.125,-2055.79302509014
"1900",32.375,280.125,-8639.53699776786
"1901",32.625,280.125,-11848.9848632812
"1902",31.375,280.375,-2164.74609375
"1903",31.625,280.375,-1674.84196428571
"1904",31.875,280.375,-1257.92146720467
"1905",32.125,280.375,-3501.87137545072
"1906",32.375,280.375,-4391.81165617415
"1907",32.625,280.375,-9030.49749286358
"1908",32.875,280.375,-13460.0321237664
"1909",31.875,280.625,-833.131569602273
"1911",32.375,280.625,-2546.85893886529
"1912",32.625,280.625,-4005.48141686893
"1913",32.875,280.625,-9948.62531844429
"1914",33.125,280.625,-12629.962890625
"1915",32.125,280.875,-2288.64622961957
"1917",32.625,280.875,-1253.73868502103
"1918",32.875,280.875,-4520.16779641544
"1919",33.125,280.875,-9632.12492390422
"1920",33.375,280.875,-14993.9518759084
"1922",32.625,281.125,-461.511908373786
"1923",32.875,281.125,-1316.10252967248
"1925",33.375,281.125,-12007.9458773744
"1926",33.625,281.125,-15691.4575532058
"1928",32.875,281.375,-437.467195084951
"1929",33.125,281.375,-3323.37352576623
"1930",33.375,281.375,-5945.48456648284
"1931",33.625,281.375,-12656.5242496906
"1932",33.875,281.375,-15209.9705882353
"1933",32.625,281.625,-271.60859375
"1934",32.875,281.625,-238.540147569444
"1935",33.125,281.625,-717.375038675743
"1936",33.375,281.625,-1731.28290920813
"1937",33.625,281.625,-7010.56094898897
"1938",33.875,281.625,-13421.6146893169
"1939",32.875,281.875,49.1279069767442
"1940",33.125,281.875,139.073213743932
"1941",33.375,281.875,760.907506961634
"1942",33.625,281.875,-2028.2197265625
"1943",33.875,281.875,-8864.74774050245
"1944",32.875,282.125,322.2734375
"1945",33.125,282.125,497.150700266768
"1946",33.375,282.125,1773.95885033701
"1947",33.625,282.125,947.242496905941
"1948",33.875,282.125,-3910.20601509713
"1949",34.125,282.125,-10278.1370271382
"1950",33.125,282.375,680.65859375
"1951",33.375,282.375,1557.97899907178
"1952",33.625,282.375,1917.93744198639
"1953",33.875,282.375,-966.497013425364
"1954",34.125,282.375,-8331.61728515625
"1955",34.375,282.375,-10447.0678125
"1956",33.125,282.625,767.876098632812
"1957",33.375,282.625,1105.59869025735
"1958",33.625,282.625,1506.45654780322
"1959",33.875,282.625,746.869216474515
"1960",34.125,282.625,-3621.57746751238
"1961",34.375,282.625,-9178.41515261628
"1962",34.625,282.625,-9226.0244140625
"1963",33.375,282.875,1220.65660220287
"1964",33.625,282.875,1356.10829414442
"1965",33.875,282.875,1031.22072246287
"1966",34.125,282.875,-1055.49062691483
"1967",34.375,282.875,-6614.59525923295
"1968",34.625,282.875,-8420.85234917535
"1969",33.375,283.125,1331.6064453125
"1970",33.625,283.125,1489.53178967928
"1971",33.875,283.125,1601.78029258578
"1972",34.125,283.125,-522.15728515625
"1973",34.375,283.125,-4465.64912962682
"1974",34.625,283.125,-6763.45618489583
"1977",33.625,283.375,1725.498046875
"1978",33.875,283.375,1921.78251631181
"1979",34.125,283.375,782.540764232673
"1980",34.375,283.375,-1137.01267558396
"1981",34.625,283.375,-3553.33700448495
"1989",33.875,283.625,2142.10721628289
"1990",34.125,283.625,2883.2359893176
"1991",34.375,283.625,1877.06866574755
"1992",34.625,283.625,-27.6093267746914
"1993",34.875,283.625,-1313.1484375
"2009",34.125,283.875,3296.99810987903
"2010",34.375,283.875,3531.20551658163
"2011",34.625,283.875,1860.88724087252
"2012",34.875,283.875,12.9566429781626
"2013",35.125,283.875,-2564.83013840664
"2016",36.875,283.875,-7678.98771158854
"2017",37.125,283.875,-8525.58228880494
"2027",34.375,284.125,3362.01942845395
"2028",34.625,284.125,3529.03853352865
"2029",34.875,284.125,1958.57099609375
"2030",35.125,284.125,350.332057643581
"2035",36.375,284.125,-786.117885044643
"2036",36.625,284.125,-2529.30041232639
"2037",36.875,284.125,-4586.29520619066
"2038",37.125,284.125,-5188.98272235577
"2043",34.625,284.375,4120.15562855114
"2044",34.875,284.375,3670.30993368459
"2045",35.125,284.375,2516.66127929687
"2046",35.375,284.375,876.020754894578
"2048",35.875,284.375,-1272.15706380208
"2049",36.125,284.375,-728.605416666667
"2050",36.375,284.375,-170.27291932398
"2051",36.625,284.375,-110.454938616071
"2052",36.875,284.375,-1097.75166414222
"2053",37.125,284.375,-2967.02883376289
"2054",37.375,284.375,-3970.10171669408
"2055",37.625,284.375,-5485.79794456845
"2056",34.875,284.625,4203.01708984375
"2057",35.125,284.625,3805.9372877038
"2058",35.375,284.625,2703.36302548363
"2059",35.625,284.625,1350.76919716283
"2060",35.875,284.625,43.9783948131443
"2061",36.125,284.625,225.9594921875
"2062",36.375,284.625,941.015164150281
"2063",36.625,284.625,940.343394886364
"2064",36.875,284.625,784.065348307292
"2065",37.125,284.625,282.284677933673
"2066",37.375,284.625,-1760.23822084407
"2067",37.625,284.625,-3902.03206380208
"2068",37.875,284.625,-5012.96806066176
"2072",35.125,284.875,4024.69427490234
"2073",35.375,284.875,3531.3166824495
"2074",35.625,284.875,2471.50374681122
"2075",35.875,284.875,1960.47109375
"2076",36.125,284.875,1899.03684761598
"2077",36.375,284.875,863.741260258838
"2078",36.625,284.875,-21.9715286726804
"2079",36.875,284.875,-293.123167686856
"2080",37.125,284.875,163.124103156888
"2081",37.375,284.875,18.6553751627604
"2082",37.625,284.875,-1776.47182063466
"2083",37.875,284.875,-3683.40512799202
"2084",38.125,284.875,-5017.32691761364
"2085",38.375,284.875,-6199.04077148438
"2086",38.625,284.875,-8634.43487079327
"2087",38.875,284.875,-10248.1087053571
"2089",35.375,285.125,3717.48182091346
"2090",35.625,285.125,3539.15275493421
"2091",35.875,285.125,2617.74490655637
"2092",36.125,285.125,1057.59627278646
"2093",36.375,285.125,726.930148654514
"2094",36.625,285.125,546.315034906915
"2095",36.875,285.125,292.900499131944
"2096",37.125,285.125,-267.125399502841
"2097",37.375,285.125,-809.149832589286
"2098",37.625,285.125,-71.2491981907895
"2099",37.875,285.125,-1522.80518595378
"2100",38.125,285.125,-3015.00645559211
"2101",38.375,285.125,-4587.39566040039
"2102",38.625,285.125,-6859.66713460286
"2103",38.875,285.125,-9020.31344943576
"2104",39.125,285.125,-10307.3097795759
"2105",37.125,285.375,-380.741536458333
"2106",37.375,285.375,-355.505194481383
"2107",37.625,285.375,-448.914166666667
"2108",37.875,285.375,-115.578084309896
"2109",38.125,285.375,-310.460510253906
"2110",38.375,285.375,-1132.85889185855
"2111",38.625,285.375,-3306.34586588542
"2112",38.875,285.375,-6193.876953125
"2113",39.125,285.375,-8356.02700755635
"2114",39.375,285.375,-9339.4189453125
"2115",37.625,285.625,-28.8192274305556
"2116",37.875,285.625,-243.603207236842
"2117",38.125,285.625,-272.789597039474
"2118",38.375,285.625,-258.111246744792
"2119",38.625,285.625,-1564.02369722407
"2120",38.875,285.625,-3298.8076578776
"2121",39.125,285.625,-5389.52199388587
"2122",39.375,285.625,-7393.19404740767
"2123",38.125,285.875,47.9265625
"2124",38.375,285.875,-176.851981026786
"2125",38.625,285.875,-1467.93096858199
"2126",38.875,285.875,-1304.16619223737
"2127",39.125,285.875,-1943.43799342105
"2128",39.375,285.875,-4395.1300490359
"2129",39.625,285.875,-6818.55639648438
"2130",39.875,285.875,-9374.83708639706
"2131",40.125,285.875,-10466.1997070312
"2132",40.375,285.875,-9135.60896809896
"2134",38.375,286.125,529.449274553571
"2135",38.625,286.125,447.334383400538
"2136",38.875,286.125,-19.6384225398936
"2137",39.125,286.125,612.617429123711
"2138",39.375,286.125,-803.210799507473
"2139",39.625,286.125,-3841.5437563004
"2140",39.875,286.125,-7008.83736165365
"2141",40.125,286.125,-9262.89858014396
"2142",40.375,286.125,-9939.35571289062
"2143",40.625,286.125,-9600.08032226562
"2144",38.375,286.375,1024.3701171875
"2145",38.625,286.375,1182.01586415816
"2146",38.875,286.375,1184.65078965054
"2147",39.125,286.375,992.464949898098
"2148",39.375,286.375,1542.55466694079
"2149",39.625,286.375,12.3624189660904
"2150",39.875,286.375,-1541.43098612035
"2151",40.125,286.375,-4115.70673723118
"2152",40.375,286.375,-7395.45870682566
"2153",40.625,286.375,-8936.36453683036
"2155",38.375,286.625,1885.54296875
"2156",38.625,286.625,1942.623046875
"2157",38.875,286.625,1824.59279614826
"2158",39.125,286.625,1980.73637302443
"2159",39.375,286.625,1953.31092554209
"2160",39.625,286.625,1500.2097947141
"2161",39.875,286.625,902.143633261494
"2162",40.125,286.625,79.1961669921875
"2163",40.375,286.625,-2811.68359375
"2164",40.625,286.625,-5423.63671875
"2167",39.125,286.875,2388.5458984375
"2168",39.375,286.875,2537.42654079861
"2169",39.625,286.875,2102.26456163194
"2170",39.875,286.875,1706.79888916016
"2171",40.125,286.875,1675.63935868819
"2172",40.375,286.875,543.16982421875
"2173",40.625,286.875,-2890.98258463542
"2176",39.375,287.125,3121.6337890625
"2177",39.625,287.125,2951.64487591912
"2178",39.875,287.125,2737.37487792969
"2179",40.125,287.125,2356.22184065934
"2180",40.375,287.125,2159.63355263158
"2181",40.625,287.125,-570.66870777027
"2182",40.875,287.125,-5392.33618164062
"2184",39.875,287.375,2893.39584350586
"2185",40.125,287.375,2160.78637963599
"2186",40.375,287.375,3230.54372944079
"2187",40.625,287.375,1345.63855251736
"2188",40.875,287.375,-1934.08056640625
"2190",40.125,287.625,2597.43994140625
"2191",40.375,287.625,3622.33581012228
"2192",40.625,287.625,2763.68848706317
"2193",40.875,287.625,723.750558035714
"2196",40.125,287.875,2610.013671875
"2197",40.375,287.875,4151.10581341912
"2198",40.625,287.875,3378.341796875
"2199",40.875,287.875,1699.29802911932
"2202",40.375,288.125,4505.61328125
"2203",40.625,288.125,3944.70088918586
"2204",40.875,288.125,2357.8233252992
"2205",41.125,288.125,141.894341362847
"2207",40.625,288.375,4155.82486979167
"2208",40.875,288.375,3402.93334960938
"2209",41.125,288.375,106.071054193038
"2210",41.375,288.375,-772.597891971983
"2211",40.625,288.625,3864.18511284722
"2212",40.875,288.625,4027.38855421687
"2213",41.125,288.625,402.881018597147
"2214",41.375,288.625,-3241.92867783369
"2215",40.625,288.875,2961.43810763889
"2216",40.875,288.875,4461.3991558908
"2217",41.125,288.875,1113.10321841033
"2218",41.375,288.875,-4045.80546374199
"2219",40.625,289.125,2888.84073153409
"2220",40.875,289.125,4510.68726390797
"2221",41.125,289.125,2467.81419270833
"2222",41.375,289.125,-2966.10341956967
"2224",42.375,289.125,-2248.38936574836
"2225",42.625,289.125,-4085.529296875
"2226",42.875,289.125,-6227.97249348958
"2227",40.625,289.375,2217.75506365741
"2228",40.875,289.375,4257.78830422794
"2229",41.125,289.375,2944.24473505435
"2230",41.375,289.375,51.9024793836806
"2232",41.875,289.375,-6509.3583984375
"2233",42.125,289.375,-4305.60994619693
"2234",42.375,289.375,-2136.07021077474
"2235",42.625,289.375,-2810.33342337101
"2236",42.875,289.375,-5384.50371779057
"2239",40.625,289.625,1970.89630208333
"2240",40.875,289.625,4018.05424167799
"2241",41.125,289.625,2694.67544522849
"2242",41.375,289.625,431.316053602431
"2244",41.875,289.625,-3437.72790948276
"2245",42.125,289.625,-4079.55288233902
"2246",42.375,289.625,-1329.39234375
"2247",42.625,289.625,-1114.04475911458
"2248",43.125,289.625,-6712.10205078125
"2249",43.375,289.625,-6696.32374131944
"2251",40.375,289.875,1362.2265625
"2252",40.625,289.875,1793.46453125
"2253",40.875,289.875,3725.7752016129
"2254",41.125,289.875,2757.80533854167
"2257",41.875,289.875,416.175765749008
"2258",42.125,289.875,-73.116455078125
"2259",42.375,289.875,-214.120703125
"2260",42.875,289.875,-181.6787109375
"2261",43.375,289.875,-6806.57579210069
"2262",43.625,289.875,-6734.29990234375
"2263",40.375,290.125,1295.4609375
"2264",40.625,290.125,1374.89807128906
"2265",40.875,290.125,3350.09413213315
"2266",41.125,290.125,3505.4428205819
"2267",41.375,290.125,3266.82640438988
"2268",41.625,290.125,3021.22743389423
"2269",41.875,290.125,2745.87014358108
"2270",42.125,290.125,2587.90991210938
"2271",43.625,290.125,-6931.1493664253
"2272",40.625,290.375,1023.26792464718
"2273",40.875,290.375,2478.73940641984
"2274",41.125,290.375,3261.64826948925
"2275",41.375,290.375,3479.40000429258
"2276",41.625,290.375,3307.43075706845
"2277",43.625,290.375,-6814.51655505952
"2279",40.375,290.625,1066.32584635417
"2280",40.625,290.625,1023.31080163043
"2281",40.875,290.625,1176.47528872283
"2282",41.125,290.625,2584.65993923611
"2283",41.375,290.625,3411.56938100962
"2284",41.625,290.625,3645.110546875
"2285",43.625,290.625,-3806.94140625
"2286",43.875,290.625,-6178.71650654561
"2287",40.625,290.875,1121.53226902174
"2288",40.875,290.875,962.961470170455
"2289",41.125,290.875,1003.329296875
"2290",43.875,290.875,-4841.47859221814
"2292",40.375,291.125,2000.638671875
"2293",40.875,291.125,1354.01627604167
"2294",43.625,291.125,-1398.276953125
"2295",43.875,291.125,-3631.939453125
"2297",40.625,291.375,1782.84330897177
"2298",40.875,291.375,1484.24868669181
"2299",41.125,291.375,1567.3163686899
"2300",43.875,291.375,-2080.85064019097
"2302",40.375,291.625,2644.5625
"2303",40.625,291.625,2009.29967447917
"2304",40.875,291.625,1846.56309895833
"2305",41.125,291.625,1811.68292839973
"2306",41.375,291.625,2075.53115068856
"2307",41.625,291.625,2317.92377387153
"2308",44.125,291.625,-2771.48305376838
"2309",40.625,291.875,2256.857421875
"2310",40.875,291.875,2140.04276899858
"2311",41.125,291.875,2097.57911253511
"2312",41.375,291.875,2277.22291380495
"2313",41.625,291.875,2538.72811153017
"2314",41.875,291.875,2754.53359375
"2315",43.875,291.875,975.6318359375
"2316",44.125,291.875,-4024.99632352941
"2318",40.625,292.125,2721.13151041667
"2319",40.875,292.125,2338.4008696934
"2320",41.125,292.125,2349.96459173387
"2321",41.375,292.125,2495.67119565217
"2322",41.625,292.125,2698.88010817308
"2323",41.875,292.125,2913.0107660061
"2324",44.125,292.125,-4814.740234375
"2325",44.375,292.125,-6946.59759521484
"2326",40.875,292.375,2492.58028017241
"2327",41.125,292.375,2531.51786118659
"2328",41.375,292.375,2601.66278545673
"2329",41.625,292.375,2767.53197419242
"2330",41.875,292.375,2927.82916184414
"2331",44.375,292.375,-7345.06741153493
"2332",41.625,292.625,2827.08984375
"2333",41.875,292.625,2940.58532072368
"2334",42.125,292.625,2961.70668658088
"2335",44.375,292.625,-7632.32749310662
"2336",44.625,292.625,-7768.73697916667
"2337",41.875,292.875,2868.37448730469
"2338",42.125,292.875,2918.33171875
"2339",44.375,292.875,-2925.50540865385
"2340",44.625,292.875,-4997.32516163793
"2342",41.625,293.125,2749.722265625
"2343",41.875,293.125,2821.77268629808
"2344",42.125,293.125,2869.390625
"2345",44.375,293.125,-863.801136363636
"2346",44.625,293.125,-1437.65962837838
"2347",44.875,293.125,-4645.20496961806
"2348",45.125,293.125,-8043.93725585938
"2349",41.875,293.375,2715.46606445312
"2350",42.125,293.375,2730.02213541667
"2351",44.375,293.375,493.757161458333
"2352",44.625,293.375,226.833984375
"2353",44.875,293.375,-2374.94186580882
"2354",45.125,293.375,-2791.04366629464
"2355",43.375,293.625,4106.8732421875
"2356",43.625,293.625,1580.83702256944
"2357",43.875,293.625,1204.63420024671
"2358",44.125,293.625,1153.40487753378
"2359",44.875,293.625,-423.443359375
"2360",45.125,293.625,21.5325816761364
"2362",41.625,293.875,2896.57682291667
"2363",42.625,293.875,3119.994140625
"2364",42.875,293.875,3188.81575520833
"2365",43.125,293.875,3555.841796875
"2366",43.375,293.875,2310.43279655612
"2370",44.375,293.875,782.952962239583
"2371",45.125,293.875,1539.98313802083
"2374",43.125,294.125,3490.03380926724
"2377",44.625,294.125,-182.976171875
"2378",45.125,294.125,2817.76860119048
"2379",47.875,294.125,-2693.39613970588
"2380",48.125,294.125,-2465.38503196023
"2381",43.125,294.375,3843.70725446429
"2383",45.125,294.375,2147.2486328125
"2384",45.375,294.375,2329.32552083333
"2386",47.875,294.375,-2993.05525287829
"2387",48.125,294.375,-2647.56640625
"2388",43.125,294.625,3852.287109375
"2389",43.375,294.625,2405.69837535511
"2391",44.875,294.625,-924.8251953125
"2392",45.125,294.625,867.073267227564
"2393",45.375,294.625,1603.73657226562
"2395",47.875,294.625,-3033.39107889525
"2398",43.375,294.875,1562.44140625
"2400",45.125,294.875,-749.635323660714
"2401",45.375,294.875,704.095434570312
"2403",47.875,294.875,-3074.28270596591
"2404",48.125,294.875,-2924.03922526042
"2407",43.625,295.125,-763.84765625
"2409",45.125,295.125,-1642.98947482639
"2410",45.375,295.125,-417.505126953125
"2414",47.125,295.125,-4489.70693550858
"2417",47.875,295.125,-3190.82656592654
"2418",48.125,295.125,-2954.8754790684
"2419",42.875,295.375,4252.345703125
"2420",43.375,295.375,4362.791015625
"2421",43.625,295.375,-1508.92578125
"2429",46.625,295.375,4315.84811970339
"2430",46.875,295.375,964.618439797794
"2431",47.125,295.375,-3714.32082349201
"2432",47.375,295.375,-4246.79399126838
"2433",47.625,295.375,-3717.36956331623
"2434",47.875,295.375,-3253.82614135742
"2435",48.125,295.375,-2987.34589336445
"2436",48.375,295.375,-2734.76505533854
"2439",43.875,295.625,-4476.62841796875
"2446",46.625,295.625,4985.06872788915
"2447",46.875,295.625,4358.65148133117
"2448",47.125,295.625,549.408623417722
"2449",47.375,295.625,-3724.03833007812
"2450",47.625,295.625,-3890.68491342905
"2451",47.875,295.625,-3477.42180524554
"2452",48.125,295.625,-3193.76771129261
"2453",48.375,295.625,-2742.52232776989
"2455",48.875,295.625,-1991.11794704861
"2456",49.125,295.625,-1741.63004557292
"2459",44.125,295.875,-5603.82370174632
"2466",46.875,295.875,5544.15287642045
"2467",47.125,295.875,4671.11089409722
"2468",47.375,295.875,1636.45922851562
"2469",47.625,295.875,-3759.58282696759
"2470",47.875,295.875,-3510.78728070175
"2471",48.125,295.875,-3357.76602172852
"2472",48.375,295.875,-2764.46516170058
"2473",48.625,295.875,-2461.97860604745
"2474",48.875,295.875,-2095.23620211694
"2483",46.625,296.125,3059.33805338542
"2484",46.875,296.125,4453.11014041385
"2485",47.125,296.125,5987.26514274691
"2486",47.375,296.125,4731.18256835938
"2487",47.625,296.125,-366.124666539634
"2488",47.875,296.125,-3369.55078125
"2489",48.125,296.125,-3434.30615234375
"2490",48.375,296.125,-2816.61787109375
"2491",48.625,296.125,-2689.88932291667
"2494",44.375,296.375,-3776.08961397059
"2497",45.875,296.375,-2976.53685897436
"2498",46.125,296.375,-1849.58220515839
"2500",46.625,296.375,1862.25132415254
"2501",46.875,296.375,3279.38871783088
"2502",47.125,296.375,4968.27348456325
"2503",47.375,296.375,6035.59172712054
"2504",47.625,296.375,2829.46731457078
"2505",47.875,296.375,374.1796875
"2506",48.125,296.375,-5949.91015625
"2510",44.375,296.625,-3080.86482319079
"2512",45.875,296.625,-3471.07875689338
"2513",46.125,296.625,-2847.69864908854
"2515",46.625,296.625,419.870593559451
"2516",46.875,296.625,2036.3980422247
"2517",47.125,296.625,3520.40691692073
"2518",47.375,296.625,4617.53276909722
"2519",47.625,296.625,4635.35388183594
"2520",47.875,296.625,2882.864453125
"2521",48.125,296.625,-2858.57575334821
"2522",48.375,296.625,-5102.923046875
"2526",42.875,296.875,4853.08203125
"2527",44.375,296.875,-1475.390625
"2529",45.875,296.875,-2817.78488734149
"2530",46.125,296.875,-2182.08108038651
"2531",46.375,296.875,-641.570223721591
"2532",46.625,296.875,-92.5427619485294
"2533",46.875,296.875,808.001547280844
"2534",47.125,296.875,39.19140625
"2535",47.375,296.875,1816.01062011719
"2536",47.625,296.875,3236.25048828125
"2537",47.875,296.875,4917.39522879464
"2538",48.125,296.875,2119.29778645833
"2539",48.375,296.875,-998.03857421875
"2543",42.875,297.125,4884.40178571429
"2544",43.375,297.125,5269.09375
"2545",44.625,297.125,-1981.20157596983
"2546",45.875,297.125,-2180.45259915865
"2548",46.375,297.125,109.727898848684
"2549",46.625,297.125,668.027296686747
"2550",46.875,297.125,893.684114583333
"2551",47.125,297.125,745.15625
"2552",47.375,297.125,3043.81314212329
"2553",47.625,297.125,2958.76840444712
"2557",43.125,297.375,5250.94815340909
"2558",44.625,297.375,-1807.32890625
"2561",45.875,297.375,-1980.76299715909
"2562",46.375,297.375,872.79833984375
"2563",46.625,297.375,1413.504453125
"2564",46.875,297.375,2329.22816051136
"2565",47.125,297.375,3916.62413194444
"2566",47.375,297.375,4047.22631835938
"2567",47.625,297.375,4128.04508463542
"2568",47.875,297.375,3902.994140625
"2571",44.625,297.625,-1344.17054966518
"2573",45.625,297.625,-2515.75511259191
"2574",45.875,297.625,-1684.32301311728
"2575",46.125,297.625,-228.540389150943
"2576",46.375,297.625,1441.8607421875
"2577",46.625,297.625,2073.10176595052
"2578",46.875,297.625,3138.67838541667
"2579",47.125,297.625,4231.46427408854
"2580",47.375,297.625,5183.28288517442
"2581",47.625,297.625,6148.8853515625
"2587",45.875,297.875,-1318.86813730736
"2588",46.125,297.875,-16.1286337209302
"2589",46.375,297.875,1145.10053168403
"2590",46.625,297.875,2428.65797991071
"2591",46.875,297.875,4253.25595464939
"2592",47.125,297.875,4931.24268166416
"2593",47.375,297.875,5901.89048549107
"2594",47.625,297.875,6763.84280960648
"2595",47.875,297.875,7639.91833043981
"2599",44.875,298.125,-2923.50126139323
"2601",45.625,298.125,-1877.17489346591
"2602",45.875,298.125,-1020.47278025794
"2603",46.125,298.125,184.96441224564
"2604",46.375,298.125,1617.75154820884
"2605",46.625,298.125,2615.70478219697
"2606",46.875,298.125,4645.68002424569
"2607",47.125,298.125,5550.9966796875
"2609",47.625,298.125,7596.32098679315
"2610",47.875,298.125,8292.28460693359
"2611",48.125,298.125,8527.310546875
"2615",43.375,298.375,6202.392578125
"2616",43.625,298.375,6404.56520432692
"2617",43.875,298.375,6546.13665140086
"2618",44.875,298.375,-1556.07736545139
"2620",45.625,298.375,-1368.36658653846
"2621",45.875,298.375,-530.196789863782
"2622",46.125,298.375,818.033253855519
"2623",46.375,298.375,2040.43060825893
"2624",46.625,298.375,3103.32175164474
"2625",46.875,298.375,4946.6365816886
"2626",47.125,298.375,6139.99793061756
"2627",47.375,298.375,7472.10735887097
"2628",47.625,298.375,8318.70784505208
"2629",47.875,298.375,8575.13173390858
"2633",43.375,298.625,6334.900390625
"2634",43.625,298.625,6536.371328125
"2635",43.875,298.625,6657.06846039871
"2636",44.875,298.625,14.41796875
"2640",46.125,298.625,1869.03112792969
"2641",46.375,298.625,2894.90299479167
"2642",46.625,298.625,3550.54557291667
"2643",46.875,298.625,5674.20763739224
"2644",47.125,298.625,6782.38051470588
"2645",47.375,298.625,7837.15746783088
"2646",47.625,298.625,8578.70714962121
"2647",47.875,298.625,8768.69879261364
"2654",43.375,298.875,6509.5453125
"2655",43.625,298.875,6658.35391626603
"2656",43.875,298.875,6787.73969927226
"2657",44.125,298.875,6952.88220214844
"2658",45.125,298.875,844.124320652174
"2661",46.375,298.875,3843.94260817308
"2662",46.625,298.875,5046.1650390625
"2663",46.875,298.875,6404.95778245192
"2664",47.125,298.875,6728.56666239754
"2665",47.375,298.875,7894.76907703488
"2666",47.625,298.875,8768.8636765253
"2667",47.875,298.875,8955.56622456395
"2672",43.375,299.125,6675.212890625
"2673",43.625,299.125,6774.77314717061
"2674",43.875,299.125,7356.94524515086
"2675",44.125,299.125,7453.5931589227
"2676",45.125,299.125,2423.47204589844
"2682",46.875,299.125,5303.14453125
"2683",47.125,299.125,7040.70751953125
"2684",47.375,299.125,8315.69837239583
"2685",47.625,299.125,8966.93927323191
"2686",47.875,299.125,9078.38978794643
"2691",43.625,299.375,8598.0400390625
"2692",43.875,299.375,8938.6986509811
"2693",44.125,299.375,9108.4609375
"2694",44.375,299.375,7716.10209517045
"2695",44.625,299.375,7207.83517156863
"2696",45.375,299.375,1326.05078125
"2700",47.375,299.375,8553.772734375
"2701",47.625,299.375,9084.38103693182
"2707",56.875,299.375,8283.84700520833
"2708",43.625,299.625,8896.58500976563
"2709",43.875,299.625,9012.84997558594
"2710",44.125,299.625,9135.10715247845
"2711",44.375,299.625,8587.69620988176
"2712",44.625,299.625,7737.51432291667
"2713",45.125,299.625,9254.337890625
"2715",46.375,299.625,3252.03359375
"2716",46.625,299.625,3654.22204589844
"2717",46.875,299.625,5543.95951704545
"2718",47.125,299.625,6275.9423828125
"2723",43.625,299.875,8923.95849609375
"2724",43.875,299.875,9061.86052684295
"2725",44.125,299.875,9184.15056046196
"2726",44.375,299.875,7510.0703125
"2727",45.625,299.875,3905.96484375
"2728",45.875,299.875,4356.17299107143
"2729",46.375,299.875,2659.33475748698
"2730",46.875,299.875,4920.392578125
"2731",47.125,299.875,7811.2109375
"2733",55.625,299.875,6678.466953125
"2736",43.625,300.125,8903.9296875
"2737",43.875,300.125,9031.2557178442
"2738",44.125,300.125,9153.08406575521
"2739",44.375,300.125,9389.076171875
"2740",45.875,300.125,5438.89044189453
"2741",46.125,300.125,4864.89334542411
"2742",46.375,300.125,3961.31607142857
"2743",46.625,300.125,4683.40638950893
"2747",43.625,300.375,8875.3525390625
"2748",43.875,300.375,8981.92095871914
"2749",44.125,300.375,9133.998828125
"2750",44.375,300.375,9356.088359375
"2751",44.625,300.375,7444.21379206731
"2752",45.875,300.375,7253.65506998698
"2753",46.125,300.375,6666.95309495192
"2754",46.375,300.375,5330.1748046875
"2755",46.625,300.375,5773.48120117188
"2759",55.875,300.375,6991.685546875
"2760",43.875,300.625,8898.23865816886
"2761",44.125,300.625,8954.21126302083
"2762",44.375,300.625,7879.130859375
"2763",44.625,300.625,7374.37027138158
"2764",45.875,300.625,8622.12890625
"2765",46.125,300.625,8305.69259207589
"2771",55.625,300.625,7196.208984375
"2772",43.875,300.875,8766.33062065972
"2773",44.125,300.875,8859.9443359375
"2774",44.375,300.875,7181.130859375
"2775",44.625,300.875,7237.91623263889
"2776",45.875,300.875,9643.416015625
"2780",44.375,301.125,7080.92522321429
"2781",44.625,301.125,7158.90091145833
"2785",44.125,301.375,6507.78515625
"2786",44.375,301.375,6792.41579861111
"2790",44.375,301.625,6445.9375
"2791",44.625,301.625,6905.09337439904
"2794",44.375,301.875,6432.6711973852
"2795",44.625,301.875,6702.37015086207
"2796",45.125,301.875,7648.5634765625
"2801",55.125,301.875,9080.55859375
"2802",44.375,302.125,6396.94541015625
"2803",44.625,302.125,6656.23712384259
"2804",44.875,302.125,7024.37662760417
"2811",44.625,302.375,6618.1158603766
"2812",44.875,302.375,7091.92755448191
"2819",44.625,302.625,6591.92593961149
"2820",44.875,302.625,6940.59635416667
"2831",54.875,302.625,11293.3432617188
"2843",54.875,302.875,11380.4380580357
"2854",54.375,303.125,11480.8559375
"2862",49.875,303.375,9874.03051757812
"2863",50.125,303.375,10082.8841145833
"2867",54.375,303.375,11524.517578125
"2873",50.125,303.625,10150.269921875
"2874",50.375,303.625,10420.3564453125
"2879",54.125,303.625,11532.796875
"2884",50.125,303.875,10056.1640625
"2885",50.375,303.875,10572.255859375
"2886",50.625,303.875,10753.453125
"2895",49.625,304.125,9703.54839409722
"2897",50.125,304.125,10083.052734375
"2898",50.625,304.125,10879.873046875
"2899",50.875,304.125,11013.8729021991
"2916",50.125,304.375,10129.822265625
"2917",50.625,304.375,10585.8204900568
"2918",50.875,304.375,10983.400220788
"2919",51.125,304.375,11289.0974542026
"2924",52.375,304.375,11520.1059827303
"2925",52.625,304.375,11528.1532738095
"2926",52.875,304.375,11555.5871394231
"2927",53.125,304.375,11594.0649671053
"2929",53.625,304.375,11637.2209821429
"2936",49.875,304.625,9919.6318359375
"2937",50.625,304.625,10623.3989257812
"2940",51.625,304.625,11464.9534912109
"2942",52.125,304.625,11514.005859375
"2947",51.875,304.875,11540.03515625
"2952",49.625,305.125,9636.9736328125
"2953",45.375,305.375,8285.744140625
"2963",46.375,305.875,8366.00390625
"2964",46.625,305.875,7306.61345358456
"2965",46.875,305.875,6544.49875710227
"2971",49.625,305.875,9579.86188616071
"2972",49.875,305.875,9782.554296875
"2973",45.125,306.125,8065.79296875
"2974",46.625,306.125,6841.956171875
"2975",46.875,306.125,5048.54391381048
"2978",47.625,306.125,1546.39188878676
"2981",49.875,306.125,9757.61886160714
"2982",46.375,306.375,6579.2802734375
"2983",46.625,306.375,6079.29661207933
"2984",46.875,306.375,4333.75930606618
"2986",47.625,306.375,2286.66901041667
"2987",47.875,306.375,2447.595703125
"2988",48.125,306.375,3703.783203125
"2989",48.625,306.375,8719.950390625
"2990",48.875,306.375,8942.82151442308
"2991",49.125,306.375,9075.46875
"2994",45.125,306.625,7964.05224609375
"2995",46.375,306.625,6986.796875
"2996",46.625,306.625,6044.32461734694
"2997",47.875,306.625,3115.33968098958
"2998",48.125,306.625,4377.42540322581
"2999",48.375,306.625,6565.45546875
"3000",48.625,306.625,8705.73739346591
"3001",48.875,306.625,8997.45141601562
"3002",49.125,306.625,9143.23976089015
"3004",44.875,306.875,7832.85970052083
"3005",45.625,306.875,8227.50082236842
"3006",46.375,306.875,6928.60475852273
"3007",46.625,306.875,6606.3193597561
"3008",47.625,306.875,3744.6859375
"3009",47.875,306.875,4350.41824776786
"3010",48.125,306.875,5406.16720145089
"3011",48.375,306.875,7106.51009114583
"3012",48.625,306.875,8731.03076171875
"3013",49.625,306.875,9728.025390625
"3014",44.875,307.125,7991.61383928571
"3015",45.625,307.125,8268.72008634869
"3016",46.625,307.125,6670.42474724265
"3017",46.875,307.125,5923.54307154605
"3018",47.125,307.125,5175.57155539773
"3019",47.625,307.125,4334.15364583333
"3020",47.875,307.125,5836.25903320312
"3021",48.125,307.125,7319.23197798295
"3022",48.375,307.125,8400.51790364583
"3023",48.625,307.125,8766.93155570652
"3024",44.875,307.375,8015.37109375
"3025",47.125,307.375,5220.16145833333
"3026",47.375,307.375,5217.34397977941
"3027",47.625,307.375,5556.57690429688
"3028",47.875,307.375,6082.58984375
"3029",48.125,307.375,8133.830078125
"3030",45.625,307.625,8588.39140625
"3031",45.875,307.625,8590.6025390625
"3032",45.125,308.375,8670.5986328125
"3033",45.375,308.375,8810.9833984375
"3034",45.375,308.875,9154.7685546875
"3035",45.625,308.875,9225.47127757353
"3036",45.625,309.125,9353.57161458333
"3037",46.375,309.125,9843.138671875
