"","region","year","surftemp","bottemp"
"1","AFSC_Aleutians",2006,6.87349763479436,4.55615282716525
"2","AFSC_EBS",2006,7.32498492185048,2.78866151930078
"3","AFSC_GOA",2006,11.0445366131438,6.09838597196842
"4","AFSC_WCTri",2006,13.5123472798709,7.80538283491557
"5","DFO_NewfoundlandFall",2006,5.55817672933023,2.19301338700699
"6","DFO_NewfoundlandSpring",2006,5.9282786702686,1.57547703338139
"7","DFO_ScotianShelf",2006,12.1224576212881,6.58279650405762
"8","DFO_SoGulf",2006,14.6064980771846,3.81676654915174
"9","NEFSC_NEUSFall",2006,16.4771360199772,12.4083986124946
"10","NEFSC_NEUSSpring",2006,6.59392177620635,7.60283952605748
"11","NWFSC_WCAnn",2006,14.1144556508735,6.5412683837643
"12","SEFSC_GOMex",2006,29.1581409275965,23.929462014865
"13","AFSC_Aleutians",2007,6.76635840234667,4.5011653023776
"14","AFSC_EBS",2007,6.98088038495355,2.62015350664914
"15","AFSC_GOA",2007,10.9287938967623,6.11811780309045
"16","AFSC_WCTri",2007,13.6423216539829,7.875625601389
"17","DFO_NewfoundlandFall",2007,5.56830515442377,2.23251518130797
"18","DFO_NewfoundlandSpring",2007,5.57436968851106,1.67713658960141
"19","DFO_ScotianShelf",2007,12.2164755164643,6.45098232890092
"20","DFO_SoGulf",2007,15.0000997057678,3.8128396710929
"21","NEFSC_NEUSFall",2007,16.6929075976587,12.4654124968082
"22","NEFSC_NEUSSpring",2007,6.67911376668539,7.68154508124615
"23","NWFSC_WCAnn",2007,14.2209314210009,6.59298724412331
"24","SEFSC_GOMex",2007,29.1695370489211,23.9561655872056
"25","AFSC_Aleutians",2008,7.08645200931075,4.56285491291283
"26","AFSC_EBS",2008,7.41358648783928,2.81979249014215
"27","AFSC_GOA",2008,11.1597376984695,6.25750727298114
"28","AFSC_WCTri",2008,13.4670729047839,7.90582237651114
"29","DFO_NewfoundlandFall",2008,5.60741121658653,2.20265426452209
"30","DFO_NewfoundlandSpring",2008,5.89293208948149,1.4991413789913
"31","DFO_ScotianShelf",2008,12.0223436452882,6.22436208736143
"32","DFO_SoGulf",2008,14.8621336263378,3.60323313646714
"33","NEFSC_NEUSFall",2008,16.5123437806186,12.2440255389293
"34","NEFSC_NEUSSpring",2008,6.13206322496877,7.11036888796439
"35","NWFSC_WCAnn",2008,14.061515006341,6.60016913926345
"36","SEFSC_GOMex",2008,29.0793144259059,23.864723351338
"37","AFSC_Aleutians",2009,7.1387065414608,4.64734874024063
"38","AFSC_EBS",2009,7.43307572730444,2.80153899668595
"39","AFSC_GOA",2009,11.1407167641708,6.24070807513528
"40","AFSC_WCTri",2009,13.5834999239011,7.90188031179903
"41","DFO_NewfoundlandFall",2009,5.57785225129695,2.20383603216273
"42","DFO_NewfoundlandSpring",2009,5.87635376126918,1.51872199858922
"43","DFO_ScotianShelf",2009,12.1572546196037,6.35608982775905
"44","DFO_SoGulf",2009,14.7487911472314,3.81030049201883
"45","NEFSC_NEUSFall",2009,16.2749826746163,12.2087205453639
"46","NEFSC_NEUSSpring",2009,6.49424973045557,7.28660732891083
"47","NWFSC_WCAnn",2009,14.169977912812,6.60646409441285
"48","SEFSC_GOMex",2009,29.0838448751959,23.8661176966329
"49","AFSC_Aleutians",2010,7.19737923869166,4.72772287923811
"50","AFSC_EBS",2010,7.38244342922966,2.73474957822247
"51","AFSC_GOA",2010,11.2460215441303,6.10124980124043
"52","AFSC_WCTri",2010,13.8357001497944,7.95156699338053
"53","DFO_NewfoundlandFall",2010,5.45888070563629,2.22058732718487
"54","DFO_NewfoundlandSpring",2010,5.6246442978914,1.61122183705274
"55","DFO_ScotianShelf",2010,12.1320144569409,6.45510922243644
"56","DFO_SoGulf",2010,14.6783351596971,3.84280885250488
"57","NEFSC_NEUSFall",2010,16.3665358164059,12.2431920415829
"58","NEFSC_NEUSSpring",2010,6.29097965317546,7.26816307760741
"59","NWFSC_WCAnn",2010,14.3863001759673,6.63567895153961
"60","SEFSC_GOMex",2010,29.1883555156758,23.8578347357777
"61","AFSC_Aleutians",2011,7.07838046759897,4.79738517108603
"62","AFSC_EBS",2011,7.51819964349483,2.97449306731915
"63","AFSC_GOA",2011,11.4894874946753,6.28563955775666
"64","AFSC_WCTri",2011,13.7388286163517,7.89101914632151
"65","DFO_NewfoundlandFall",2011,5.53841425923063,2.2671666767964
"66","DFO_NewfoundlandSpring",2011,6.08213160832521,1.58115484846908
"67","DFO_ScotianShelf",2011,12.2792687754616,6.41334845618852
"68","DFO_SoGulf",2011,14.8628367554216,3.80313231931742
"69","NEFSC_NEUSFall",2011,16.6457017493873,12.4231186807903
"70","NEFSC_NEUSSpring",2011,6.55391317011884,7.3502424362955
"71","NWFSC_WCAnn",2011,14.2873756125622,6.60299929372689
"72","SEFSC_GOMex",2011,29.0658879647743,23.7857901500951
"73","AFSC_Aleutians",2012,7.10165150504415,4.75019996008294
"74","AFSC_EBS",2012,7.15983040664305,2.62546022718295
"75","AFSC_GOA",2012,10.9573314882759,5.91027539913476
"76","AFSC_WCTri",2012,13.4957916036543,7.87804310311661
"77","DFO_NewfoundlandFall",2012,5.61263495410886,2.35627616975778
"78","DFO_NewfoundlandSpring",2012,6.18595495047651,1.79859693382801
"79","DFO_ScotianShelf",2012,12.3723583929319,6.55285612322777
"80","DFO_SoGulf",2012,14.6948080735883,3.89960535977838
"81","NEFSC_NEUSFall",2012,16.6016396981433,12.515951142964
"82","NEFSC_NEUSSpring",2012,6.80453193179107,7.62024731371975
"83","NWFSC_WCAnn",2012,14.1338667162723,6.59877304760599
"84","SEFSC_GOMex",2012,29.2360636965181,24.1656507961381
"85","AFSC_Aleutians",2013,7.14792821568924,4.69579761974107
"86","AFSC_EBS",2013,7.44399730926805,2.71235289721711
"87","AFSC_GOA",2013,11.3029201650802,6.09967094714422
"88","AFSC_WCTri",2013,13.7872704436811,7.92207633940217
"89","DFO_NewfoundlandFall",2013,5.58519031274591,2.32938228038043
"90","DFO_NewfoundlandSpring",2013,5.8220135832667,1.71006960657151
"91","DFO_ScotianShelf",2013,12.3495577454111,6.59826789930407
"92","DFO_SoGulf",2013,14.9189076797305,4.04981455903496
"93","NEFSC_NEUSFall",2013,16.6982480249001,12.5632142003944
"94","NEFSC_NEUSSpring",2013,6.70129495785243,7.55921086151957
"95","NWFSC_WCAnn",2013,14.3851385984721,6.63631980833159
"96","SEFSC_GOMex",2013,29.2152911656244,23.8988466319431
"97","AFSC_Aleutians",2014,7.2176660544811,4.67855553804255
"98","AFSC_EBS",2014,7.43735674157108,2.61829798309083
"99","AFSC_GOA",2014,11.3066421050301,6.03248285725361
"100","AFSC_WCTri",2014,13.7582722924914,7.91949470382075
"101","DFO_NewfoundlandFall",2014,5.50202347543189,2.30150742591999
"102","DFO_NewfoundlandSpring",2014,5.78495517892304,1.63834488978374
"103","DFO_ScotianShelf",2014,12.185970623893,6.41474442911423
"104","DFO_SoGulf",2014,14.9542900857394,3.80569712039162
"105","NEFSC_NEUSFall",2014,16.647464092761,12.4411315086353
"106","NEFSC_NEUSSpring",2014,6.60220332043696,7.43085649994686
"107","NWFSC_WCAnn",2014,14.3089815137809,6.62040330287957
"108","SEFSC_GOMex",2014,29.2827090619309,23.9863196832028
"109","AFSC_Aleutians",2015,7.04404401336331,4.62419236396416
"110","AFSC_EBS",2015,7.08921173593522,2.66605862247778
"111","AFSC_GOA",2015,11.0469433676759,6.08156807516415
"112","AFSC_WCTri",2015,13.7056119132564,7.85103306820881
"113","DFO_NewfoundlandFall",2015,5.604133142444,2.32122755067696
"114","DFO_NewfoundlandSpring",2015,5.8276352947667,1.70821868371155
"115","DFO_ScotianShelf",2015,12.0708098733219,6.34343870908357
"116","DFO_SoGulf",2015,15.0427741804249,3.79495800043679
"117","NEFSC_NEUSFall",2015,16.4856630315576,12.4300368807044
"118","NEFSC_NEUSSpring",2015,6.47831214789771,7.49620255970281
"119","NWFSC_WCAnn",2015,14.2935153902325,6.58986516066333
"120","SEFSC_GOMex",2015,29.3871733320521,24.0679543275864
"121","AFSC_Aleutians",2016,7.44130544072063,4.70477237062068
"122","AFSC_EBS",2016,7.70230576351932,2.77670698565587
"123","AFSC_GOA",2016,11.1654814827068,5.91431555716455
"124","AFSC_WCTri",2016,13.6050741669002,7.92705552155429
"125","DFO_NewfoundlandFall",2016,5.50257861235126,2.2117342994268
"126","DFO_NewfoundlandSpring",2016,5.65470683530663,1.35804913596392
"127","DFO_ScotianShelf",2016,11.875067325811,6.021236208232
"128","DFO_SoGulf",2016,14.7195849017311,3.65130912040738
"129","NEFSC_NEUSFall",2016,16.3851100089258,12.3277629470768
"130","NEFSC_NEUSSpring",2016,6.390557734694,7.43860498907963
"131","NWFSC_WCAnn",2016,14.2078648259731,6.6447159572085
"132","SEFSC_GOMex",2016,29.3705496079466,24.1881374072214
"133","AFSC_Aleutians",2017,7.01349190377513,4.65288435057203
"134","AFSC_EBS",2017,7.39732221882795,2.75253149918034
"135","AFSC_GOA",2017,11.2230346340129,6.25378948243001
"136","AFSC_WCTri",2017,13.6325403666303,7.98325091219813
"137","DFO_NewfoundlandFall",2017,5.6157596223982,2.32246949710011
"138","DFO_NewfoundlandSpring",2017,5.93156340417498,1.517334098749
"139","DFO_ScotianShelf",2017,11.9910104033363,6.11078227692774
"140","DFO_SoGulf",2017,14.5496469499965,3.7497489000506
"141","NEFSC_NEUSFall",2017,16.2613670832298,12.2413939980841
"142","NEFSC_NEUSSpring",2017,6.44977556913211,7.26856799370377
"143","NWFSC_WCAnn",2017,14.2118082138194,6.65246464888978
"144","SEFSC_GOMex",2017,29.3436391411218,24.1305354973918
"145","AFSC_Aleutians",2018,7.25105281290132,4.68563386934409
"146","AFSC_EBS",2018,7.61522115689738,2.94781806071351
"147","AFSC_GOA",2018,11.231229278316,6.17441378450239
"148","AFSC_WCTri",2018,13.6923138543642,7.87904985511092
"149","DFO_NewfoundlandFall",2018,5.63830909071389,2.43132697291533
"150","DFO_NewfoundlandSpring",2018,5.90135037405874,1.70397611296215
"151","DFO_ScotianShelf",2018,12.1131755999188,6.19514016767842
"152","DFO_SoGulf",2018,14.7896072892084,3.8811994791705
"153","NEFSC_NEUSFall",2018,16.4700420392446,12.2998182292035
"154","NEFSC_NEUSSpring",2018,6.44351156666189,7.35320489937229
"155","NWFSC_WCAnn",2018,14.2739468012989,6.60350676780714
"156","SEFSC_GOMex",2018,29.3811456950108,24.2487390874696
"157","AFSC_Aleutians",2019,7.23652081691552,4.71987056990634
"158","AFSC_EBS",2019,7.68378366936014,3.13706184405292
"159","AFSC_GOA",2019,11.0612207826888,6.27005613046679
"160","AFSC_WCTri",2019,13.6952787113677,7.89420540353681
"161","DFO_NewfoundlandFall",2019,5.63915230616084,2.4819617081405
"162","DFO_NewfoundlandSpring",2019,5.77968732059034,1.93557488396493
"163","DFO_ScotianShelf",2019,12.1533500204429,6.43052309973264
"164","DFO_SoGulf",2019,14.8997223325563,3.97843175372139
"165","NEFSC_NEUSFall",2019,16.4928436206822,12.3228936651265
"166","NEFSC_NEUSSpring",2019,6.3245811043666,7.34884692127329
"167","NWFSC_WCAnn",2019,14.3078303171123,6.61293015155135
"168","SEFSC_GOMex",2019,29.5117794736531,24.2738775407258
"169","AFSC_Aleutians",2020,7.32377462173284,4.72081588564506
"170","AFSC_EBS",2020,7.80048864276919,3.06938049655794
"171","AFSC_GOA",2020,11.2278763713053,6.2492374235807
"172","AFSC_WCTri",2020,13.747123333211,7.89921616315119
"173","DFO_NewfoundlandFall",2020,5.76398356759327,2.451986390137
"174","DFO_NewfoundlandSpring",2020,6.1091228596636,1.8906284949394
"175","DFO_ScotianShelf",2020,12.4157642636345,6.49596219856493
"176","DFO_SoGulf",2020,15.091817559159,3.99439562051824
"177","NEFSC_NEUSFall",2020,16.4465991640868,12.3434595838946
"178","NEFSC_NEUSSpring",2020,6.7016387133817,7.46457536187566
"179","NWFSC_WCAnn",2020,14.3295763594816,6.61475279404111
"180","SEFSC_GOMex",2020,29.4888385895146,24.2472583829826
"181","AFSC_Aleutians",2021,7.5117454948686,4.7272874458414
"182","AFSC_EBS",2021,7.86807612821628,3.20126854984384
"183","AFSC_GOA",2021,11.5484295975441,6.26470560975068
"184","AFSC_WCTri",2021,14.0243764425954,7.93676044557307
"185","DFO_NewfoundlandFall",2021,5.60025618731552,2.36921020860247
"186","DFO_NewfoundlandSpring",2021,6.01809717213831,1.59848220236002
"187","DFO_ScotianShelf",2021,12.4131975988286,6.47475679819085
"188","DFO_SoGulf",2021,15.1887278967711,3.9693098674786
"189","NEFSC_NEUSFall",2021,16.7375410660977,12.4985533958019
"190","NEFSC_NEUSSpring",2021,6.7061562436864,7.50658176688045
"191","NWFSC_WCAnn",2021,14.561879648208,6.64488223881678
"192","SEFSC_GOMex",2021,29.4285229601816,24.2719380772055
"193","AFSC_Aleutians",2022,7.3084086650892,4.72367519705605
"194","AFSC_EBS",2022,7.65442360184973,2.98910430715847
"195","AFSC_GOA",2022,11.2497874350889,6.28328351830053
"196","AFSC_WCTri",2022,14.0336283638702,7.99361330742284
"197","DFO_NewfoundlandFall",2022,5.58071020876675,2.32097868769865
"198","DFO_NewfoundlandSpring",2022,5.94609402197556,1.58871919365159
"199","DFO_ScotianShelf",2022,12.2913654910147,6.63280563280991
"200","DFO_SoGulf",2022,15.0423497349253,3.98056296630701
"201","NEFSC_NEUSFall",2022,16.8139998453192,12.6943546723347
"202","NEFSC_NEUSSpring",2022,6.61649244165298,7.64038880071967
"203","NWFSC_WCAnn",2022,14.6468476591043,6.68289559013035
"204","SEFSC_GOMex",2022,29.4497538225832,24.2490287643861
"205","AFSC_Aleutians",2023,7.40035924280863,4.75581063338141
"206","AFSC_EBS",2023,7.47771507575211,2.93816337406213
"207","AFSC_GOA",2023,11.22125271602,6.23806162665286
"208","AFSC_WCTri",2023,13.8677281833092,8.07218842770253
"209","DFO_NewfoundlandFall",2023,5.7604284215033,2.38297906773126
"210","DFO_NewfoundlandSpring",2023,6.49243112356243,1.87834564828265
"211","DFO_ScotianShelf",2023,12.5254090139333,6.82301014652848
"212","DFO_SoGulf",2023,15.0043295351095,4.0216189397741
"213","NEFSC_NEUSFall",2023,16.5191572715663,12.5417246490718
"214","NEFSC_NEUSSpring",2023,6.78993092909815,7.62837435497338
"215","NWFSC_WCAnn",2023,14.4371481023274,6.71368444726357
"216","SEFSC_GOMex",2023,29.4509222396066,24.174124127523
"217","AFSC_Aleutians",2024,7.54301998172525,4.86769402584699
"218","AFSC_EBS",2024,8.02948538408627,3.27786404222909
"219","AFSC_GOA",2024,11.5944412096154,6.32491509024347
"220","AFSC_WCTri",2024,14.1316503787772,8.09050643347515
"221","DFO_NewfoundlandFall",2024,5.70345188474005,2.40554731412643
"222","DFO_NewfoundlandSpring",2024,6.27612425327937,1.83713593057348
"223","DFO_ScotianShelf",2024,12.4016420201441,6.60698472797407
"224","DFO_SoGulf",2024,15.1747470325456,4.1318728115843
"225","NEFSC_NEUSFall",2024,16.693859546056,12.5016928894334
"226","NEFSC_NEUSSpring",2024,6.51335188637825,7.37411096455677
"227","NWFSC_WCAnn",2024,14.6591613785612,6.71983885961808
"228","SEFSC_GOMex",2024,29.5668995766726,24.2215851202129
"229","AFSC_Aleutians",2025,7.49509667496953,4.9005858202921
"230","AFSC_EBS",2025,7.80875009735327,3.17208180311958
"231","AFSC_GOA",2025,11.5290800214697,6.42151162782314
"232","AFSC_WCTri",2025,14.0799015686962,8.05462830115825
"233","DFO_NewfoundlandFall",2025,5.76500975670825,2.42779846887052
"234","DFO_NewfoundlandSpring",2025,6.1916082552066,1.74636625754645
"235","DFO_ScotianShelf",2025,12.4252214918875,6.52858636807191
"236","DFO_SoGulf",2025,15.3757968858281,4.14787624668016
"237","NEFSC_NEUSFall",2025,17.019600106085,12.8266741218823
"238","NEFSC_NEUSSpring",2025,6.81584951295429,7.7669373103034
"239","NWFSC_WCAnn",2025,14.5999803343611,6.68907202618858
"240","SEFSC_GOMex",2025,29.6478654353789,24.2976220253271
"241","AFSC_Aleutians",2026,7.51569514812389,4.92087639657956
"242","AFSC_EBS",2026,7.44000521321493,2.81158761837102
"243","AFSC_GOA",2026,11.2924682114983,6.31759776454478
"244","AFSC_WCTri",2026,13.9690203686542,8.0194981932194
"245","DFO_NewfoundlandFall",2026,5.76650630465229,2.45371473839607
"246","DFO_NewfoundlandSpring",2026,5.85571601759997,1.71065388532526
"247","DFO_ScotianShelf",2026,12.5889660129664,6.84868149039775
"248","DFO_SoGulf",2026,15.4532839329724,4.21704404381638
"249","NEFSC_NEUSFall",2026,17.1536059800214,12.8969537333184
"250","NEFSC_NEUSSpring",2026,6.92106641254536,7.90360568682507
"251","NWFSC_WCAnn",2026,14.6054221955136,6.69282160815039
"252","SEFSC_GOMex",2026,29.566744738153,24.3877355795237
"253","AFSC_Aleutians",2027,7.55256554663658,4.91804935817201
"254","AFSC_EBS",2027,7.63627515799674,3.18709308714499
"255","AFSC_GOA",2027,11.3722298406248,6.53016638887687
"256","AFSC_WCTri",2027,14.0319258269792,8.06900344701665
"257","DFO_NewfoundlandFall",2027,5.66538080063638,2.50028636685084
"258","DFO_NewfoundlandSpring",2027,6.00048419610454,1.87958874081892
"259","DFO_ScotianShelf",2027,12.5112878927757,6.78922558133956
"260","DFO_SoGulf",2027,15.1395107610682,4.13423105908838
"261","NEFSC_NEUSFall",2027,16.852093156384,12.7183041122394
"262","NEFSC_NEUSSpring",2027,7.16344247016897,7.85681477736209
"263","NWFSC_WCAnn",2027,14.6321228494706,6.72168965146629
"264","SEFSC_GOMex",2027,29.5878624855329,24.3747356310618
"265","AFSC_Aleutians",2028,7.83732491250956,4.95180512099342
"266","AFSC_EBS",2028,8.21730133103265,3.41207849662219
"267","AFSC_GOA",2028,11.8054720000786,6.47968185535355
"268","AFSC_WCTri",2028,14.1320114667133,8.14322272678339
"269","DFO_NewfoundlandFall",2028,5.80648552763836,2.53592225824654
"270","DFO_NewfoundlandSpring",2028,6.17712918813469,1.99201031102462
"271","DFO_ScotianShelf",2028,12.6950008048343,6.87505294738236
"272","DFO_SoGulf",2028,15.3774266002433,4.26641859259559
"273","NEFSC_NEUSFall",2028,16.9943685048102,12.8139125386147
"274","NEFSC_NEUSSpring",2028,6.85829121983911,7.68094537576913
"275","NWFSC_WCAnn",2028,14.7056365105674,6.76527834860864
"276","SEFSC_GOMex",2028,29.6191759671236,24.335563079258
"277","AFSC_Aleutians",2029,7.77427991453095,4.96598464088236
"278","AFSC_EBS",2029,8.1833344763654,3.22748696860556
"279","AFSC_GOA",2029,11.6459867150293,6.31045347366586
"280","AFSC_WCTri",2029,14.0867819872089,8.12279713900679
"281","DFO_NewfoundlandFall",2029,5.61236789481022,2.43976665533968
"282","DFO_NewfoundlandSpring",2029,5.74679489597254,1.76438363773158
"283","DFO_ScotianShelf",2029,12.3298479638114,6.48239827879245
"284","DFO_SoGulf",2029,15.080121220498,3.99930298055195
"285","NEFSC_NEUSFall",2029,16.6666427207477,12.564389831393
"286","NEFSC_NEUSSpring",2029,6.69438669882006,7.51887933517998
"287","NWFSC_WCAnn",2029,14.7037035851606,6.74029221931909
"288","SEFSC_GOMex",2029,29.7367527177676,24.4126534820791
"289","AFSC_Aleutians",2030,7.7408927697366,5.01548739900972
"290","AFSC_EBS",2030,8.14073969115988,3.37061356293103
"291","AFSC_GOA",2030,11.4726715735597,6.41871331391615
"292","AFSC_WCTri",2030,14.265318341649,8.14994758875046
"293","DFO_NewfoundlandFall",2030,5.67301016050097,2.42031274296305
"294","DFO_NewfoundlandSpring",2030,6.01076553296973,1.80081067354489
"295","DFO_ScotianShelf",2030,12.4411634173387,6.57456471058188
"296","DFO_SoGulf",2030,15.0580577152209,3.87991995865916
"297","NEFSC_NEUSFall",2030,16.9630887463656,12.5489298633204
"298","NEFSC_NEUSSpring",2030,6.7774673729747,7.54890457485491
"299","NWFSC_WCAnn",2030,14.8285589958116,6.76699515930626
"300","SEFSC_GOMex",2030,29.619878329229,24.4309575833741
"301","AFSC_Aleutians",2031,8.00891488898197,5.06094661938814
"302","AFSC_EBS",2031,8.34966710259727,3.31746091707252
"303","AFSC_GOA",2031,11.9461479671616,6.4790436999137
"304","AFSC_WCTri",2031,14.1341502695528,8.14717299435164
"305","DFO_NewfoundlandFall",2031,5.72204111594185,2.47565294931506
"306","DFO_NewfoundlandSpring",2031,6.19829883853056,1.9493847873558
"307","DFO_ScotianShelf",2031,12.5442678657868,6.40196420983712
"308","DFO_SoGulf",2031,15.4666401619252,4.13534683024489
"309","NEFSC_NEUSFall",2031,16.8775467565889,12.5212035418114
"310","NEFSC_NEUSSpring",2031,6.82357038948981,7.42897623988832
"311","NWFSC_WCAnn",2031,14.6290172263042,6.76730628825372
"312","SEFSC_GOMex",2031,29.6082986451016,24.3627726330507
"313","AFSC_Aleutians",2032,7.90093896527515,5.12656022387622
"314","AFSC_EBS",2032,8.08759050491378,3.18372936057413
"315","AFSC_GOA",2032,11.8585002699287,6.63054332975799
"316","AFSC_WCTri",2032,14.1847777937546,8.14624087024264
"317","DFO_NewfoundlandFall",2032,5.80445231168768,2.49758883336211
"318","DFO_NewfoundlandSpring",2032,5.96683932570028,1.87899654921275
"319","DFO_ScotianShelf",2032,12.4570463484143,6.61416445509522
"320","DFO_SoGulf",2032,15.079326250605,4.10672651449098
"321","NEFSC_NEUSFall",2032,16.8989834265507,12.7383214430506
"322","NEFSC_NEUSSpring",2032,6.69029058363037,7.66780840503812
"323","NWFSC_WCAnn",2032,14.7890789763924,6.76426062712861
"324","SEFSC_GOMex",2032,29.7178250426658,24.3827505471925
"325","AFSC_Aleutians",2033,7.954693853576,5.07624814566472
"326","AFSC_EBS",2033,7.84920282326657,3.04916485180952
"327","AFSC_GOA",2033,11.5620308334322,6.45686008985277
"328","AFSC_WCTri",2033,14.0492708196914,8.18241883215597
"329","DFO_NewfoundlandFall",2033,5.97478073340785,2.5558361173627
"330","DFO_NewfoundlandSpring",2033,6.3791925079062,1.93458667045545
"331","DFO_ScotianShelf",2033,12.9618257694038,6.98553389505606
"332","DFO_SoGulf",2033,15.610905908255,4.34016642040928
"333","NEFSC_NEUSFall",2033,17.33312981012,13.0198217815591
"334","NEFSC_NEUSSpring",2033,7.04615540289524,8.00863123939548
"335","NWFSC_WCAnn",2033,14.6413456315141,6.78859568897292
"336","SEFSC_GOMex",2033,29.718518881502,24.5070432778363
"337","AFSC_Aleutians",2034,7.60014708733316,5.00283643848963
"338","AFSC_EBS",2034,7.64904317202245,2.99320332646697
"339","AFSC_GOA",2034,11.4592976993707,6.49663897025906
"340","AFSC_WCTri",2034,14.0635909471654,8.1147452960404
"341","DFO_NewfoundlandFall",2034,6.02443688328253,2.61635726288744
"342","DFO_NewfoundlandSpring",2034,6.44099096350115,2.04571891963776
"343","DFO_ScotianShelf",2034,13.0294359667561,6.94114615437844
"344","DFO_SoGulf",2034,15.8200588188565,4.38139204729585
"345","NEFSC_NEUSFall",2034,17.303687107361,12.8085539356587
"346","NEFSC_NEUSSpring",2034,7.0456547325708,7.86969071408372
"347","NWFSC_WCAnn",2034,14.6624017239689,6.74834754870248
"348","SEFSC_GOMex",2034,29.7557616551153,24.4173029631037
"349","AFSC_Aleutians",2035,7.83898025096702,5.00231715774905
"350","AFSC_EBS",2035,7.74500422563158,3.07425038631721
"351","AFSC_GOA",2035,11.2608568671231,6.32417042826919
"352","AFSC_WCTri",2035,13.9645319168592,8.1188633617189
"353","DFO_NewfoundlandFall",2035,6.02527732444731,2.61900935181243
"354","DFO_NewfoundlandSpring",2035,6.58098566957017,2.08015632812261
"355","DFO_ScotianShelf",2035,13.1462713437439,7.16062553127576
"356","DFO_SoGulf",2035,15.9113963024009,4.54923659058397
"357","NEFSC_NEUSFall",2035,17.349082925339,13.0212130080278
"358","NEFSC_NEUSSpring",2035,7.36949756816356,8.09970832240464
"359","NWFSC_WCAnn",2035,14.5921403033172,6.77341624463416
"360","SEFSC_GOMex",2035,29.9108384687464,24.6383609355323
"361","AFSC_Aleutians",2036,7.74395697395476,4.97477184642517
"362","AFSC_EBS",2036,7.95536924885975,3.15524079986161
"363","AFSC_GOA",2036,11.7494121743652,6.47326143538569
"364","AFSC_WCTri",2036,14.0486399315783,8.09523099055494
"365","DFO_NewfoundlandFall",2036,5.87449698523113,2.6543290100182
"366","DFO_NewfoundlandSpring",2036,6.21581126722043,2.19507542275205
"367","DFO_ScotianShelf",2036,12.8360589259566,7.02989872835241
"368","DFO_SoGulf",2036,15.6304369616767,4.43587521980644
"369","NEFSC_NEUSFall",2036,17.1116958099971,12.9809239573701
"370","NEFSC_NEUSSpring",2036,7.14421081957593,7.94320827666499
"371","NWFSC_WCAnn",2036,14.6740054356214,6.75225318770582
"372","SEFSC_GOMex",2036,29.9103911689896,24.6350506843052
"373","AFSC_Aleutians",2037,7.79227713294863,5.02253603668182
"374","AFSC_EBS",2037,8.14375842744042,3.54569361452119
"375","AFSC_GOA",2037,11.8910338221748,6.6993144675622
"376","AFSC_WCTri",2037,14.1520101246451,8.11639365248893
"377","DFO_NewfoundlandFall",2037,5.92023843175465,2.66068165671811
"378","DFO_NewfoundlandSpring",2037,6.32855043789445,2.15554115642655
"379","DFO_ScotianShelf",2037,12.7810364331132,6.95163290442665
"380","DFO_SoGulf",2037,15.4627365170614,4.32919370065556
"381","NEFSC_NEUSFall",2037,17.099983451165,12.856290655073
"382","NEFSC_NEUSSpring",2037,7.07067694958785,7.78505235644689
"383","NWFSC_WCAnn",2037,14.7186654510004,6.76057945286265
"384","SEFSC_GOMex",2037,29.576597086957,24.215632486847
"385","AFSC_Aleutians",2038,7.73672657728089,5.01317276063985
"386","AFSC_EBS",2038,8.32236314989661,3.61896387472305
"387","AFSC_GOA",2038,11.619312536433,6.61346212370176
"388","AFSC_WCTri",2038,14.0297442992321,8.10389739140332
"389","DFO_NewfoundlandFall",2038,5.83232760967818,2.66397554767381
"390","DFO_NewfoundlandSpring",2038,6.42597057700528,2.13456992029792
"391","DFO_ScotianShelf",2038,13.1647763140596,7.19149659136505
"392","DFO_SoGulf",2038,15.9620742469929,4.52666063726778
"393","NEFSC_NEUSFall",2038,17.5724387282046,12.98640313393
"394","NEFSC_NEUSSpring",2038,7.4339791002943,8.00029864191235
"395","NWFSC_WCAnn",2038,14.6316598506593,6.75231952406482
"396","SEFSC_GOMex",2038,29.9647179057707,24.7272758594604
"397","AFSC_Aleutians",2039,7.81184352261105,5.07038798684066
"398","AFSC_EBS",2039,7.90746713494248,3.4387855019649
"399","AFSC_GOA",2039,11.6294590733547,6.55508393063864
"400","AFSC_WCTri",2039,14.2116137539084,8.192991365639
"401","DFO_NewfoundlandFall",2039,5.85440318374154,2.69371524741196
"402","DFO_NewfoundlandSpring",2039,6.29428068435422,2.19047985829964
"403","DFO_ScotianShelf",2039,12.9787557838024,7.27954972128781
"404","DFO_SoGulf",2039,15.483790158385,4.53259655020326
"405","NEFSC_NEUSFall",2039,17.3423731290794,13.094497079618
"406","NEFSC_NEUSSpring",2039,7.44276105954279,8.13084067333975
"407","NWFSC_WCAnn",2039,14.7721548846621,6.81466532301396
"408","SEFSC_GOMex",2039,29.899140128005,24.7011011830372
"409","AFSC_Aleutians",2040,7.81599508805756,5.08578639339608
"410","AFSC_EBS",2040,8.13500322875259,3.4589640334505
"411","AFSC_GOA",2040,12.0436548534519,6.71369044681767
"412","AFSC_WCTri",2040,14.3661417223304,8.19516123963228
"413","DFO_NewfoundlandFall",2040,5.91654906420807,2.72704022871338
"414","DFO_NewfoundlandSpring",2040,6.53428519691012,2.24803618691167
"415","DFO_ScotianShelf",2040,13.0691808166033,7.22027251855983
"416","DFO_SoGulf",2040,15.6981555312711,4.70712904080254
"417","NEFSC_NEUSFall",2040,17.5507721104916,13.1370884943937
"418","NEFSC_NEUSSpring",2040,7.24636963669966,8.02413504521087
"419","NWFSC_WCAnn",2040,14.9232736321908,6.81328825301502
"420","SEFSC_GOMex",2040,30.0702373979442,24.7177394710698
"421","AFSC_Aleutians",2041,7.83657145834396,5.19000689793062
"422","AFSC_EBS",2041,8.17028648820393,3.52002850528904
"423","AFSC_GOA",2041,11.6951777966655,6.59475623136368
"424","AFSC_WCTri",2041,14.0865237375402,8.16870678729501
"425","DFO_NewfoundlandFall",2041,6.10182087763085,2.6865431673204
"426","DFO_NewfoundlandSpring",2041,6.32922575667076,2.19091782579709
"427","DFO_ScotianShelf",2041,13.1020721838021,7.40387271734767
"428","DFO_SoGulf",2041,15.9015227227776,4.70404635410241
"429","NEFSC_NEUSFall",2041,17.3146867755767,13.0816021231149
"430","NEFSC_NEUSSpring",2041,7.39118638045491,8.22363077201146
"431","NWFSC_WCAnn",2041,14.7265331793078,6.78972644006189
"432","SEFSC_GOMex",2041,30.077998106884,24.6440245913808
"433","AFSC_Aleutians",2042,7.93968968468873,5.15574558597108
"434","AFSC_EBS",2042,8.19682251185251,3.49928002372307
"435","AFSC_GOA",2042,11.9279249768497,6.60589121597677
"436","AFSC_WCTri",2042,13.947111031673,8.16453189157741
"437","DFO_NewfoundlandFall",2042,6.1473708428945,2.73075505320323
"438","DFO_NewfoundlandSpring",2042,6.55108580917862,2.26599488394234
"439","DFO_ScotianShelf",2042,13.2941846779615,7.30972703950684
"440","DFO_SoGulf",2042,15.7159208975222,4.77366333444689
"441","NEFSC_NEUSFall",2042,17.3889066724453,13.0021451722083
"442","NEFSC_NEUSSpring",2042,7.44159125274451,7.92356342651968
"443","NWFSC_WCAnn",2042,14.537793104346,6.80657005756764
"444","SEFSC_GOMex",2042,29.8958726392416,24.5863854206027
"445","AFSC_Aleutians",2043,7.91698822924078,5.09053142826258
"446","AFSC_EBS",2043,8.35431305931626,3.3594280977822
"447","AFSC_GOA",2043,11.9253294042571,6.59741083392475
"448","AFSC_WCTri",2043,14.098873381245,8.19317867005039
"449","DFO_NewfoundlandFall",2043,6.28963940844459,2.78835471220539
"450","DFO_NewfoundlandSpring",2043,6.63600906293437,2.22546275602446
"451","DFO_ScotianShelf",2043,13.3382159474639,7.32336679151093
"452","DFO_SoGulf",2043,16.0767725344928,4.90626292825123
"453","NEFSC_NEUSFall",2043,17.4035827606969,13.0638154126286
"454","NEFSC_NEUSSpring",2043,7.44283331622008,8.05749594730315
"455","NWFSC_WCAnn",2043,14.7994983289056,6.82854843854199
"456","SEFSC_GOMex",2043,29.9784642478085,24.6815551582217
"457","AFSC_Aleutians",2044,7.85713293385656,5.13561816428549
"458","AFSC_EBS",2044,8.36566788455212,3.50863553733645
"459","AFSC_GOA",2044,11.8619194631689,6.6569083168075
"460","AFSC_WCTri",2044,14.4501818933304,8.22902783454967
"461","DFO_NewfoundlandFall",2044,6.1525069182412,2.8311816202046
"462","DFO_NewfoundlandSpring",2044,6.85940378218109,2.42848125404004
"463","DFO_ScotianShelf",2044,13.1118459081279,7.30383697050372
"464","DFO_SoGulf",2044,15.8842707173142,4.88188913143184
"465","NEFSC_NEUSFall",2044,17.4110698951518,13.057650221987
"466","NEFSC_NEUSSpring",2044,7.19938489499239,8.00590197649979
"467","NWFSC_WCAnn",2044,15.0471190505751,6.83907203453089
"468","SEFSC_GOMex",2044,29.9021683363283,24.6290664390655
"469","AFSC_Aleutians",2045,8.03421500873811,5.16906085696519
"470","AFSC_EBS",2045,8.46784502235442,3.63041478030023
"471","AFSC_GOA",2045,11.9219593685331,6.78180234491979
"472","AFSC_WCTri",2045,14.153693011434,8.16995048300293
"473","DFO_NewfoundlandFall",2045,6.20628690191829,2.7797111916244
"474","DFO_NewfoundlandSpring",2045,6.66254531278874,2.20337877701707
"475","DFO_ScotianShelf",2045,13.1452271502396,7.18745165735337
"476","DFO_SoGulf",2045,16.0883738939194,4.87639647146469
"477","NEFSC_NEUSFall",2045,17.3180454679783,12.9874954142694
"478","NEFSC_NEUSSpring",2045,7.36460467861632,8.0220251265568
"479","NWFSC_WCAnn",2045,14.7174158877925,6.80123895959365
"480","SEFSC_GOMex",2045,30.1141146874487,24.8363649233172
"481","AFSC_Aleutians",2046,7.99574397865466,5.09049892855235
"482","AFSC_EBS",2046,7.87611585160075,3.13839916217774
"483","AFSC_GOA",2046,11.692812473808,6.59196580740645
"484","AFSC_WCTri",2046,14.2296774449344,8.20821894339901
"485","DFO_NewfoundlandFall",2046,6.20810756449294,2.86261900302176
"486","DFO_NewfoundlandSpring",2046,6.85854807169624,2.44781836093942
"487","DFO_ScotianShelf",2046,13.2907215239288,7.17056331809262
"488","DFO_SoGulf",2046,16.1254919392043,4.84965478237825
"489","NEFSC_NEUSFall",2046,17.4963666354038,13.0738556612329
"490","NEFSC_NEUSSpring",2046,7.28934542586671,7.90210816976359
"491","NWFSC_WCAnn",2046,14.8073537547229,6.82113304458715
"492","SEFSC_GOMex",2046,29.8081229410768,24.5573018932314
"493","AFSC_Aleutians",2047,7.99096033644978,5.11821573649651
"494","AFSC_EBS",2047,8.05500078985663,3.38650374087445
"495","AFSC_GOA",2047,11.6723628323558,6.62272818881365
"496","AFSC_WCTri",2047,14.2901982265333,8.21973379909373
"497","DFO_NewfoundlandFall",2047,6.28249683980324,2.96297711433731
"498","DFO_NewfoundlandSpring",2047,6.83901478285247,2.59930356808063
"499","DFO_ScotianShelf",2047,13.4626822589735,7.50395386509412
"500","DFO_SoGulf",2047,16.1597994416789,4.94791107003689
"501","NEFSC_NEUSFall",2047,17.6418490234288,13.1917623974244
"502","NEFSC_NEUSSpring",2047,7.49808562755172,8.18679844230206
"503","NWFSC_WCAnn",2047,14.8596966110383,6.83365237623507
"504","SEFSC_GOMex",2047,29.9612047376328,24.7076553619786
"505","AFSC_Aleutians",2048,7.99498064983152,5.21308817070317
"506","AFSC_EBS",2048,8.40978364128757,3.77934444711483
"507","AFSC_GOA",2048,11.8131458974465,6.7647270850886
"508","AFSC_WCTri",2048,14.4605324290456,8.23535626757742
"509","DFO_NewfoundlandFall",2048,6.15088680416948,2.90902746530047
"510","DFO_NewfoundlandSpring",2048,6.49622994467371,2.31966559392772
"511","DFO_ScotianShelf",2048,13.3796510428801,7.41449988294124
"512","DFO_SoGulf",2048,16.022633341398,4.92170144260799
"513","NEFSC_NEUSFall",2048,17.4694186491242,13.1396955327705
"514","NEFSC_NEUSSpring",2048,7.57146400382622,8.24823620860923
"515","NWFSC_WCAnn",2048,15.0852932724379,6.84566479510438
"516","SEFSC_GOMex",2048,30.0411750520946,24.8537312472128
"517","AFSC_Aleutians",2049,8.08190136707948,5.22302729655236
"518","AFSC_EBS",2049,8.54953626789884,3.79960098964986
"519","AFSC_GOA",2049,12.1099129784344,6.83468487773904
"520","AFSC_WCTri",2049,14.6498334526854,8.30627531759162
"521","DFO_NewfoundlandFall",2049,6.09769111025811,2.96901935148005
"522","DFO_NewfoundlandSpring",2049,6.36739716896271,2.55834148156662
"523","DFO_ScotianShelf",2049,13.0552305842014,7.30580340334033
"524","DFO_SoGulf",2049,15.652601325154,4.76747633906891
"525","NEFSC_NEUSFall",2049,17.1806354549848,12.9322420535899
"526","NEFSC_NEUSSpring",2049,7.20419735655472,7.80740891947275
"527","NWFSC_WCAnn",2049,15.2510954694955,6.89667212060404
"528","SEFSC_GOMex",2049,29.9738615523544,24.5767600727871
"529","AFSC_Aleutians",2050,8.00347297636747,5.21679658064561
"530","AFSC_EBS",2050,8.4278323608127,3.74386710567251
"531","AFSC_GOA",2050,11.8869068369439,6.80576815275627
"532","AFSC_WCTri",2050,14.4576142882574,8.32214593326834
"533","DFO_NewfoundlandFall",2050,6.0737043789946,2.88519635281186
"534","DFO_NewfoundlandSpring",2050,6.44658138729168,2.19717577479573
"535","DFO_ScotianShelf",2050,13.0154047353477,7.26027341191606
"536","DFO_SoGulf",2050,15.7803906598608,4.93025137495133
"537","NEFSC_NEUSFall",2050,17.0534963377842,12.8741238079619
"538","NEFSC_NEUSSpring",2050,7.41318557675904,7.99937543784469
"539","NWFSC_WCAnn",2050,15.0984808165258,6.91588425159735
"540","SEFSC_GOMex",2050,30.1291068433431,24.7560245937757
"541","AFSC_Aleutians",2051,8.19066629045046,5.21682062693418
"542","AFSC_EBS",2051,8.93035341571124,3.93653983009602
"543","AFSC_GOA",2051,12.4101429159835,6.91857711800348
"544","AFSC_WCTri",2051,14.643865517937,8.41647515677804
"545","DFO_NewfoundlandFall",2051,6.19295220103216,2.87687372702484
"546","DFO_NewfoundlandSpring",2051,6.78493693042885,2.29288909150333
"547","DFO_ScotianShelf",2051,13.1111509897483,7.10865021576717
"548","DFO_SoGulf",2051,16.2647843987317,4.95290428627916
"549","NEFSC_NEUSFall",2051,17.4565395151823,13.139816952352
"550","NEFSC_NEUSSpring",2051,7.1693078910026,8.09160592488162
"551","NWFSC_WCAnn",2051,15.2279891390221,6.96062558712384
"552","SEFSC_GOMex",2051,30.0394202947006,24.6596296551806
"553","AFSC_Aleutians",2052,8.08569414723025,5.23167347682991
"554","AFSC_EBS",2052,8.59470437003594,3.89876430423456
"555","AFSC_GOA",2052,12.0628156461918,7.00804274801713
"556","AFSC_WCTri",2052,14.6744114703287,8.38820080336184
"557","DFO_NewfoundlandFall",2052,6.36662896501542,2.96049931503861
"558","DFO_NewfoundlandSpring",2052,6.7113924335444,2.37423695090885
"559","DFO_ScotianShelf",2052,13.1723883802479,7.3172544297109
"560","DFO_SoGulf",2052,16.096739181785,4.82553163746903
"561","NEFSC_NEUSFall",2052,17.445274555753,13.2612044329245
"562","NEFSC_NEUSSpring",2052,7.34837628556905,8.28647829155895
"563","NWFSC_WCAnn",2052,15.2498864121744,6.92665882267551
"564","SEFSC_GOMex",2052,30.0753738192504,24.6772553229401
"565","AFSC_Aleutians",2053,8.09872179786564,5.19779553651474
"566","AFSC_EBS",2053,8.67503570830269,3.77440343792528
"567","AFSC_GOA",2053,12.1905244041171,6.98112082774543
"568","AFSC_WCTri",2053,14.6270905367327,8.32597646210941
"569","DFO_NewfoundlandFall",2053,6.24900890963702,2.98765162479678
"570","DFO_NewfoundlandSpring",2053,6.61870681683069,2.44603792288583
"571","DFO_ScotianShelf",2053,13.2966012331831,7.44057993129578
"572","DFO_SoGulf",2053,16.2830216517503,4.92696299691875
"573","NEFSC_NEUSFall",2053,17.6903507917631,13.4261806788254
"574","NEFSC_NEUSSpring",2053,7.35008813563025,8.38175440891972
"575","NWFSC_WCAnn",2053,15.2418954856364,6.88756073416571
"576","SEFSC_GOMex",2053,30.080718558162,24.8443507036634
"577","AFSC_Aleutians",2054,8.05536396844447,5.19237427919616
"578","AFSC_EBS",2054,8.16295512844999,3.39858687136469
"579","AFSC_GOA",2054,11.7836145883149,6.81968088752678
"580","AFSC_WCTri",2054,14.443266490133,8.30268814621666
"581","DFO_NewfoundlandFall",2054,5.97483072552355,2.93729585748985
"582","DFO_NewfoundlandSpring",2054,6.29947812331272,2.3680185991724
"583","DFO_ScotianShelf",2054,13.1129290176691,7.48164692416893
"584","DFO_SoGulf",2054,15.9353583383122,4.95759563109652
"585","NEFSC_NEUSFall",2054,17.4428097918283,13.3445891027474
"586","NEFSC_NEUSSpring",2054,7.45815136218424,8.44584066421701
"587","NWFSC_WCAnn",2054,15.1142389057973,6.91348353628132
"588","SEFSC_GOMex",2054,30.0923081004851,24.8239286279158
"589","AFSC_Aleutians",2055,8.26332757140313,5.1888680371433
"590","AFSC_EBS",2055,8.36805700241164,3.45048574635309
"591","AFSC_GOA",2055,12.0254210202274,6.81214755823641
"592","AFSC_WCTri",2055,14.7756092948753,8.37818280182044
"593","DFO_NewfoundlandFall",2055,6.2402804622642,3.06733815626853
"594","DFO_NewfoundlandSpring",2055,6.97760224963136,2.67383332848139
"595","DFO_ScotianShelf",2055,13.4123856896145,7.60512258781306
"596","DFO_SoGulf",2055,16.1441843224239,5.16078127305604
"597","NEFSC_NEUSFall",2055,17.5860984694422,13.3076146959683
"598","NEFSC_NEUSSpring",2055,7.49967416909156,8.26740309142553
"599","NWFSC_WCAnn",2055,15.3403840113043,6.9462309771909
"600","SEFSC_GOMex",2055,30.1059632376396,24.9189693626342
"601","AFSC_Aleutians",2056,8.19279838064136,5.21645142049304
"602","AFSC_EBS",2056,8.71408348555564,3.87365994533227
"603","AFSC_GOA",2056,12.1853355132251,7.01093257150607
"604","AFSC_WCTri",2056,14.4248014751397,8.32345930310285
"605","DFO_NewfoundlandFall",2056,6.24363734444703,3.06074780757763
"606","DFO_NewfoundlandSpring",2056,6.87499410291173,2.56755326772897
"607","DFO_ScotianShelf",2056,13.3951321376971,7.64593591066729
"608","DFO_SoGulf",2056,16.1831936574444,5.20730885765177
"609","NEFSC_NEUSFall",2056,17.5476662001866,13.3944695294618
"610","NEFSC_NEUSSpring",2056,7.50582677503891,8.40928030633277
"611","NWFSC_WCAnn",2056,14.9474708220776,6.89672677338676
"612","SEFSC_GOMex",2056,30.3707687309679,24.9860041936524
"613","AFSC_Aleutians",2057,8.32852655363727,5.26180101885705
"614","AFSC_EBS",2057,8.51204583112989,3.65021040747864
"615","AFSC_GOA",2057,12.0185849818624,6.88450237873764
"616","AFSC_WCTri",2057,14.5305038806574,8.32092302996015
"617","DFO_NewfoundlandFall",2057,6.3023594404622,3.10351289350405
"618","DFO_NewfoundlandSpring",2057,6.96161151622419,2.76604439129362
"619","DFO_ScotianShelf",2057,13.4792913553489,7.75998259355748
"620","DFO_SoGulf",2057,16.1324298417729,5.13870428714065
"621","NEFSC_NEUSFall",2057,17.6499066626278,13.4625361634461
"622","NEFSC_NEUSSpring",2057,7.53439581354465,8.49710614121255
"623","NWFSC_WCAnn",2057,15.0475187224624,6.90400830800396
"624","SEFSC_GOMex",2057,30.1892461400147,24.9351674534699
"625","AFSC_Aleutians",2058,8.32318592727592,5.22211232389514
"626","AFSC_EBS",2058,8.46181014732302,3.7443116571044
"627","AFSC_GOA",2058,12.3011299201359,7.00961560359637
"628","AFSC_WCTri",2058,14.722163458278,8.40037797130737
"629","DFO_NewfoundlandFall",2058,6.43575494340844,3.15757467528923
"630","DFO_NewfoundlandSpring",2058,6.94752544971807,2.83273443869722
"631","DFO_ScotianShelf",2058,13.5442903494473,7.77307483114306
"632","DFO_SoGulf",2058,16.2899295152776,5.05755734489006
"633","NEFSC_NEUSFall",2058,17.5748997660442,13.2312275380447
"634","NEFSC_NEUSSpring",2058,7.31088600673969,8.1888432246352
"635","NWFSC_WCAnn",2058,15.2974068703902,6.95655497351356
"636","SEFSC_GOMex",2058,30.3030305150536,24.9397900548406
"637","AFSC_Aleutians",2059,8.27396043182885,5.28516374770467
"638","AFSC_EBS",2059,8.77074713341593,3.97027312409481
"639","AFSC_GOA",2059,12.3230656358758,7.04953756232543
"640","AFSC_WCTri",2059,14.686729615307,8.42140652548472
"641","DFO_NewfoundlandFall",2059,6.39311954580281,3.16276585656143
"642","DFO_NewfoundlandSpring",2059,6.53309733032738,2.85886829549294
"643","DFO_ScotianShelf",2059,13.3770473384725,7.53550839559362
"644","DFO_SoGulf",2059,16.5635116606031,5.22231571063142
"645","NEFSC_NEUSFall",2059,17.5823804420461,13.1212430553356
"646","NEFSC_NEUSSpring",2059,7.36392530340527,8.04139659908618
"647","NWFSC_WCAnn",2059,15.2474716070314,6.97818991855908
"648","SEFSC_GOMex",2059,30.2363762516518,24.8582881905307
"649","AFSC_Aleutians",2060,8.42074214883037,5.31824371756711
"650","AFSC_EBS",2060,9.05656715165973,4.12180025688201
"651","AFSC_GOA",2060,12.4780846745628,7.14528705007506
"652","AFSC_WCTri",2060,14.8392970609705,8.43861063812431
"653","DFO_NewfoundlandFall",2060,6.23372908467599,3.08101967697751
"654","DFO_NewfoundlandSpring",2060,6.79704470720882,2.56275648312436
"655","DFO_ScotianShelf",2060,13.3044599710712,7.55375270930933
"656","DFO_SoGulf",2060,16.165163111866,5.17445541522463
"657","NEFSC_NEUSFall",2060,17.4839452460837,13.2482286580005
"658","NEFSC_NEUSSpring",2060,7.22212467034743,8.07718315317197
"659","NWFSC_WCAnn",2060,15.3433267435216,6.99243207377752
"660","SEFSC_GOMex",2060,30.1172223469441,24.9358216583141
"661","AFSC_Aleutians",2061,8.43618554189266,5.35129322730249
"662","AFSC_EBS",2061,8.8394577501823,4.01762166953456
"663","AFSC_GOA",2061,12.2564653864423,7.07574891645653
"664","AFSC_WCTri",2061,14.6234941655351,8.43329010254534
"665","DFO_NewfoundlandFall",2061,6.39922281391505,3.1068513586386
"666","DFO_NewfoundlandSpring",2061,6.87628019842524,2.61744474718695
"667","DFO_ScotianShelf",2061,13.5201704065344,7.72607875017273
"668","DFO_SoGulf",2061,16.3616319024663,5.31053350609789
"669","NEFSC_NEUSFall",2061,17.6765972238921,13.4042304702615
"670","NEFSC_NEUSSpring",2061,7.55153211334489,8.39379254963818
"671","NWFSC_WCAnn",2061,15.1894298339916,6.97759737409022
"672","SEFSC_GOMex",2061,30.2528087072654,25.0446595081652
"673","AFSC_Aleutians",2062,8.61024131157434,5.41339789889468
"674","AFSC_EBS",2062,8.69118743533984,3.98929480382916
"675","AFSC_GOA",2062,12.2153724286883,7.03688881574863
"676","AFSC_WCTri",2062,14.7132923524018,8.43154151132028
"677","DFO_NewfoundlandFall",2062,6.26921439275532,3.09422052136637
"678","DFO_NewfoundlandSpring",2062,6.88539367492185,2.52744706905526
"679","DFO_ScotianShelf",2062,13.5953107621583,8.08077407562096
"680","DFO_SoGulf",2062,16.0170497012569,5.36934508892016
"681","NEFSC_NEUSFall",2062,17.5622974847732,13.4075399365749
"682","NEFSC_NEUSSpring",2062,7.74321051446562,8.47470604516249
"683","NWFSC_WCAnn",2062,15.333844580402,6.99583544964892
"684","SEFSC_GOMex",2062,30.1076959764165,24.8682662140356
"685","AFSC_Aleutians",2063,8.46280767643804,5.44975864768732
"686","AFSC_EBS",2063,8.80039142760415,4.03435493670191
"687","AFSC_GOA",2063,12.3420415881138,7.06612884412109
"688","AFSC_WCTri",2063,14.8324638975839,8.44057943010961
"689","DFO_NewfoundlandFall",2063,6.3485579847247,3.09035193728664
"690","DFO_NewfoundlandSpring",2063,6.66724946371667,2.50253329113308
"691","DFO_ScotianShelf",2063,13.2644523358468,7.55349765612933
"692","DFO_SoGulf",2063,16.2282775604578,5.3078790947512
"693","NEFSC_NEUSFall",2063,17.5361673068721,13.1840394740396
"694","NEFSC_NEUSSpring",2063,7.34288905197712,8.13709115934511
"695","NWFSC_WCAnn",2063,15.3259077133334,6.99307888963283
"696","SEFSC_GOMex",2063,30.1514200716667,24.9377087288054
"697","AFSC_Aleutians",2064,8.51798247670929,5.48827916275055
"698","AFSC_EBS",2064,8.8789405818854,4.10763629455249
"699","AFSC_GOA",2064,12.4130116185232,7.11731280888116
"700","AFSC_WCTri",2064,14.8777541772038,8.52243848469105
"701","DFO_NewfoundlandFall",2064,6.38223472642711,3.06293127438692
"702","DFO_NewfoundlandSpring",2064,6.93409737368346,2.50419761426522
"703","DFO_ScotianShelf",2064,13.5759669440622,7.71517591341651
"704","DFO_SoGulf",2064,16.3891306150542,5.4939369399032
"705","NEFSC_NEUSFall",2064,17.6629652265496,13.3538588584787
"706","NEFSC_NEUSSpring",2064,7.55021214213585,8.43060490280547
"707","NWFSC_WCAnn",2064,15.4122080972852,7.0501517937335
"708","SEFSC_GOMex",2064,30.3042622701709,25.0863588322768
"709","AFSC_Aleutians",2065,8.4616093022326,5.47788007618535
"710","AFSC_EBS",2065,8.76163645138911,3.96365779975655
"711","AFSC_GOA",2065,12.6952612074712,7.13707810235256
"712","AFSC_WCTri",2065,14.916105854693,8.58015731556606
"713","DFO_NewfoundlandFall",2065,6.5107325787242,3.06628921278383
"714","DFO_NewfoundlandSpring",2065,7.03937244091239,2.46438344965184
"715","DFO_ScotianShelf",2065,13.5709142727655,7.7138231607665
"716","DFO_SoGulf",2065,16.4110787963511,5.32636497624102
"717","NEFSC_NEUSFall",2065,17.5772179946362,13.2833322115305
"718","NEFSC_NEUSSpring",2065,7.44918918801358,8.30980398382389
"719","NWFSC_WCAnn",2065,15.4864157382405,7.07438951714482
"720","SEFSC_GOMex",2065,30.3233969642387,25.0356286423828
"721","AFSC_Aleutians",2066,8.46879315447578,5.53867820599624
"722","AFSC_EBS",2066,9.18197773696068,4.19910039593166
"723","AFSC_GOA",2066,12.8698208061392,7.21705231721257
"724","AFSC_WCTri",2066,15.0770984750702,8.52364577245972
"725","DFO_NewfoundlandFall",2066,6.49062252924932,3.13801294180324
"726","DFO_NewfoundlandSpring",2066,6.78944561962481,2.58961598799724
"727","DFO_ScotianShelf",2066,13.4787079660718,7.85837534687838
"728","DFO_SoGulf",2066,16.2893532614529,5.32469013752315
"729","NEFSC_NEUSFall",2066,17.699775460191,13.468517551786
"730","NEFSC_NEUSSpring",2066,7.4643677479874,8.40058574678926
"731","NWFSC_WCAnn",2066,15.6056299812771,7.05416207757892
"732","SEFSC_GOMex",2066,30.3147515860606,25.059606267102
"733","AFSC_Aleutians",2067,8.48695973736363,5.53416758536512
"734","AFSC_EBS",2067,9.00041372854858,4.31208551885202
"735","AFSC_GOA",2067,12.3802052043931,7.20108425178339
"736","AFSC_WCTri",2067,14.5925479957127,8.52288544634892
"737","DFO_NewfoundlandFall",2067,6.38044386159659,3.14609785592935
"738","DFO_NewfoundlandSpring",2067,6.85617453639083,2.65058376421303
"739","DFO_ScotianShelf",2067,13.4517795072877,7.62836541698959
"740","DFO_SoGulf",2067,16.4422058521156,5.51511854072201
"741","NEFSC_NEUSFall",2067,17.6087158106911,13.3078913201573
"742","NEFSC_NEUSSpring",2067,7.42484629270181,8.24181245040933
"743","NWFSC_WCAnn",2067,15.1070660383034,7.06290313395733
"744","SEFSC_GOMex",2067,30.3396623248194,24.9890917909168
"745","AFSC_Aleutians",2068,8.56590226422716,5.55256190526648
"746","AFSC_EBS",2068,8.91628254785502,3.85892416100454
"747","AFSC_GOA",2068,12.3913804661447,7.18406331785653
"748","AFSC_WCTri",2068,14.6647578675884,8.49090728907535
"749","DFO_NewfoundlandFall",2068,6.38418292096046,3.17267609048121
"750","DFO_NewfoundlandSpring",2068,6.99447545546913,2.72005838541582
"751","DFO_ScotianShelf",2068,13.5755977118612,7.86180936708953
"752","DFO_SoGulf",2068,16.3751841319327,5.54677558024955
"753","NEFSC_NEUSFall",2068,17.70163880048,13.5704424162384
"754","NEFSC_NEUSSpring",2068,7.7238478488779,8.6300750970643
"755","NWFSC_WCAnn",2068,15.2204786062587,7.04413297610587
"756","SEFSC_GOMex",2068,30.2728587739962,24.9555048876572
"757","AFSC_Aleutians",2069,8.66983094499892,5.58013463569453
"758","AFSC_EBS",2069,9.20999143685176,4.25685210871401
"759","AFSC_GOA",2069,12.5897349135259,7.1371450132417
"760","AFSC_WCTri",2069,14.6878995569887,8.50805593425899
"761","DFO_NewfoundlandFall",2069,6.47243415360268,3.1812490202905
"762","DFO_NewfoundlandSpring",2069,6.93822064616554,2.60203524400101
"763","DFO_ScotianShelf",2069,13.6854588094385,7.74379238024997
"764","DFO_SoGulf",2069,16.6407604337316,5.3332571779606
"765","NEFSC_NEUSFall",2069,17.9063270421997,13.4457603921797
"766","NEFSC_NEUSSpring",2069,7.80487839917224,8.48892705150983
"767","NWFSC_WCAnn",2069,15.2248375477477,7.07006306930069
"768","SEFSC_GOMex",2069,30.2952567165763,25.1815792055343
"769","AFSC_Aleutians",2070,8.69960435369261,5.54662181036121
"770","AFSC_EBS",2070,9.26948325988998,4.22847412008493
"771","AFSC_GOA",2070,12.7273533147037,7.14858010813409
"772","AFSC_WCTri",2070,14.8982228451976,8.62525315557431
"773","DFO_NewfoundlandFall",2070,6.42030505665561,3.21056212615955
"774","DFO_NewfoundlandSpring",2070,7.13001064922539,2.7460014655468
"775","DFO_ScotianShelf",2070,13.3850518270905,7.65076196411412
"776","DFO_SoGulf",2070,16.20553007344,5.4611281642903
"777","NEFSC_NEUSFall",2070,17.4270631769354,13.3308102137195
"778","NEFSC_NEUSSpring",2070,7.36764169727577,8.32699810360489
"779","NWFSC_WCAnn",2070,15.3801373956003,7.12348158403953
"780","SEFSC_GOMex",2070,30.2129365155645,25.0138366339038
"781","AFSC_Aleutians",2071,8.64004129831904,5.5077117499281
"782","AFSC_EBS",2071,8.79185180356401,4.10835256955219
"783","AFSC_GOA",2071,12.2111136802481,7.24071954413134
"784","AFSC_WCTri",2071,14.8814089668213,8.59774385514343
"785","DFO_NewfoundlandFall",2071,6.40348769195925,3.15566462375463
"786","DFO_NewfoundlandSpring",2071,7.22675475711915,2.63210591561378
"787","DFO_ScotianShelf",2071,13.5296023171097,7.58242869901629
"788","DFO_SoGulf",2071,16.5306694475436,5.37592338203249
"789","NEFSC_NEUSFall",2071,17.5094445841374,13.369537561275
"790","NEFSC_NEUSSpring",2071,7.48341817191572,8.48675428763562
"791","NWFSC_WCAnn",2071,15.4191317822738,7.11092009780274
"792","SEFSC_GOMex",2071,30.335776100012,24.9895284311824
"793","AFSC_Aleutians",2072,8.44799904229166,5.54490447438893
"794","AFSC_EBS",2072,8.56428156247171,4.01675282683431
"795","AFSC_GOA",2072,12.1642269071397,7.25478797383809
"796","AFSC_WCTri",2072,14.5725593337812,8.55634613543211
"797","DFO_NewfoundlandFall",2072,6.43960864517895,3.22406372865008
"798","DFO_NewfoundlandSpring",2072,6.89813569483598,2.73498775719478
"799","DFO_ScotianShelf",2072,13.3744053881811,7.5580980837856
"800","DFO_SoGulf",2072,16.2486331238024,5.24109249562638
"801","NEFSC_NEUSFall",2072,17.5333173833427,13.366762258922
"802","NEFSC_NEUSSpring",2072,7.3120502619244,8.34700987922536
"803","NWFSC_WCAnn",2072,15.1170275694682,7.08580140285944
"804","SEFSC_GOMex",2072,30.3222420255623,24.911056774178
"805","AFSC_Aleutians",2073,8.60819859083994,5.60207749679201
"806","AFSC_EBS",2073,9.20202101377501,4.2292390731782
"807","AFSC_GOA",2073,12.5966036097739,7.19962257220467
"808","AFSC_WCTri",2073,15.0086624760862,8.61300194622773
"809","DFO_NewfoundlandFall",2073,6.61381187519483,3.29786909646352
"810","DFO_NewfoundlandSpring",2073,7.38671201475222,2.86311320650515
"811","DFO_ScotianShelf",2073,13.4917585031943,7.70790408420106
"812","DFO_SoGulf",2073,16.4546608916825,5.44745887990605
"813","NEFSC_NEUSFall",2073,17.5478023868404,13.5000098098805
"814","NEFSC_NEUSSpring",2073,7.39895040483194,8.39212834161302
"815","NWFSC_WCAnn",2073,15.5722341676789,7.12583171473488
"816","SEFSC_GOMex",2073,30.2673634360102,24.9553495206109
"817","AFSC_Aleutians",2074,8.49475952013764,5.56582653315631
"818","AFSC_EBS",2074,9.00042204260401,4.17184932957711
"819","AFSC_GOA",2074,12.5631266669849,7.21430338018053
"820","AFSC_WCTri",2074,14.9822348768594,8.60022470331063
"821","DFO_NewfoundlandFall",2074,6.67138109218344,3.33699585897866
"822","DFO_NewfoundlandSpring",2074,7.00812401312986,2.97535765366782
"823","DFO_ScotianShelf",2074,13.3609905163674,7.67882731617438
"824","DFO_SoGulf",2074,16.525314542396,5.41415563625338
"825","NEFSC_NEUSFall",2074,17.5743725242472,13.3965577526315
"826","NEFSC_NEUSSpring",2074,7.11145930595806,8.20246616157754
"827","NWFSC_WCAnn",2074,15.5686616138913,7.12355157057746
"828","SEFSC_GOMex",2074,30.1890460937021,24.7686524088353
"829","AFSC_Aleutians",2075,8.58792126780302,5.52717741499264
"830","AFSC_EBS",2075,8.82905241767244,3.81604180881235
"831","AFSC_GOA",2075,12.4827444009819,7.24603260566072
"832","AFSC_WCTri",2075,14.7579814908357,8.57614724099711
"833","DFO_NewfoundlandFall",2075,6.49711632108517,3.28407149001649
"834","DFO_NewfoundlandSpring",2075,6.84925645364477,2.82264027723384
"835","DFO_ScotianShelf",2075,13.56551719005,7.77686916467418
"836","DFO_SoGulf",2075,16.5200113374892,5.28377889375255
"837","NEFSC_NEUSFall",2075,17.8256931743325,13.4987998329313
"838","NEFSC_NEUSSpring",2075,7.67327519426359,8.53633229581586
"839","NWFSC_WCAnn",2075,15.3085702422815,7.10412251085576
"840","SEFSC_GOMex",2075,30.3575384295286,25.0539526286399
"841","AFSC_Aleutians",2076,8.57760186279511,5.54831252304566
"842","AFSC_EBS",2076,8.97113909490136,4.36147299453914
"843","AFSC_GOA",2076,12.4418365696071,7.34475788178336
"844","AFSC_WCTri",2076,14.9713370750052,8.57884685970317
"845","DFO_NewfoundlandFall",2076,6.50438364515635,3.35094866104702
"846","DFO_NewfoundlandSpring",2076,6.94179655320009,2.933254107191
"847","DFO_ScotianShelf",2076,13.5464455196279,7.79561441065438
"848","DFO_SoGulf",2076,16.3443035131775,5.3187393158608
"849","NEFSC_NEUSFall",2076,17.6366315854289,13.3780902893274
"850","NEFSC_NEUSSpring",2076,7.70166066330707,8.42223422185798
"851","NWFSC_WCAnn",2076,15.5348434021943,7.13143486793603
"852","SEFSC_GOMex",2076,30.5138583376553,24.9771492939388
"853","AFSC_Aleutians",2077,8.66094905072145,5.54978588788164
"854","AFSC_EBS",2077,9.40681064397512,4.48431937365134
"855","AFSC_GOA",2077,12.7691900260414,7.30629117828751
"856","AFSC_WCTri",2077,15.1480875084113,8.65967477754123
"857","DFO_NewfoundlandFall",2077,6.73712721900156,3.39159336512757
"858","DFO_NewfoundlandSpring",2077,7.45208377010058,3.07285791744087
"859","DFO_ScotianShelf",2077,13.9097425462189,8.0733748427917
"860","DFO_SoGulf",2077,16.4376764104807,5.53005688286877
"861","NEFSC_NEUSFall",2077,17.8716726332129,13.6642941407116
"862","NEFSC_NEUSSpring",2077,7.7243568578531,8.59790199904924
"863","NWFSC_WCAnn",2077,15.6988693013748,7.17274758466206
"864","SEFSC_GOMex",2077,30.3981333213941,25.0036984634497
"865","AFSC_Aleutians",2078,8.46640430379466,5.5756693995328
"866","AFSC_EBS",2078,8.98177562316258,4.11681803850418
"867","AFSC_GOA",2078,12.523050747453,7.22701414693661
"868","AFSC_WCTri",2078,14.7373529022293,8.62007391906196
"869","DFO_NewfoundlandFall",2078,6.65969559143161,3.3276392943424
"870","DFO_NewfoundlandSpring",2078,7.41998199882254,2.88825179861909
"871","DFO_ScotianShelf",2078,13.7024984949751,7.99374467424405
"872","DFO_SoGulf",2078,16.4658573789561,5.72538821937002
"873","NEFSC_NEUSFall",2078,17.7198895178607,13.5120312945504
"874","NEFSC_NEUSSpring",2078,7.72357654455601,8.49387046295102
"875","NWFSC_WCAnn",2078,15.3057255993138,7.15267489475095
"876","SEFSC_GOMex",2078,30.3146291282437,25.1167829405363
"877","AFSC_Aleutians",2079,8.582390501799,5.56417182477937
"878","AFSC_EBS",2079,9.03768590427393,4.12597512414459
"879","AFSC_GOA",2079,12.322554042941,7.24600812983885
"880","AFSC_WCTri",2079,14.8626813520723,8.62802270123842
"881","DFO_NewfoundlandFall",2079,6.61281564492078,3.30935010451424
"882","DFO_NewfoundlandSpring",2079,7.51549629286308,2.81954097922744
"883","DFO_ScotianShelf",2079,13.8420280600629,7.98165650644259
"884","DFO_SoGulf",2079,16.8680440875412,5.70401648261688
"885","NEFSC_NEUSFall",2079,17.6415872923386,13.5163253467418
"886","NEFSC_NEUSSpring",2079,7.64090562846849,8.56512957071156
"887","NWFSC_WCAnn",2079,15.4569961888101,7.15020934874616
"888","SEFSC_GOMex",2079,30.5198247000477,25.1354477058626
"889","AFSC_Aleutians",2080,8.71619878117877,5.6057128207638
"890","AFSC_EBS",2080,9.40282988831478,4.47457140704161
"891","AFSC_GOA",2080,12.800966435046,7.3186613536735
"892","AFSC_WCTri",2080,14.8178486086829,8.57380238348698
"893","DFO_NewfoundlandFall",2080,6.63940562938066,3.33218133524952
"894","DFO_NewfoundlandSpring",2080,7.35256340315652,2.79104004830818
"895","DFO_ScotianShelf",2080,13.7970152007147,7.81497560079465
"896","DFO_SoGulf",2080,16.7760080637962,5.50068483255942
"897","NEFSC_NEUSFall",2080,17.8579691690699,13.5856135689529
"898","NEFSC_NEUSSpring",2080,7.72662113281402,8.47932842764555
"899","NWFSC_WCAnn",2080,15.3174419777597,7.13611870532649
"900","SEFSC_GOMex",2080,30.5909527617565,25.3421796281977
"901","AFSC_Aleutians",2081,8.77150873169953,5.54937287337904
"902","AFSC_EBS",2081,9.02379709379045,4.27735707805855
"903","AFSC_GOA",2081,12.4693933187569,7.32768091456804
"904","AFSC_WCTri",2081,14.7527949978588,8.62046164143525
"905","DFO_NewfoundlandFall",2081,6.5904206622213,3.33473752644877
"906","DFO_NewfoundlandSpring",2081,7.10819323843587,2.88607356594647
"907","DFO_ScotianShelf",2081,13.5995935581006,7.67220291594269
"908","DFO_SoGulf",2081,16.5916471758514,5.43705496751592
"909","NEFSC_NEUSFall",2081,17.5831906731733,13.4598726960811
"910","NEFSC_NEUSSpring",2081,7.49697284566967,8.35980729600886
"911","NWFSC_WCAnn",2081,15.2968266343627,7.15825918865269
"912","SEFSC_GOMex",2081,30.3456977064496,24.9317064331109
"913","AFSC_Aleutians",2082,8.72311730231816,5.5289333526737
"914","AFSC_EBS",2082,8.95565279429113,3.89546047737959
"915","AFSC_GOA",2082,12.5314213347432,7.09945112341829
"916","AFSC_WCTri",2082,14.9602401686623,8.63881086874692
"917","DFO_NewfoundlandFall",2082,6.50460013835601,3.29741238414493
"918","DFO_NewfoundlandSpring",2082,6.82564387528642,2.79961371875867
"919","DFO_ScotianShelf",2082,13.6820228432942,7.98747542653934
"920","DFO_SoGulf",2082,16.3583930267846,5.36655260087586
"921","NEFSC_NEUSFall",2082,17.9218383105635,13.787775709225
"922","NEFSC_NEUSSpring",2082,7.94886313460701,8.81317974853294
"923","NWFSC_WCAnn",2082,15.5322557966937,7.18670960109252
"924","SEFSC_GOMex",2082,30.6434140981166,25.3517681384057
"925","AFSC_Aleutians",2083,8.72034808786629,5.62470825806722
"926","AFSC_EBS",2083,8.94952452415168,4.14288816099732
"927","AFSC_GOA",2083,12.4110092637597,7.18459434404869
"928","AFSC_WCTri",2083,14.976633067416,8.65774642587087
"929","DFO_NewfoundlandFall",2083,6.48066510728685,3.27167212124962
"930","DFO_NewfoundlandSpring",2083,7.01278173507272,2.7215571668253
"931","DFO_ScotianShelf",2083,13.8485329010744,7.89414385773062
"932","DFO_SoGulf",2083,16.5674942089539,5.48674423071581
"933","NEFSC_NEUSFall",2083,18.1815181908726,13.7188078180443
"934","NEFSC_NEUSSpring",2083,8.02972808749239,8.74403445168671
"935","NWFSC_WCAnn",2083,15.5442537699742,7.19781430573155
"936","SEFSC_GOMex",2083,30.5374390118239,25.2695502851741
"937","AFSC_Aleutians",2084,8.48513731812452,5.53569560051259
"938","AFSC_EBS",2084,8.60815994431122,4.0355269999521
"939","AFSC_GOA",2084,12.1971426686932,7.02533910220617
"940","AFSC_WCTri",2084,14.9767889913816,8.72348521181971
"941","DFO_NewfoundlandFall",2084,6.55284288209525,3.33000072338527
"942","DFO_NewfoundlandSpring",2084,7.129499448114,2.92405147995574
"943","DFO_ScotianShelf",2084,13.493614970779,7.7153742992826
"944","DFO_SoGulf",2084,16.5175130865481,5.3722345134627
"945","NEFSC_NEUSFall",2084,17.5674555866433,13.4491256675424
"946","NEFSC_NEUSSpring",2084,7.68190117611543,8.62226405156065
"947","NWFSC_WCAnn",2084,15.5644943955807,7.23752298164939
"948","SEFSC_GOMex",2084,30.5548033307129,25.3252430798265
"949","AFSC_Aleutians",2085,8.62034824920922,5.57047762164342
"950","AFSC_EBS",2085,8.96301706430666,4.04453179528822
"951","AFSC_GOA",2085,12.5098800516264,7.22837734383447
"952","AFSC_WCTri",2085,14.8511470657009,8.66333496047126
"953","DFO_NewfoundlandFall",2085,6.45505426883283,3.36820857951425
"954","DFO_NewfoundlandSpring",2085,6.92453673668715,3.00024195881106
"955","DFO_ScotianShelf",2085,13.3859675288492,7.6842933986474
"956","DFO_SoGulf",2085,16.5865237942435,5.49124386373548
"957","NEFSC_NEUSFall",2085,17.8056542182985,13.6001860494996
"958","NEFSC_NEUSSpring",2085,7.28913946809457,8.42814661598666
"959","NWFSC_WCAnn",2085,15.3857069282965,7.18511594280044
"960","SEFSC_GOMex",2085,30.5017778361419,25.189190846992
"961","AFSC_Aleutians",2086,8.677399042212,5.58709981485909
"962","AFSC_EBS",2086,8.87891107963729,3.97880735988695
"963","AFSC_GOA",2086,12.3142333094984,7.14717174099734
"964","AFSC_WCTri",2086,14.8354417511239,8.61408762691302
"965","DFO_NewfoundlandFall",2086,6.28308499406366,3.32216599211885
"966","DFO_NewfoundlandSpring",2086,6.88771470569965,2.80911181623755
"967","DFO_ScotianShelf",2086,13.841408778095,8.05321444872673
"968","DFO_SoGulf",2086,16.440532160172,5.37455029539784
"969","NEFSC_NEUSFall",2086,17.9139060045643,13.7487522995096
"970","NEFSC_NEUSSpring",2086,8.00977742090983,8.74419881385307
"971","NWFSC_WCAnn",2086,15.3968485970204,7.16355559640512
"972","SEFSC_GOMex",2086,30.4163987398712,25.2289882057114
"973","AFSC_Aleutians",2087,8.63407329721477,5.57123443893488
"974","AFSC_EBS",2087,8.78932446013003,3.9450773253229
"975","AFSC_GOA",2087,12.2643993205039,7.17690958113493
"976","AFSC_WCTri",2087,14.8559359628201,8.64312891340357
"977","DFO_NewfoundlandFall",2087,6.55950977049679,3.28486193536332
"978","DFO_NewfoundlandSpring",2087,7.00773111956671,2.95912588070053
"979","DFO_ScotianShelf",2087,13.8246899456694,8.10140907160806
"980","DFO_SoGulf",2087,16.8621442759159,5.36580054468394
"981","NEFSC_NEUSFall",2087,17.902000606932,13.6418612522766
"982","NEFSC_NEUSSpring",2087,7.55616507526284,8.60095787421816
"983","NWFSC_WCAnn",2087,15.3901742765385,7.1889057869208
"984","SEFSC_GOMex",2087,30.4649858539275,25.213772257494
"985","AFSC_Aleutians",2088,8.56297933319555,5.57699521628574
"986","AFSC_EBS",2088,9.05803133036193,4.21927469857884
"987","AFSC_GOA",2088,12.4443169638009,7.20318198601706
"988","AFSC_WCTri",2088,14.9248212993097,8.65905369834072
"989","DFO_NewfoundlandFall",2088,6.5216296495114,3.33214719241314
"990","DFO_NewfoundlandSpring",2088,6.95233326497694,3.02240145907413
"991","DFO_ScotianShelf",2088,13.6470367485946,8.0719281872226
"992","DFO_SoGulf",2088,16.5577590055526,5.46028944811966
"993","NEFSC_NEUSFall",2088,17.8834557430723,13.6436502067222
"994","NEFSC_NEUSSpring",2088,7.68378805214769,8.73999963481074
"995","NWFSC_WCAnn",2088,15.514455597489,7.20840990370364
"996","SEFSC_GOMex",2088,30.4066394608797,25.3849113359759
"997","AFSC_Aleutians",2089,8.50690877320928,5.59411059044881
"998","AFSC_EBS",2089,9.04583243871501,4.28485823896998
"999","AFSC_GOA",2089,12.5921994756978,7.42460517374834
"1000","AFSC_WCTri",2089,15.0678907283044,8.78752391051208
"1001","DFO_NewfoundlandFall",2089,6.53322568691748,3.27949759503102
"1002","DFO_NewfoundlandSpring",2089,7.02215727908055,2.77898958607569
"1003","DFO_ScotianShelf",2089,13.7059108307841,8.0103482094578
"1004","DFO_SoGulf",2089,16.5057846247397,5.39128311120645
"1005","NEFSC_NEUSFall",2089,17.966192394563,13.7454372398555
"1006","NEFSC_NEUSSpring",2089,7.67221587744378,8.68383017235778
"1007","NWFSC_WCAnn",2089,15.5789143829261,7.28308961090706
"1008","SEFSC_GOMex",2089,30.5109075223471,25.1426894630376
"1009","AFSC_Aleutians",2090,8.43085071308033,5.55717761242069
"1010","AFSC_EBS",2090,9.09969396537542,4.47015092803997
"1011","AFSC_GOA",2090,12.6895580937889,7.4859414097301
"1012","AFSC_WCTri",2090,15.2854544657796,8.81223807255928
"1013","DFO_NewfoundlandFall",2090,6.55689010084605,3.34493248560051
"1014","DFO_NewfoundlandSpring",2090,6.92396071991613,2.84819783469728
"1015","DFO_ScotianShelf",2090,13.5980262349002,7.88580442168569
"1016","DFO_SoGulf",2090,16.6840302568569,5.51364195653601
"1017","NEFSC_NEUSFall",2090,17.6825242453063,13.6064118431662
"1018","NEFSC_NEUSSpring",2090,7.69768830349388,8.6478381423291
"1019","NWFSC_WCAnn",2090,15.7853925936554,7.29993660762087
"1020","SEFSC_GOMex",2090,30.5088014464291,25.090321992218
"1021","AFSC_Aleutians",2091,8.83675336806057,5.65508841299204
"1022","AFSC_EBS",2091,9.42833858169976,4.54316247552875
"1023","AFSC_GOA",2091,12.6913277998479,7.46620696260585
"1024","AFSC_WCTri",2091,14.9982353086028,8.70839434386146
"1025","DFO_NewfoundlandFall",2091,6.56433976209796,3.39128851698098
"1026","DFO_NewfoundlandSpring",2091,6.85747112457236,2.81150229128133
"1027","DFO_ScotianShelf",2091,13.588346623562,7.87609454029066
"1028","DFO_SoGulf",2091,16.6615025997981,5.36867773298886
"1029","NEFSC_NEUSFall",2091,17.7714074998235,13.5097068919109
"1030","NEFSC_NEUSSpring",2091,7.45779552883069,8.45858029442548
"1031","NWFSC_WCAnn",2091,15.6542354136496,7.24534530624214
"1032","SEFSC_GOMex",2091,30.4191851042148,25.2175871443019
"1033","AFSC_Aleutians",2092,8.77841988114578,5.73993757138352
"1034","AFSC_EBS",2092,8.96660311482661,4.24672257258395
"1035","AFSC_GOA",2092,12.6124188341085,7.3962899263335
"1036","AFSC_WCTri",2092,15.0116730484123,8.68833200337772
"1037","DFO_NewfoundlandFall",2092,6.68309584941513,3.37990333967861
"1038","DFO_NewfoundlandSpring",2092,7.16719378910909,2.85302562113018
"1039","DFO_ScotianShelf",2092,13.5976982597833,7.85388872167595
"1040","DFO_SoGulf",2092,16.5265916073968,5.52645503605606
"1041","NEFSC_NEUSFall",2092,17.6402901791132,13.6449499259393
"1042","NEFSC_NEUSSpring",2092,7.48893885896779,8.5795922108985
"1043","NWFSC_WCAnn",2092,15.6164448576395,7.24314477183842
"1044","SEFSC_GOMex",2092,30.4977263561404,25.23740950586
"1045","AFSC_Aleutians",2093,8.76212413476175,5.67554973279528
"1046","AFSC_EBS",2093,9.12327711331521,4.31787229454353
"1047","AFSC_GOA",2093,12.5823015739857,7.37020559057958
"1048","AFSC_WCTri",2093,14.8522853663544,8.69877537537314
"1049","DFO_NewfoundlandFall",2093,6.74588950745094,3.3810991992232
"1050","DFO_NewfoundlandSpring",2093,7.31603698569933,2.88529281625147
"1051","DFO_ScotianShelf",2093,13.9491643326934,8.21827998568347
"1052","DFO_SoGulf",2093,16.6747147178871,5.62295398977243
"1053","NEFSC_NEUSFall",2093,17.9281385153237,13.840581263853
"1054","NEFSC_NEUSSpring",2093,7.77112575111012,8.85786640587031
"1055","NWFSC_WCAnn",2093,15.3991421440572,7.2452960284299
"1056","SEFSC_GOMex",2093,30.388352005524,25.2890345763498
"1057","AFSC_Aleutians",2094,8.85025230594388,5.68554916665573
"1058","AFSC_EBS",2094,9.25343714573775,4.29458259563649
"1059","AFSC_GOA",2094,12.550349729256,7.31490586384987
"1060","AFSC_WCTri",2094,14.9043436149879,8.70179241984672
"1061","DFO_NewfoundlandFall",2094,6.49312539334788,3.36063840717909
"1062","DFO_NewfoundlandSpring",2094,6.99190898464528,2.8555059859052
"1063","DFO_ScotianShelf",2094,13.8205110183121,8.0459363028299
"1064","DFO_SoGulf",2094,16.6116038638989,5.48749562188172
"1065","NEFSC_NEUSFall",2094,17.8886938253951,13.8024934734172
"1066","NEFSC_NEUSSpring",2094,7.85509807772162,8.88196045192602
"1067","NWFSC_WCAnn",2094,15.5121252788732,7.25977679341933
"1068","SEFSC_GOMex",2094,30.448521152403,25.183827592655
"1069","AFSC_Aleutians",2095,8.83656150289161,5.74240300398604
"1070","AFSC_EBS",2095,9.31212496346735,4.30246198882119
"1071","AFSC_GOA",2095,12.8483524107387,7.38879233643656
"1072","AFSC_WCTri",2095,15.3771667691154,8.87439875300456
"1073","DFO_NewfoundlandFall",2095,6.57082490687191,3.41202692228249
"1074","DFO_NewfoundlandSpring",2095,7.05151235997522,2.94121737380647
"1075","DFO_ScotianShelf",2095,13.7210595345862,8.04685150445184
"1076","DFO_SoGulf",2095,16.5899058078668,5.63237718427332
"1077","NEFSC_NEUSFall",2095,17.8135655997832,13.7254971856325
"1078","NEFSC_NEUSSpring",2095,7.89926187706505,8.80612932962438
"1079","NWFSC_WCAnn",2095,15.8882274942412,7.36598197242678
"1080","SEFSC_GOMex",2095,30.391697759077,25.2501229113757
"1081","AFSC_Aleutians",2096,8.68191671408348,5.81218407588775
"1082","AFSC_EBS",2096,9.1771925317523,4.34744251896906
"1083","AFSC_GOA",2096,12.8938664840195,7.53361424297271
"1084","AFSC_WCTri",2096,15.2675475108195,8.86134025969198
"1085","DFO_NewfoundlandFall",2096,6.87583757144099,3.51851233878391
"1086","DFO_NewfoundlandSpring",2096,7.70052984024555,3.15403745466578
"1087","DFO_ScotianShelf",2096,14.3218039082154,8.4492805560526
"1088","DFO_SoGulf",2096,17.0860651047067,6.05568723093379
"1089","NEFSC_NEUSFall",2096,18.1360938741283,13.8686578298789
"1090","NEFSC_NEUSSpring",2096,7.98228905169675,8.88860511701524
"1091","NWFSC_WCAnn",2096,15.8162990313098,7.33007616969027
"1092","SEFSC_GOMex",2096,30.4905032410496,25.1015073306033
"1093","AFSC_Aleutians",2097,8.84493319179652,5.85245124706524
"1094","AFSC_EBS",2097,9.32370638674004,4.39622781136451
"1095","AFSC_GOA",2097,12.6704121076365,7.27398417834087
"1096","AFSC_WCTri",2097,14.9996483565841,8.81005949625702
"1097","DFO_NewfoundlandFall",2097,6.46243636177913,3.45466579666401
"1098","DFO_NewfoundlandSpring",2097,7.01164830595152,2.89651350698374
"1099","DFO_ScotianShelf",2097,13.8597833887038,8.11875218222811
"1100","DFO_SoGulf",2097,16.7121252347985,5.72165701316276
"1101","NEFSC_NEUSFall",2097,18.1910492394527,13.8000392668999
"1102","NEFSC_NEUSSpring",2097,7.94006359197086,8.77038198787923
"1103","NWFSC_WCAnn",2097,15.6284335809078,7.32868375254899
"1104","SEFSC_GOMex",2097,30.5963726597236,25.4394893243315
"1105","AFSC_Aleutians",2098,8.80025012195483,5.83672631587054
"1106","AFSC_EBS",2098,9.0690041015314,4.39951503997145
"1107","AFSC_GOA",2098,12.5807727489232,7.30050181350318
"1108","AFSC_WCTri",2098,15.1497952387308,8.84383977303483
"1109","DFO_NewfoundlandFall",2098,6.61792714767071,3.50180477780922
"1110","DFO_NewfoundlandSpring",2098,7.31861702201887,3.11085647467669
"1111","DFO_ScotianShelf",2098,13.8328212915925,7.97821721268928
"1112","DFO_SoGulf",2098,16.6157107904694,5.61114828781192
"1113","NEFSC_NEUSFall",2098,17.9121305790281,13.5547833780125
"1114","NEFSC_NEUSSpring",2098,7.82046276562136,8.47687682611635
"1115","NWFSC_WCAnn",2098,15.6999834220958,7.34260535291981
"1116","SEFSC_GOMex",2098,30.5349024549155,25.3554047697063
"1117","AFSC_Aleutians",2099,9.00195550499622,5.80837171843968
"1118","AFSC_EBS",2099,9.05463055220396,4.08882290297831
"1119","AFSC_GOA",2099,12.688836331876,7.36620118685509
"1120","AFSC_WCTri",2099,15.1247802401913,8.82830930340248
"1121","DFO_NewfoundlandFall",2099,NA,NA
"1122","DFO_NewfoundlandSpring",2099,7.14806042783187,3.00906993518686
"1123","DFO_ScotianShelf",2099,13.7685916961852,7.87487483455744
"1124","DFO_SoGulf",2099,16.7590960066307,5.56228653433325
"1125","NEFSC_NEUSFall",2099,18.0465849217415,13.7765627773362
"1126","NEFSC_NEUSSpring",2099,8.14639781048582,8.86729476235198
"1127","NWFSC_WCAnn",2099,15.6719734982311,7.33848959550382
"1128","SEFSC_GOMex",2099,30.5504295930621,25.4077401338014
"1129","AFSC_Aleutians",2100,NA,NA
"1130","AFSC_EBS",2100,NA,NA
"1131","AFSC_GOA",2100,NA,NA
"1132","AFSC_WCTri",2100,NA,NA
"1133","DFO_NewfoundlandFall",2100,NA,NA
"1134","DFO_NewfoundlandSpring",2100,NA,NA
"1135","DFO_ScotianShelf",2100,NA,NA
"1136","DFO_SoGulf",2100,NA,NA
"1137","NEFSC_NEUSFall",2100,NA,NA
"1138","NEFSC_NEUSSpring",2100,NA,NA
"1139","NWFSC_WCAnn",2100,NA,NA
"1140","SEFSC_GOMex",2100,NA,NA
