<?xml version="1.0"?>
<!--<!DOCTYPE metadata SYSTEM "http://www.esri.com/metadata/esriprof80.dtd">-->
<metadata xml:lang="en">
	<Esri>
		<CreaDate>20050323</CreaDate>
		<CreaTime>15461600</CreaTime>
		<SyncOnce>FALSE</SyncOnce>
		<SyncDate>20050518</SyncDate>
		<SyncTime>11170700</SyncTime>
		<ModDate>20050518</ModDate>
		<ModTime>11170700</ModTime>
		<MetaID>{F16C9048-68DF-4569-A4DC-6BDE6FB0AC1F}</MetaID>
	</Esri>
	<idinfo>
		<native Sync="TRUE">Microsoft Windows 2000 Version 5.1 (Build 2600) Service Pack 2; ESRI ArcCatalog 8.3.0.800</native>
		<descript>
			<langdata Sync="TRUE">en</langdata>
			<abstract>This data layer is a point coverage of known sediment samplings, inspections and probings from the usSEABED data collection and integrated using the software system dbSEABED. This data layer represents the parsed (PRS) output of the dbSEABED mining software. It contains the results of parsing descriptions in the data resources. The PRS data is less precise because it comes from word-based descriptions, but will include information on outsized elements, consolidation that are not usually in EXT data.</abstract>
			<purpose>To build a digital mapping of the character of the seabed on regional, national and global scales. These data are intended for science researchers, students, policy makers, and the general public. The data can be used with geographic information systems (GIS) software to display geologic and oceanographic information.</purpose>
		</descript>
		<citation>
			<citeinfo>
				<origin>U.S. Geological Survey</origin>
				<pubdate>2005</pubdate>
				<title>ATL_PRS: usSEABED PaRSed data for the entire U.S. Atlantic Coast</title>
				<ftname Sync="TRUE">atl_prs</ftname>
				<geoform Sync="TRUE">vector digital data</geoform>
				<onlink>http://pubs.usgs.gov/ds/2005/118/data/atl_prs.zip</onlink>
				<lworkcit>
					<citeinfo>
						<title>usSEABED: Atlantic Coast Offshore Surficial Sediment Data Release</title>
						<origin>J.M. Reid</origin>
						<origin>J.A. Reid</origin>
						<origin>C.J. Jenkins</origin>
						<origin>M.E. Hastings</origin>
						<origin>S.J. Williams</origin>
						<origin>L.J. Poppe</origin>
						<pubdate>2005</pubdate>
						<serinfo>
							<sername>Data Series</sername>
							<issue>118</issue>
						</serinfo>
						<pubinfo>
							<pubplace>Woods Hole Science Center, Woods Hole, MA</pubplace>
							<publish>U.S. Geological Survey, Coastal and Marine Geology Program</publish>
						</pubinfo>
						<edition>1.0</edition>
						<onlink>http://pubs.usgs.gov/ds/2005/118/</onlink></citeinfo>
				</lworkcit>
				<origin>University of Colorado</origin>
				<edition>1.0</edition>
				<onlink>http://pubs.usgs.gov/ds/2005/118/htmldocs/data_cata.htm</onlink>
			</citeinfo>
		</citation>
		<timeperd>
			<current>publication date</current>
			<timeinfo>
				<sngdate>
					<caldate>2005</caldate>
				</sngdate>
			</timeinfo>
		</timeperd>
		<status>
			<progress>The usSEABED database is a work-in-progress.</progress>
			<update>As additional information becomes available, and/or significant changes to the data mining software.</update>
		</status>
		<spdom>
			<bounding>
				<westbc Sync="TRUE">-81.983000</westbc>
				<eastbc Sync="TRUE">-65.000000</eastbc>
				<northbc Sync="TRUE">46.086670</northbc>
				<southbc Sync="TRUE">23.530000</southbc>
			</bounding>
			<lboundng>
				<leftbc Sync="TRUE">-81.983000</leftbc>
				<rightbc Sync="TRUE">-65.000000</rightbc>
				<bottombc Sync="TRUE">23.530000</bottombc>
				<topbc Sync="TRUE">46.086670</topbc>
			</lboundng>
		</spdom>
		<keywords>
			<theme>
				<themekt>General</themekt>
				<themekey>analyses</themekey>
				<themekey>CMGP</themekey>
				<themekey>Coastal and Marine Geology Program</themekey>
				<themekey>dbSEABED</themekey>
				<themekey>descriptions</themekey>
				<themekey>geology</themekey>
				<themekey>grain size</themekey>
				<themekey>Marine Aggregates Resources and Processes</themekey>
				<themekey>seabed</themekey>
				<themekey>seafloor</themekey>
				<themekey>sediment data</themekey>
				<themekey>texture</themekey>
				<themekey>U.S. Geological Survey</themekey>
				<themekey>USGS</themekey>
				<themekey>usSEABED</themekey>
				<themekey>Woods Hole Science Center</themekey>
				<themekey>University of Colorado</themekey>
				<themekey>Institute of Arctic and Alpine Research</themekey>
				<themekey>Benthic Habitats (Pacific) Project</themekey>
				<themekey>Pacific Science Center (PSC)</themekey>
			</theme>
			<place>
				<placekt>General</placekt>
				<placekey>Atlantic coast</placekey>
				<placekey>East Coast</placekey>
				<placekey>United States</placekey>
				<placekey>Atlantic Ocean</placekey>
			</place>
			<theme>
				<themekey>oceans and estuaries</themekey>
				<themekey>location</themekey>
				<themekt>ISO 19115 Topic Category</themekt>
				<themekey>geoscientificInformation</themekey>
			</theme>
		</keywords>
		<accconst>None</accconst>
		<useconst>Public domain data from the U.S. Government are freely redistributable with proper metadata and source attribution. Please recognize the U.S. Geological Survey (USGS) as the source of this information.</useconst>
		<natvform Sync="TRUE">Shapefile</natvform>
		<datacred>We thank the following interns for their assistance in data entry, coding, and data testing: Viness Ubert, Emma Mitchell, Emily Denham and Shea Quinn.</datacred>
		<browse>
			<browsen>http://pubs.usgs.gov/ds/2005/118/data/atl_prs.jpg</browsen>
			<browsed>Image map showing extent of data layer coverage</browsed>
			<browset>JPEG</browset>
		</browse>
		<ptcontac>
			<cntinfo>
				<cntperp>
					<cntper>Jamey Reid</cntper>
					<cntorg>U.S. Geological Survey</cntorg>
				</cntperp>
				<cntpos>IT Specialist (Data Management)</cntpos>
				<cntaddr>
					<addrtype>mailing and physical address</addrtype>
					<address>384 Woods Hole Road</address>
					<city>Woods Hole</city>
					<state>MA</state>
					<postal>02543-1598</postal>
					<country>USA</country>
				</cntaddr>
				<cntvoice>(508) 548-8700 x2204</cntvoice>
				<cntfax>(508) 457-2310</cntfax>
				<cntemail>jreid@usgs.gov</cntemail>
			</cntinfo>
		</ptcontac>
	</idinfo>
	<dataIdInfo>
		<envirDesc Sync="TRUE">Microsoft Windows 2000 Version 5.1 (Build 2600) Service Pack 2; ESRI ArcCatalog 8.3.0.800</envirDesc>
		<dataLang>
			<languageCode Sync="TRUE" value="en">
			</languageCode>
		</dataLang>
		<idCitation>
			<resTitle Sync="TRUE">atl_prs</resTitle>
			<presForm>
				<PresFormCd Sync="TRUE" value="005">
				</PresFormCd>
			</presForm>
		</idCitation>
		<spatRpType>
			<SpatRepTypCd Sync="TRUE" value="001">
			</SpatRepTypCd>
		</spatRpType>
		<dataExt>
			<geoEle>
				<GeoBndBox esriExtentType="native">
					<westBL Sync="TRUE">-81.983</westBL>
					<eastBL Sync="TRUE">-65</eastBL>
					<northBL Sync="TRUE">46.08667</northBL>
					<southBL Sync="TRUE">23.53</southBL>
					<exTypeCode Sync="TRUE">1</exTypeCode>
				</GeoBndBox>
			</geoEle>
		</dataExt>
		<geoBox esriExtentType="decdegrees">
			<westBL Sync="TRUE">-81.983</westBL>
			<eastBL Sync="TRUE">-65</eastBL>
			<northBL Sync="TRUE">46.08667</northBL>
			<southBL Sync="TRUE">23.53</southBL>
			<exTypeCode Sync="TRUE">1</exTypeCode>
		</geoBox>
	</dataIdInfo>
	<metainfo>
		<langmeta Sync="TRUE">en</langmeta>
		<metstdn Sync="TRUE">FGDC Content Standards for Digital Geospatial Metadata</metstdn>
		<metstdv Sync="TRUE">FGDC-STD-001-1998</metstdv>
		<mettc Sync="TRUE">local time</mettc>
		<metc>
			<cntinfo>
				<cntperp>
					<cntper>Jamey Reid</cntper>
					<cntorg>U.S. Geological Survey</cntorg>
				</cntperp>
				<cntpos>IT Specialist (Data Management)</cntpos>
				<cntaddr>
					<addrtype>mailing and physical address</addrtype>
					<address>384 Woods Hole Rd.</address>
					<city>Woods Hole</city>
					<state>MA</state>
					<postal>02543-1598</postal>
				</cntaddr>
				<cntvoice>(508) 548-8700 x2204</cntvoice>
				<cntfax>(508) 457-2310</cntfax>
				<cntemail>jreid@usgs.gov</cntemail>
			</cntinfo>
		</metc>
		<metd Sync="TRUE">20050518</metd>
		<metac>None</metac>
		<metuc>None</metuc>
		<metrd>20050512</metrd><metextns><onlink Sync="TRUE">http://www.esri.com/metadata/esriprof80.html</onlink><metprof Sync="TRUE">ESRI Metadata Profile</metprof></metextns></metainfo>
	<mdLang>
		<languageCode Sync="TRUE" value="en">
		</languageCode>
	</mdLang>
	<mdStanName Sync="TRUE">ISO 19115 Geographic Information - Metadata</mdStanName>
	<mdStanVer Sync="TRUE">DIS_ESRI1.0</mdStanVer>
	<mdChar>
		<CharSetCd Sync="TRUE" value="004">
		</CharSetCd>
	</mdChar>
	<mdHrLv>
		<ScopeCd Sync="TRUE" value="005">
		</ScopeCd>
	</mdHrLv>
	<mdHrLvName Sync="TRUE">dataset</mdHrLvName>
	<distinfo>
		<resdesc Sync="TRUE">Downloadable Data</resdesc>
		<stdorder>
			<digform>
				<digtinfo>
					<transize>13.3 MB</transize>
					<dssize Sync="TRUE">27.227</dssize>
					<formname>ASCII</formname>
					<formcont>Text file containing data input to usSEABED. Fields are comma separated values. First record of file contains field names.</formcont>
					<filedec>no compression applied</filedec>
				</digtinfo>
				<digtopt>
					<onlinopt>
						<accinstr>Downloadable thru the WWW</accinstr>
						<computer>
							<networka>
								<networkr>http://pubs.usgs.gov/ds/2005/118/data/atl_prs.txt</networkr>
								<networkr>http://www.usgs.gov/ds/2005/118/htmldocs/data_cata.htm</networkr>
							</networka>
						</computer>
					</onlinopt>
				</digtopt>
			</digform>
			<fees>None</fees>
			<digform><digtopt><onlinopt><computer><networka><networkr>http://pubs.usgs.gov/ds/2005/118/data/atl_prs.zip</networkr></networka></computer><computer><networka><networkr>http://pubs.usgs.gov/ds/2005/118/htmldocs/data_cata.htm</networkr></networka></computer><accinstr>Downloadable thru the WWW</accinstr></onlinopt></digtopt><digtinfo><formname>SHP</formname><formspec>ESRI Shapefile</formspec><formcont>The SHP file contains the geospatial data. The SHX file contains the index of the geospatial data. The DBF file contains the attribute data in dBASE format. The PRJ file contains the coordinate system information (optional). The AVL file contains the legend information (optional). The SBN and SBX files contain the spatial index of the geospatial data (optional). The XML file contains the metadata describing the data set &lt;data set name&gt;.shp.xml.  An ASCII version of the metadata file.  A browse graphic showing the data layer coverage and extent (optional).</formcont><filedec>winzip</filedec></digtinfo></digform></stdorder>
		<distliab>Although this data set has been used by the U.S. Geological Survey (USGS), no warranty, expressed or implied, is made by the USGS as to the accuracy of the data and/or related materials. The act of distribution shall not constitute any such warranty, and no responsibility is assumed by the USGS in the use of these data or related materials. Trade, firm, or product names and other references to non-USGS products and services are provided for information only and do not constitute endorsement or warranty, express or implied, by the USGS, USDOI, or U.S. Government, as to their suitability, content, usefulness, functioning, completeness, or accuracy.</distliab>
		<distrib>
			<cntinfo>
				<cntperp>
					<cntper>Jamey Reid</cntper>
					<cntorg>U.S. Geological Survey</cntorg>
				</cntperp>
				<cntpos>IT Specialist (Data Management)</cntpos>
				<cntaddr>
					<addrtype>mailing and physical address</addrtype>
					<address>384 Woods Hole Rd.</address>
					<city>Woods Hole</city>
					<state>MA</state>
					<postal>02543-1598</postal>
				</cntaddr>
				<cntvoice>(508) 548-8700 x2204</cntvoice>
				<cntfax>(508) 457-2310</cntfax>
				<cntemail>jreid@usgs.gov</cntemail>
			</cntinfo>
		</distrib>
		<techpreq>These data are available in Environmental Systems Research Institute (ESRI) shapefile format. The user must have ArcGIS® or ArcView® 3.0 or greater software to read and process the data file. In lieu of ArcView or ArcGIS, the user may utilize another GIS application package capable of importing the data. A free data viewer, arcexplorer, capable of displaying the data is available from ESRI at www.esri.com.</techpreq>
	</distinfo>
	<distInfo>
		<distributor>
			<distorTran>
				<onLineSrc>
					<orDesc Sync="TRUE">002</orDesc>
					<linkage Sync="TRUE">file://\\JREID\EC_usSEABED\data\atl_prs.shp</linkage>
					<protocol Sync="TRUE">Local Area Network</protocol>
				</onLineSrc>
				<transSize Sync="TRUE">27.227</transSize>
			</distorTran>
			<distorFormat>
				<formatName Sync="TRUE">Shapefile</formatName>
			</distorFormat>
		</distributor>
	</distInfo>
	<spdoinfo>
		<direct Sync="TRUE">Vector</direct>
		<ptvctinf>
			<esriterm Name="atl_prs">
				<efeatyp Sync="TRUE">Simple</efeatyp>
				<efeageom Sync="TRUE">Point</efeageom>
				<esritopo Sync="TRUE">FALSE</esritopo>
				<efeacnt Sync="TRUE">83832</efeacnt>
				<spindex Sync="TRUE">TRUE</spindex>
				<linrefer Sync="TRUE">FALSE</linrefer>
			</esriterm>
			<sdtsterm Name="atl_prs">
				<sdtstype Sync="TRUE">Entity point</sdtstype>
				<ptvctcnt Sync="TRUE">83832</ptvctcnt>
			</sdtsterm>
		</ptvctinf>
	</spdoinfo>
	<spref>
		<horizsys>
			<cordsysn>
				<geogcsn>GCS_North_American_1927</geogcsn>
			</cordsysn>
			<geograph>
				<geogunit Sync="TRUE">Decimal degrees</geogunit>
				<latres Sync="TRUE">0.000000</latres>
				<longres Sync="TRUE">0.000000</longres>
			</geograph>
			<geodetic>
				<horizdn Sync="TRUE">North American Datum of 1983</horizdn>
				<ellips Sync="TRUE">Geodetic Reference System 80</ellips>
				<semiaxis Sync="TRUE">6378137.000000</semiaxis>
				<denflat Sync="TRUE">298.257222</denflat>
			</geodetic>
		</horizsys>
	</spref>
	<refSysInfo>
		<RefSystem>
			<refSysID>
				<identCode Sync="TRUE">GCS_North_American_1983</identCode>
			</refSysID>
		</RefSystem>
	</refSysInfo>
	<spatRepInfo>
		<VectSpatRep>
			<topLvl>
				<TopoLevCd Sync="TRUE" value="001">
				</TopoLevCd>
			</topLvl>
			<geometObjs Name="atl_prs"><geoObjTyp><GeoObjTypCd Sync="TRUE" value="004"></GeoObjTypCd></geoObjTyp><geoObjCnt Sync="TRUE">83832</geoObjCnt></geometObjs></VectSpatRep>
	</spatRepInfo>
	<eainfo>
		<detailed Name="atl_prs">
			<enttyp>
				<enttypl Sync="TRUE">atl_prs</enttypl>
				<enttypt Sync="TRUE">Feature Class</enttypt>
				<enttypc Sync="TRUE">83832</enttypc>
			</enttyp>
			<attr>
				<attrlabl Sync="TRUE">FID</attrlabl>
				<attalias Sync="TRUE">FID</attalias>
				<attrtype Sync="TRUE">OID</attrtype>
				<attwidth Sync="TRUE">4</attwidth>
				<atprecis Sync="TRUE">0</atprecis>
				<attscale Sync="TRUE">0</attscale>
				<attrdef Sync="TRUE">Internal feature number.</attrdef>
				<attrdefs Sync="TRUE">ESRI</attrdefs>
				<attrdomv>
					<udom Sync="TRUE">Sequential unique whole numbers that are automatically generated.</udom>
				</attrdomv>
			</attr>
			<attr>
				<attrlabl Sync="TRUE">Shape</attrlabl>
				<attalias Sync="TRUE">Shape</attalias>
				<attrtype Sync="TRUE">Geometry</attrtype>
				<attwidth Sync="TRUE">0</attwidth>
				<atprecis Sync="TRUE">0</atprecis>
				<attscale Sync="TRUE">0</attscale>
				<attrdef Sync="TRUE">Feature geometry.</attrdef>
				<attrdefs Sync="TRUE">ESRI</attrdefs>
				<attrdomv>
					<udom Sync="TRUE">Coordinates defining the features.</udom>
				</attrdomv>
			</attr>
			<attr>
				<attrlabl Sync="TRUE">LATITUDE</attrlabl>
				<attalias Sync="TRUE">LATITUDE</attalias>
				<attrtype Sync="TRUE">Number</attrtype>
				<attwidth Sync="TRUE">9</attwidth>
				<atnumdec Sync="TRUE">5</atnumdec>
				<attrdef>Latitude coordinate of sample location</attrdef>
				<attrdomv>
					<rdom>
						<attrunit>decimal degrees</attrunit>
					</rdom>
				</attrdomv>
				<attrdefs>source data</attrdefs>
			</attr>
			<attr>
				<attrlabl Sync="TRUE">LONGITUDE</attrlabl>
				<attalias Sync="TRUE">LONGITUDE</attalias>
				<attrtype Sync="TRUE">Number</attrtype>
				<attwidth Sync="TRUE">9</attwidth>
				<atnumdec Sync="TRUE">5</atnumdec>
				<attrdef>Longitude coordinate of sample location</attrdef>
				<attrdomv>
					<rdom>
						<attrunit>decimal degrees</attrunit>
					</rdom>
				</attrdomv>
				<attrdefs>source data</attrdefs>
			</attr>
			<attr>
				<attrlabl Sync="TRUE">WATERDEPTH</attrlabl>
				<attalias Sync="TRUE">WATERDEPTH</attalias>
				<attrtype Sync="TRUE">Number</attrtype>
				<attwidth Sync="TRUE">4</attwidth>
				<attrdef>measured water depth for site (usually uncorrected)</attrdef>
				<attrdefs>source data</attrdefs>
				<attrdomv>
					<rdom>
						<attrunit>meters</attrunit>
					</rdom>
				</attrdomv>
			</attr>
			<attr>
				<attrlabl Sync="TRUE">SAMPLETOP</attrlabl>
				<attalias Sync="TRUE">SAMPLETOP</attalias>
				<attrtype Sync="TRUE">Number</attrtype>
				<attwidth Sync="TRUE">6</attwidth>
				<atnumdec Sync="TRUE">2</atnumdec>
				<attrdef>measured subbottom depth information for each point sample</attrdef>
				<attrdomv>
					<rdom>
						<attrunit>meters</attrunit>
					</rdom>
				</attrdomv>
			</attr>
			<attr>
				<attrlabl Sync="TRUE">SAMPLEBASE</attrlabl>
				<attalias Sync="TRUE">SAMPLEBASE</attalias>
				<attrtype Sync="TRUE">Number</attrtype>
				<attwidth Sync="TRUE">6</attwidth>
				<atnumdec Sync="TRUE">2</atnumdec>
				<attrdef>measured subbottom depth information for each point sample</attrdef>
				<attrdomv>
					<rdom>
						<attrunit>meters</attrunit>
					</rdom>
				</attrdomv>
			</attr>
			<attr>
				<attrlabl Sync="TRUE">SITENAME</attrlabl>
				<attalias Sync="TRUE">SITENAME</attalias>
				<attrtype Sync="TRUE">String</attrtype>
				<attwidth Sync="TRUE">40</attwidth>
				<attrdef>Survey or laboratory code for site (non-unique)</attrdef>
			</attr>
			<attr>
				<attrlabl Sync="TRUE">DATASETKEY</attrlabl>
				<attalias Sync="TRUE">DATASETKEY</attalias>
				<attrtype Sync="TRUE">Number</attrtype>
				<attwidth Sync="TRUE">3</attwidth>
				<attrdef>Unique sequential numeric key to SRC file</attrdef>
				<attrdefs>dbSEABED processing software</attrdefs>
			</attr>
			<attr>
				<attrlabl Sync="TRUE">SITEKEY</attrlabl>
				<attalias Sync="TRUE">SITEKEY</attalias>
				<attrtype Sync="TRUE">Number</attrtype>
				<attwidth Sync="TRUE">6</attwidth>
				<attrdef>Unique sequential numeric key to SRC file</attrdef>
				<attrdefs>dbSEABED processing software</attrdefs>
			</attr>
			<attr>
				<attrlabl Sync="TRUE">SAMPLEKEY</attrlabl>
				<attalias Sync="TRUE">SAMPLEKEY</attalias>
				<attrtype Sync="TRUE">Number</attrtype>
				<attwidth Sync="TRUE">6</attwidth>
				<attrdef>Unique sequential numeric key to SRC file</attrdef>
				<attrdefs>dbSEABED processing software</attrdefs>
			</attr>
			<attr>
				<attrlabl Sync="TRUE">SAMPLER</attrlabl>
				<attalias Sync="TRUE">SAMPLER</attalias>
				<attrtype Sync="TRUE">String</attrtype>
				<attwidth Sync="TRUE">31</attwidth>
				<attrdef>Equipment used to collect samples</attrdef>
				<attrdefs>Original data source</attrdefs>
			</attr>
			<attr>
				<attrlabl Sync="TRUE">DATATYPES</attrlabl>
				<attalias Sync="TRUE">DATATYPES</attalias>
				<attrtype Sync="TRUE">String</attrtype>
				<attwidth Sync="TRUE">17</attwidth>
				<attrdef>Type of data that were used to derive values held in characterization</attrdef>
				<attrdomv>
					<edom>
						<edomv>ACU</edomv>
						<edomvd>Acoustic Properties</edomvd>
						<edomvds>dbSEABED Data Entry Template</edomvds>
					</edom>
					<edom>
						<edomv>CMP</edomv>
						<edomvd>Sediment Composition</edomvd>
						<edomvds>dbSEABED Data Entry Template</edomvds>
					</edom>
					<edom>
						<edomv>COL</edomv>
						<edomvd>Color</edomvd>
						<edomvds>dbSEABED Data Entry Template</edomvds>
					</edom>
					<edom>
						<edomv>GTC</edomv>
						<edomvd>Geotechnical Properties</edomvd>
						<edomvds>dbSEABED Data Entry Template</edomvds>
					</edom>
					<edom>
						<edomv>GRZ</edomv>
						<edomvd>Grain Size</edomvd>
						<edomvds>dbSEABED Data Entry Template</edomvds>
					</edom>
					<edom>
						<edomv>TXR</edomv>
						<edomvd>Texture</edomvd>
						<edomvds>dbSEABED Data Entry Template</edomvds>
					</edom>
					<edom>
						<edomv>TXG</edomv>
						<edomvd>Texture (Graphic)</edomvd>
						<edomvds>dbSEABED Data Entry Template</edomvds>
					</edom>
					<edom>
						<edomv>LTH</edomv>
						<edomvd>Lithology</edomvd>
						<edomvds>dbSEABED Data Entry Template</edomvds>
					</edom>
				</attrdomv>
			</attr>
			<attr>
				<attrlabl Sync="TRUE">GRAVEL</attrlabl>
				<attalias Sync="TRUE">GRAVEL</attalias>
				<attrtype Sync="TRUE">Number</attrtype>
				<attwidth Sync="TRUE">3</attwidth>
				<attrdef>Gravel grainsize fraction</attrdef>
				<attrdomv>
					<rdom>
						<rdommin>0</rdommin>
						<rdommax>100</rdommax>
						<attrunit>percent</attrunit>
						<attrmres>1</attrmres>
					</rdom>
				</attrdomv>
				<attrdefs>Original data source</attrdefs>
			</attr>
			<attr>
				<attrlabl Sync="TRUE">SAND</attrlabl>
				<attalias Sync="TRUE">SAND</attalias>
				<attrtype Sync="TRUE">Number</attrtype>
				<attwidth Sync="TRUE">3</attwidth>
				<attrdef>Sand grainsize fraction</attrdef>
				<attrdomv>
					<rdom>
						<rdommin>0</rdommin>
						<rdommax>100</rdommax>
						<attrunit>percent</attrunit>
						<attrmres>1</attrmres>
					</rdom>
				</attrdomv>
				<attrdefs>Original data source</attrdefs>
			</attr>
			<attr>
				<attrlabl Sync="TRUE">MUD</attrlabl>
				<attalias Sync="TRUE">MUD</attalias>
				<attrtype Sync="TRUE">Number</attrtype>
				<attwidth Sync="TRUE">3</attwidth>
				<attrdef>Mud grainsize fraction</attrdef>
				<attrdomv>
					<rdom>
						<rdommin>0</rdommin>
						<rdommax>100</rdommax>
						<attrunit>percent</attrunit>
						<attrmres>1</attrmres>
					</rdom>
				</attrdomv>
				<attrdefs>Original data source</attrdefs>
			</attr>
			<attr>
				<attrlabl Sync="TRUE">CLAY</attrlabl>
				<attalias Sync="TRUE">CLAY</attalias>
				<attrtype Sync="TRUE">Number</attrtype>
				<attwidth Sync="TRUE">3</attwidth>
				<attrdef>Clay grainsize fraction</attrdef>
				<attrdomv>
					<rdom>
						<rdommin>0</rdommin>
						<rdommax>100</rdommax>
						<attrunit>percent</attrunit>
						<attrmres>1</attrmres>
					</rdom>
				</attrdomv>
				<attrdefs>Original data source</attrdefs>
			</attr>
			<attr>
				<attrlabl Sync="TRUE">GRAINSIZE</attrlabl>
				<attalias Sync="TRUE">GRAINSIZE</attalias>
				<attrtype Sync="TRUE">Number</attrtype>
				<attwidth Sync="TRUE">4</attwidth>
				<atnumdec Sync="TRUE">1</atnumdec>
				<attrdef>Phi characteristic grainsize</attrdef>
				<attrdomv>
					<rdom>
						<rdommin>-7.3</rdommin>
						<rdommax>12</rdommax>
						<attrunit>phi</attrunit>
						<attrmres>0.1</attrmres>
					</rdom>
				</attrdomv>
			</attr>
			<attr>
				<attrlabl Sync="TRUE">SORTING</attrlabl>
				<attalias Sync="TRUE">SORTING</attalias>
				<attrtype Sync="TRUE">Number</attrtype>
				<attwidth Sync="TRUE">3</attwidth>
				<atnumdec Sync="TRUE">1</atnumdec>
				<attrdef>Phi grainsize dispersion; standard deviation sorting only</attrdef>
				<attrdomv>
					<rdom>
						<rdommin>0</rdommin>
						<rdommax>6</rdommax>
						<attrunit>phi</attrunit>
						<attrmres>0.1</attrmres>
					</rdom>
				</attrdomv>
			</attr>
			<attr>
				<attrlabl Sync="TRUE">SEABEDCLS</attrlabl>
				<attalias Sync="TRUE">SEABEDCLS</attalias>
				<attrtype Sync="TRUE">String</attrtype>
				<attwidth Sync="TRUE">16</attwidth>
				<attrdef>Seabed class; (Facies) with the maximum Fuzzy Membership value &gt; 30%</attrdef>
				<attrdefs>dbSEABED processing software</attrdefs>
			</attr>
			<attr>
				<attrlabl Sync="TRUE">CLSMSHP</attrlabl>
				<attalias Sync="TRUE">CLSMSHP</attalias>
				<attrtype Sync="TRUE">Number</attrtype>
				<attwidth Sync="TRUE">3</attwidth>
				<attrdef>Class membership; fuzzy membership (%) of above Class (Facies)</attrdef>
				<attrdefs>dbSEABED processing software</attrdefs>
			</attr>
			<attr>
				<attrlabl Sync="TRUE">FOLKCODE</attrlabl>
				<attalias Sync="TRUE">FOLKCODE</attalias>
				<attrtype Sync="TRUE">String</attrtype>
				<attwidth Sync="TRUE">7</attwidth>
				<attrdef>Grainsize classification</attrdef>
				<attrdefs>Folk, Andrews, and Lewis, 1970</attrdefs>
				<attrdomv>
					<edom>
						<edomv>(g)M</edomv>
						<edomvd>slightly gravelly mud</edomvd>
						<edomvds>dbSEABED software, version MNEt</edomvds>
					</edom>
					<edom>
						<edomv>(g)mS</edomv>
						<edomvd>slightly gravelly muddy sand</edomvd>
						<edomvds>dbSEABED software, version MNEt</edomvds>
					</edom>
					<edom>
						<edomv>(g)sM</edomv>
						<edomvd>slightly gravelly sandy mud</edomvd>
						<edomvds>dbSEABED software, version MNEt</edomvds>
					</edom>
					<edom>
						<edomv>(g)S</edomv>
						<edomvd>slightly gravelly sand</edomvd>
						<edomvds>dbSEABED software, version MNEt</edomvds>
					</edom>
					<edom>
						<edomv>G</edomv>
						<edomvd>gravel</edomvd>
						<edomvds>dbSEABED software, version MNEt</edomvds>
					</edom>
					<edom>
						<edomv>gM</edomv>
						<edomvd>gravelly mud</edomvd>
						<edomvds>dbSEABED software, version MNEt</edomvds>
					</edom>
					<edom>
						<edomv>gmS</edomv>
						<edomvd>gravelly muddy sand</edomvd>
						<edomvds>dbSEABED software, version MNEt</edomvds>
					</edom>
					<edom>
						<edomv>gS</edomv>
						<edomvd>gravelly sand</edomvd>
						<edomvds>dbSEABED software, version MNEt</edomvds>
					</edom>
					<edom>
						<edomv>M</edomv>
						<edomvd>Mud</edomvd>
						<edomvds>dbSEABED software, version MNEt</edomvds>
					</edom>
					<edom>
						<edomv>mG</edomv>
						<edomvd>muddy gravel</edomvd>
						<edomvds>dbSEABED software, version MNEt</edomvds>
					</edom>
					<edom>
						<edomv>mS</edomv>
						<edomvd>muddy sand</edomvd>
						<edomvds>dbSEABED software, version MNEt</edomvds>
					</edom>
					<edom>
						<edomv>msG</edomv>
						<edomvd>muddy sandy gravel</edomvd>
						<edomvds>dbSEABED software, version MNEt</edomvds>
					</edom>
					<edom>
						<edomv>S</edomv>
						<edomvd>sand</edomvd>
						<edomvds>dbSEABED software, version MNEt</edomvds>
					</edom>
					<edom>
						<edomv>sG</edomv>
						<edomvd>sandy gravel</edomvd>
						<edomvds>dbSEABED software, version MNEt</edomvds>
					</edom>
					<edom>
						<edomv>sM</edomv>
						<edomvd>sandy mud</edomvd>
						<edomvds>dbSEABED software, version MNEt</edomvds>
					</edom>
				</attrdomv>
			</attr>
			<attr>
				<attrlabl Sync="TRUE">SHEPARDCOD</attrlabl>
				<attalias Sync="TRUE">SHEPARDCOD</attalias>
				<attrtype Sync="TRUE">String</attrtype>
				<attwidth Sync="TRUE">19</attwidth>
				<attrdomv>
					<edom>
						<edomv>CLAYEY SILT</edomv>
					</edom>
					<edom>
						<edomv>SANDY SILT</edomv>
					</edom>
					<edom>
						<edomv>SAND SILT CLAY</edomv>
					</edom>
					<edom>
						<edomv>SILTY CLAY</edomv>
					</edom>
					<edom>
						<edomv>SAND</edomv>
					</edom>
					<edom>
						<edomv>SILTY SAND</edomv>
					</edom>
					<edom>
						<edomv>SEDIMENT</edomv>
					</edom>
					<edom>
						<edomv>CLAYEY SAND</edomv>
					</edom>
					<edom>
						<edomv>CLAY</edomv>
					</edom>
					<edom>
						<edomv>SANDY CLAY</edomv>
					</edom>
					<edom>
						<edomv>SILT</edomv>
					</edom>
					<edom>
						<edomv>GRAVELLY SEDIMENT</edomv>
					</edom>
					<edom>
						<edomv>GRAVEL</edomv>
					</edom>
				</attrdomv>
				<attrdef>Shepard code; grain size classification</attrdef>
			</attr>
			<attr>
				<attrlabl Sync="TRUE">ROCKMSHP</attrlabl>
				<attalias Sync="TRUE">ROCKMSHP</attalias>
				<attrtype Sync="TRUE">Number</attrtype>
				<attwidth Sync="TRUE">3</attwidth>
				<attrdef>Rock membership; fuzzy membership (%) reflecting percent exposure of rock</attrdef>
				<attrdomv>
					<edom>
						<edomv>-99</edomv>
						<edomvd>no data</edomvd>
					</edom>
				</attrdomv>
				<attrdefs>dbSEABED processing software</attrdefs>
			</attr>
			<attr>
				<attrlabl Sync="TRUE">WEEDMSHP</attrlabl>
				<attalias Sync="TRUE">WEEDMSHP</attalias>
				<attrtype Sync="TRUE">Number</attrtype>
				<attwidth Sync="TRUE">3</attwidth>
				<attrdef>Weed membership; fuzzy membership (%) reflecting percent abundance of seaweed and seagrass</attrdef>
				<attrdomv>
					<edom>
						<edomv>-99</edomv>
						<edomvd>no data</edomvd>
					</edom>
				</attrdomv>
				<attrdefs>dbSEABED processing software</attrdefs>
			</attr>
			<attr>
				<attrlabl Sync="TRUE">CARBONATE</attrlabl>
				<attalias Sync="TRUE">CARBONATE</attalias>
				<attrtype Sync="TRUE">Number</attrtype>
				<attwidth Sync="TRUE">3</attwidth>
				<attrdef>Carbonate, including finest to coarsest sampled fractions</attrdef>
			</attr>
			<attr>
				<attrlabl Sync="TRUE">MUNSLCODE</attrlabl>
				<attalias Sync="TRUE">MUNSLCODE</attalias>
				<attrtype Sync="TRUE">String</attrtype>
				<attwidth Sync="TRUE">9</attwidth>
				<attrdef>Munsell color code</attrdef>
				<attrdefs>GSA Rock-Color Chart, 1991</attrdefs>
				<attrdomv>
					<udom>non-unique code based on HVC (Hue, Value, Chroma)</udom>
				</attrdomv>
			</attr>
			<attr>
				<attrlabl Sync="TRUE">ORGCARBON</attrlabl>
				<attalias Sync="TRUE">ORGCARBON</attalias>
				<attrtype Sync="TRUE">Number</attrtype>
				<attwidth Sync="TRUE">3</attwidth>
				<atnumdec Sync="TRUE">1</atnumdec>
				<attrdef>organic carbon in the sample</attrdef>
				<attrdomv>
					<rdom>
						<rdommin>0</rdommin>
						<rdommax>100</rdommax>
						<attrunit>percent</attrunit>
					</rdom>
				</attrdomv>
			</attr>
			<attr>
				<attrlabl Sync="TRUE">LGSHEARSTR</attrlabl>
				<attalias Sync="TRUE">LGSHEARSTR</attalias>
				<attrtype Sync="TRUE">Number</attrtype>
				<attwidth Sync="TRUE">5</attwidth>
				<atnumdec Sync="TRUE">2</atnumdec>
				<attrdef>Undrained compressive shear strength, Log10 of KiloPascals</attrdef>
				<attrdomv>
					<edom>
						<edomv>-99</edomv>
						<edomvd>no data</edomvd>
						<edomvds>dbSEABED software, version MNEt</edomvds>
					</edom>
				</attrdomv>
				<attrdefs>dbSEABED processing software</attrdefs>
			</attr>
			<attr>
				<attrlabl Sync="TRUE">POROSITY</attrlabl>
				<attalias Sync="TRUE">POROSITY</attalias>
				<attrtype Sync="TRUE">Number</attrtype>
				<attwidth Sync="TRUE">3</attwidth>
				<attrdef>Void volume</attrdef>
				<attrdomv>
					<rdom>
						<attrunit>percent</attrunit>
					</rdom>
				</attrdomv>
				<attrdefs>dbSEABED processing software</attrdefs>
			</attr>
			<attr>
				<attrlabl Sync="TRUE">PWAVEVEL</attrlabl>
				<attalias Sync="TRUE">PWAVEVEL</attalias>
				<attrtype Sync="TRUE">Number</attrtype>
				<attwidth Sync="TRUE">3</attwidth>
				<attrdef>Compressional wave velocity</attrdef>
				<attrdomv>
					<rdom>
						<attrunit>meters/second</attrunit>
					</rdom>
				</attrdomv>
				<attrdefs>dbSEABED processing software</attrdefs>
			</attr>
			<attr>
				<attrlabl Sync="TRUE">ROUGHNESS</attrlabl>
				<attalias Sync="TRUE">ROUGHNESS</attalias>
				<attrtype Sync="TRUE">String</attrtype>
				<attwidth Sync="TRUE">5</attwidth>
				<attrdef>A coded output representing the V:H of the roughness element with greatest aspect ratio</attrdef>
				<attrdomv>
					<rdom>
						<attrunit>values expressed as (rounded) integer log2 of V and H in cm</attrunit>
					</rdom>
				</attrdomv>
				<attrdefs>dbSEABED processing software</attrdefs>
			</attr>
			<attr>
				<attrlabl Sync="TRUE">LGCRSHST</attrlabl>
				<attalias Sync="TRUE">LGCRSHST</attalias>
				<attrtype Sync="TRUE">Number</attrtype>
				<attwidth Sync="TRUE">3</attwidth>
				<attrdef>Log Critical Shear Stress, Log10 of Tau in kPa, being the Shear Stress required to initiate easily observable erosion and transport, whether by traction or suspension</attrdef>
				<attrdomv>
					<rdom>
						<attrunit>kPa</attrunit>
					</rdom>
				</attrdomv>
			</attr>
			<attr>
				<attrlabl Sync="TRUE">SAMPLEPHAS</attrlabl>
				<attalias Sync="TRUE">SAMPLEPHAS</attalias>
				<attrtype Sync="TRUE">String</attrtype>
				<attwidth Sync="TRUE">52</attwidth>
				<attrdef>Sample Phase; records whether the results are for the whole, bulk sediment or just to some special part</attrdef>
				<attrdomv>
					<rdom>
						<attrunit>Output as a word-based description that may involve numerics. This field will need to be selected against when GIS mappings of the bulk sedient characters are being mapped. Only blank entries should be included in such a mapping.</attrunit>
					</rdom>
				</attrdomv>
				<attrdefs>dbSEABED processing software</attrdefs>
			</attr>
		</detailed>
		<overview>
			<eaover>Values of -99 for any field are indications that there was no data available.</eaover>
		</overview>
	</eainfo>
	<mdDateSt Sync="TRUE">20050518</mdDateSt>
	<dataqual>
		<attracc>
			<attraccr>Accuracy of each attribute is dependent on the accuracy of the lineage data.</attraccr>
		</attracc>
		<logic>Data in usSEABED are based on the observations and analyses of others, filtered through a unifying and mining software. Each source report varies in type of information/data recorded and format. Only those observations that are recorded can be filtered and mined; only presence (not absence) or information can be noted.</logic>
		<complete>Additional useable data may exist in this area; the authors appreciate any information and leads.</complete>
		<posacc>
			<horizpa>
				<horizpar>Locational accuracy is dependent on the accuracy of the navigational technique from the individual data sources and may vary widely (e.g., from 0.005km (differential GPS) in more recent surveys to greater than 2 km based on radar, Loran, or dead reckoning in older surveys.) Users of the data should use their own criteria for assessing the accuracy of the locations.</horizpar>
			</horizpa>
			<vertacc>
				<vertaccr>Locational accuracy is dependent on the accuracy of the navigational technique from the individual data sources. Users of the data should use their own criteria for assessing the accuracy of the locations.</vertaccr>
			</vertacc>
		</posacc>
		<lineage>
			<srcinfo>
				<srcscale>See separate listing within this publication (Larger_Work_Citation) for specific sources and associated metadata.</srcscale>
				<typesrc>various hard copy documents and digital files</typesrc>
				<srccontr>point locations, descriptions and analytical data on many different types of sediment and rock materials and benthos</srccontr>
			</srcinfo>
		</lineage>
	</dataqual>
</metadata>
